{
"type": "FeatureCollection",
"name": "roads",
"crs": { "type": "name", "properties": { "name": "urn:ogc:def:crs:EPSG::32653" } },
"features": [
{ "type": "Feature", "properties": { "OBJECTID": 1, "Name": "Compact Road", "ClassID": 100, "Surface": "PAVED", "Width": 9.0, "Shape_Leng": 10700.548046 }, "geometry": { "type": "LineString", "coordinates": [ [ 454661.670824957080185, 836139.046398717910051 ], [ 454650.55832442920655, 836164.446499925106764 ], [ 454636.270823750644922, 836210.48400211147964 ], [ 454617.109722840599716, 836266.24880475923419 ], [ 454590.233221563510597, 836343.834308445453644 ], [ 454506.050317564979196, 836591.708120217546821 ], [ 454458.470415305346251, 836735.947627069428563 ], [ 454406.08281281683594, 836891.522934459149837 ], [ 454375.9202113840729, 836970.898138228803873 ], [ 454337.820209574885666, 837085.19834365695715 ], [ 454304.482607991434634, 837151.873446824029088 ], [ 454260.032505880109966, 837218.548649990931153 ], [ 454185.419902335852385, 837323.323754968121648 ], [ 454086.994697661139071, 837456.673961302265525 ], [ 454050.482095927000046, 837515.411664091050625 ], [ 454026.669494795612991, 837566.211766503751278 ], [ 454012.381994117051363, 837615.424368841573596 ], [ 454001.269493589177728, 837685.27447216026485 ], [ 454001.269493589177728, 837758.299575628712773 ], [ 454012.381994117051363, 837810.687178116291761 ], [ 454021.906994570046663, 837856.724780302494764 ], [ 454048.894595851190388, 837913.874983018264174 ], [ 454088.582197736948729, 837977.375086033716798 ], [ 454153.66980082821101, 838080.562790935859084 ], [ 454204.469903240911663, 838164.70049493201077 ], [ 454245.745005201548338, 838242.488098625093699 ], [ 454269.557506332173944, 838299.638201341032982 ], [ 454296.545107614248991, 838382.188405262306333 ], [ 454312.420108368620276, 838458.388508880510926 ], [ 454323.532608896493912, 838545.701213028281927 ], [ 454328.295109122060239, 838644.126417702063918 ], [ 454321.945108820684254, 838740.964122302830219 ], [ 454310.832608292810619, 838806.051725393161178 ], [ 454294.957607538439333, 838871.139428485184908 ], [ 454275.907506634481251, 838939.402031727135181 ], [ 454252.095005502924323, 838999.727134592831135 ], [ 454221.932404070161283, 839061.639737533405423 ], [ 454182.244902185164392, 839147.364941604435444 ], [ 454133.032299848273396, 839260.07764695957303 ], [ 454098.107198189012706, 839334.690250502899289 ], [ 454055.244596153497696, 839426.765454875305295 ], [ 454015.556994267739356, 839509.315558796748519 ], [ 453982.219492685049772, 839585.515762416645885 ], [ 453966.34439193084836, 839658.540865885093808 ], [ 453961.58189170435071, 839715.691068599000573 ], [ 453961.58189170435071, 839783.953671840950847 ], [ 453966.34439193084836, 839834.7537742536515 ], [ 453980.631992609240115, 839877.616376290097833 ], [ 454001.269493589177728, 839926.828978627920151 ], [ 454021.906994570046663, 839966.516580512747169 ], [ 454044.132095625624061, 840003.02908224798739 ], [ 454067.944596756249666, 840041.129184056073427 ], [ 454091.757197887636721, 840077.641785791143775 ], [ 454113.982198943383992, 840109.391787299886346 ], [ 454129.857299696654081, 840139.554388731718063 ], [ 454140.969800224527717, 840177.654490541666746 ], [ 454150.494800677523017, 840218.929592501372099 ], [ 454156.844800978899002, 840257.029594311490655 ], [ 454153.66980082821101, 840309.417196799069643 ], [ 454148.907300601713359, 840368.154899589717388 ], [ 454142.557300300337374, 840407.842401474714279 ], [ 454139.382300149649382, 840457.055003812536597 ], [ 454133.032299848273396, 840525.317707054316998 ], [ 454123.507199395447969, 840599.930310597643256 ], [ 454117.157199094071984, 840676.130514217540622 ], [ 454112.394698867574334, 840730.10561678186059 ], [ 454110.807198791764677, 840788.843219570815563 ], [ 454118.744699168950319, 840831.705821607261896 ], [ 454140.969800224527717, 840876.155923718586564 ], [ 454164.782301356084645, 840909.49342530220747 ], [ 454194.944902788847685, 840934.893526507541537 ], [ 454231.45750452298671, 840958.706027640029788 ], [ 454263.207506030797958, 840971.406128242611885 ], [ 454301.307607840746641, 840985.693628922104836 ], [ 454348.932710102759302, 840985.693628922104836 ], [ 454393.38281221408397, 840979.343628618866205 ], [ 454436.24541424959898, 840963.468527866527438 ], [ 454469.582915833219886, 840944.418526960536838 ], [ 454493.395516964606941, 840926.956026131287217 ], [ 454520.383018245920539, 840896.7934246994555 ], [ 454550.545619678683579, 840863.455823116004467 ], [ 454571.183120658621192, 840836.468321833759546 ], [ 454594.995721790008247, 840814.243320778012276 ], [ 454628.333223373629153, 840788.843219570815563 ], [ 454660.083324881270528, 840760.268118213862181 ], [ 454688.65842623822391, 840752.330617837607861 ], [ 454726.758428048342466, 840734.86811700835824 ], [ 454769.621030083857477, 840717.40561617910862 ], [ 454804.546131743118167, 840704.705515574663877 ], [ 454852.171234005130827, 840682.480514518916607 ], [ 454890.27133581507951, 840668.193013841286302 ], [ 454923.608837397769094, 840652.317913087084889 ], [ 454968.058939509093761, 840638.030412407591939 ], [ 455001.396541092544794, 840614.217911276966333 ], [ 455029.971642450429499, 840595.167810373008251 ], [ 455061.721643958240747, 840565.005308939144015 ], [ 455091.884245391003788, 840536.430207582190633 ], [ 455117.284246597439051, 840498.33010577224195 ], [ 455139.509347653016448, 840466.580104265362024 ], [ 455155.384348407387733, 840423.717502228915691 ], [ 455169.671849085949361, 840390.379900645464659 ], [ 455187.134449915029109, 840357.042299062013626 ], [ 455203.009350668638945, 840322.117297403514385 ], [ 455226.821851800195873, 840290.367195894941688 ], [ 455256.984453232958913, 840257.029594311490655 ], [ 455295.084555041976273, 840230.042093029245734 ], [ 455341.122157229110599, 840196.704491445794702 ], [ 455372.872158736921847, 840172.891990315169096 ], [ 455401.447260093875229, 840152.254389334470034 ], [ 455445.897362205199897, 840125.266888054087758 ], [ 455488.654064236208797, 840089.600986359640956 ], [ 455528.870866146869957, 840048.325884398072958 ], [ 455548.979267101734877, 840020.809183090925217 ], [ 455569.087568056769669, 839992.234081733971834 ], [ 455586.020968860946596, 839968.950680628418922 ], [ 455607.187669866718352, 839935.083979019895196 ], [ 455628.354370871558785, 839910.74227786436677 ], [ 455648.462771827355027, 839889.575576858595014 ], [ 455672.804472982883453, 839871.583876004442573 ], [ 455697.146174139343202, 839856.767175300046802 ], [ 455725.721275496296585, 839848.300474898889661 ], [ 455755.354676904156804, 839841.950474595651031 ], [ 455792.396378663368523, 839838.775474445894361 ], [ 455825.204780221916735, 839834.542074244469404 ], [ 455863.304882030934095, 839829.250373993068933 ], [ 455911.988284343853593, 839818.667073490098119 ], [ 455937.388385550118983, 839808.083672987297177 ], [ 455959.613386605866253, 839798.558672536164522 ], [ 456008.296788917854428, 839771.041971229016781 ], [ 456049.571890878491104, 839743.52526992186904 ], [ 456076.030292135663331, 839730.825269319117069 ], [ 456103.546993441879749, 839713.891868513077497 ], [ 456133.180394849739969, 839695.900167658925056 ], [ 456162.813796257600188, 839681.083466956391931 ], [ 456196.680597865954041, 839668.383466351777315 ], [ 456235.838999725878239, 839658.858365900814533 ], [ 456280.289101837202907, 839655.683365749195218 ], [ 456322.622503847815096, 839656.741765799000859 ], [ 456370.247606109827757, 839659.916765950620174 ], [ 456409.406007969751954, 839660.975066000595689 ], [ 456436.922709276899695, 839662.033366050571203 ], [ 456472.9061109861359, 839663.091766100376844 ], [ 456505.714512543752789, 839663.091766100376844 ], [ 456533.231213850900531, 839666.26676625199616 ], [ 456567.098015460185707, 839669.44176640175283 ], [ 456608.373017420060933, 839669.44176640175283 ], [ 456663.641520045697689, 839672.867266565561295 ], [ 456712.570522368885577, 839687.030967237427831 ], [ 456760.211824632249773, 839707.63266821578145 ], [ 456814.291227200999856, 839744.9731699898839 ], [ 456900.560731298290193, 839792.614472253248096 ], [ 456971.378934661857784, 839811.928573170676827 ], [ 457020.307836986146867, 839818.366573475301266 ], [ 457061.511238942854106, 839819.654173538088799 ], [ 457107.864941144362092, 839815.79137335345149 ], [ 457154.218743346631527, 839805.490572864189744 ], [ 457192.846845181658864, 839793.902072314172983 ], [ 457227.612146832048893, 839781.026071703061461 ], [ 457277.828749218024313, 839762.999570846557617 ], [ 457328.045251603238285, 839744.9731699898839 ], [ 457379.54945404920727, 839725.659069072455168 ], [ 457445.217257168143988, 839705.057368094101548 ], [ 457507.02226010337472, 839681.88056699372828 ], [ 457566.252062916755676, 839661.27886601537466 ], [ 457621.619065546430647, 839639.389564976096153 ], [ 457736.215770989656448, 839599.473863080143929 ], [ 457816.047274781391025, 839572.434161795303226 ], [ 457884.29027802310884, 839549.257360694929957 ], [ 457966.696981936693192, 839518.354859227314591 ], [ 458020.776284505613148, 839488.739957820624113 ], [ 458064.554886585101485, 839459.125056413933635 ], [ 458118.634189154021442, 839415.346454333513975 ], [ 458161.125191171653569, 839374.143152376636863 ], [ 458206.191293312236667, 839318.776149746030569 ], [ 458253.832695575430989, 839255.683546749874949 ], [ 458309.199598205275834, 839182.290143264457583 ], [ 458327.226099061779678, 839156.538042040541768 ], [ 458350.403000161983073, 839133.361140940338373 ], [ 458378.730301507748663, 839111.471939900889993 ], [ 458403.194702669978142, 839087.007438737899065 ], [ 458431.52200401481241, 839071.556138005107641 ], [ 458463.712105544283986, 839056.104937270283699 ], [ 458510.065907745622098, 839031.640436109155416 ], [ 458544.83120939694345, 839014.901635313406587 ], [ 458587.322111415676773, 838995.587534395977855 ], [ 458624.662613188847899, 838976.273433478549123 ], [ 458652.98991453461349, 838963.397432867437601 ], [ 458686.467616124078631, 838944.083331950008869 ], [ 458719.945417714305222, 838923.481730971485376 ], [ 458746.985018998384476, 838897.729629747569561 ], [ 458767.586719977669418, 838878.415528830140829 ], [ 458779.175120527856052, 838861.676728036254644 ], [ 458803.639621689915657, 838826.91142638400197 ], [ 458815.228122239932418, 838797.296524977311492 ], [ 458821.851522554643452, 838783.258124310523272 ] ] } },
{ "type": "Feature", "properties": { "OBJECTID": 2, "Name": null, "ClassID": 0, "Surface": "GRAVEL", "Width": 8.0, "Shape_Leng": 1270.70774751 }, "geometry": { "type": "LineString", "coordinates": [ [ 454768.688630039803684, 836100.643696893006563 ], [ 454769.62783008441329, 836099.880596857517958 ], [ 454789.736231039278209, 836090.355596404522657 ], [ 454815.136332246474922, 836085.063896153122187 ], [ 454841.594733502715826, 836086.122196204960346 ], [ 454864.878034608438611, 836087.180596254765987 ], [ 454891.429735870100558, 836083.210796065628529 ], [ 454909.328136719763279, 836079.772195901721716 ], [ 454933.371337861754, 836074.472895650193095 ], [ 454957.837239024229348, 836069.230195401236415 ], [ 454979.428640049882233, 836059.569394942373037 ], [ 454993.980740740895271, 836049.647494472563267 ], [ 455006.879141353070736, 836037.079793874174356 ], [ 455017.278341847471893, 836024.738793289288878 ], [ 455037.386742802336812, 836008.863792534917593 ], [ 455054.535843617282808, 835999.327592082321644 ], [ 455076.089144640602171, 835990.589791666716337 ], [ 455097.642445663921535, 835980.104391168802977 ], [ 455116.76194657292217, 835965.471990473568439 ], [ 455133.695247376337647, 835946.421989569440484 ], [ 455151.686948231421411, 835932.663588915020227 ], [ 455172.853749237023294, 835919.963588312268257 ], [ 455194.341150257736444, 835908.454187765717506 ], [ 455222.302151584997773, 835895.056187128648162 ], [ 455243.272952581755817, 835879.328086381778121 ], [ 455260.695453409105539, 835856.463485296815634 ], [ 455264.258953577838838, 835844.632284734398127 ], [ 455262.812153509818017, 835828.946683989837766 ], [ 455265.98715366050601, 835796.138282431289554 ], [ 455268.103753760457039, 835780.263281676918268 ], [ 455278.68715426325798, 835765.446580972522497 ], [ 455292.445554916746914, 835736.871579615399241 ], [ 455294.562155017629266, 835705.121478106826544 ], [ 455297.737155168317258, 835665.963076246902347 ], [ 455300.912155319005251, 835628.921274488791823 ], [ 455305.145555520430207, 835592.937872778624296 ], [ 455309.378855721093714, 835569.654471673071384 ], [ 455315.728856022469699, 835546.371170567348599 ], [ 455321.02055627387017, 835523.087769461795688 ], [ 455334.778956927359104, 835506.154368657618761 ], [ 455352.770657782442868, 835494.512668104842305 ], [ 455369.703958586789668, 835487.10436775162816 ], [ 455395.104059793055058, 835478.63766735047102 ], [ 455416.180960793979466, 835469.507266916334629 ], [ 455447.931062302552164, 835456.807166313752532 ], [ 455462.837563009932637, 835447.945965891703963 ], [ 455479.770863814279437, 835436.304265338927507 ], [ 455504.112664970569313, 835428.895864987745881 ], [ 455527.395966076292098, 835422.545864686369896 ], [ 455554.164067347534001, 835405.236863864585757 ], [ 455562.321067735552788, 835387.620863027870655 ], [ 455583.487768740393221, 835344.229060966521502 ], [ 455591.954469142481685, 835319.88735980913043 ] ] } },
{ "type": "Feature", "properties": { "OBJECTID": 3, "Name": null, "ClassID": 0, "Surface": "DIRT", "Width": 6.0, "Shape_Leng": 101.759423614 }, "geometry": { "type": "LineString", "coordinates": [ [ 454724.297727931290865, 836139.398098735138774 ], [ 454758.046229534782469, 836128.887498235329986 ], [ 454772.370830214582384, 836115.01039757579565 ], [ 454789.60523103363812, 836100.685796895995736 ], [ 454798.771831468679011, 836093.066796533763409 ], [ 454808.892031949013472, 836086.364796215668321 ] ] } },
{ "type": "Feature", "properties": { "OBJECTID": 4, "Name": null, "ClassID": 0, "Surface": "DIRT", "Width": 9.0, "Shape_Leng": 341.55074084300003 }, "geometry": { "type": "LineString", "coordinates": [ [ 454486.906516656279564, 836652.67052311450243 ], [ 454465.900015657767653, 836663.521523628383875 ], [ 454448.834314847365022, 836678.205924326553941 ], [ 454430.974913999438286, 836701.224725419655442 ], [ 454411.924913094379008, 836737.340427136048675 ], [ 454395.256112302653491, 836777.028029020875692 ], [ 454380.968611624091864, 836822.66873118840158 ], [ 454373.319511260837317, 836847.103332348167896 ], [ 454367.692210993729532, 836865.079233203083277 ], [ 454361.918510719202459, 836899.265734827145934 ], [ 454364.299810832366347, 836917.522035693749785 ], [ 454369.459211077541113, 836933.793936466798186 ], [ 454385.506711839698255, 836945.67053703032434 ] ] } },
{ "type": "Feature", "properties": { "OBJECTID": 5, "Name": null, "ClassID": 0, "Surface": "DIRT", "Width": 12.0, "Shape_Leng": 126.847737357 }, "geometry": { "type": "LineString", "coordinates": [ [ 454431.44551402144134, 836700.618125390261412 ], [ 454417.878013377077878, 836685.34962466545403 ], [ 454398.8280124720186, 836659.155823422595859 ], [ 454389.73611204046756, 836646.65462282858789 ], [ 454381.762311661615968, 836627.405821913853288 ], [ 454376.206111397594213, 836604.783920839428902 ], [ 454372.760211233980954, 836590.754320172592998 ] ] } },
{ "type": "Feature", "properties": { "OBJECTID": 6, "Name": null, "ClassID": 0, "Surface": "DIRT", "Width": 7.0, "Shape_Leng": 1064.35462087 }, "geometry": { "type": "LineString", "coordinates": [ [ 454289.457007277756929, 837174.411847895011306 ], [ 454265.874606157653034, 837167.156947551295161 ], [ 454250.86820544488728, 837162.540347332134843 ], [ 454232.140104555524886, 837160.0131472107023 ], [ 454223.408904140815139, 837151.678746815770864 ], [ 454197.611902914941311, 837095.719244157895446 ], [ 454184.958202314563096, 837068.270342852920294 ], [ 454154.169400852173567, 837001.482239682227373 ], [ 454132.127399805001915, 836942.128336861729622 ], [ 454098.392998202703893, 836881.803233996033669 ], [ 454073.389797015115619, 836844.100032206624746 ], [ 454013.064694149419665, 836781.393629226833582 ], [ 453973.773992283269763, 836753.215427888557315 ], [ 453930.514490229077637, 836728.609126720577478 ], [ 453901.145688833668828, 836717.893526211380959 ], [ 453874.15818755235523, 836711.543425910174847 ], [ 453845.95898621249944, 836704.908425595611334 ], [ 453828.914285402745008, 836712.734125966206193 ], [ 453820.57988500688225, 836719.084126267582178 ], [ 453817.404884856194258, 836729.799726776778698 ], [ 453818.595584913156927, 836742.10292736068368 ], [ 453822.167385082691908, 836767.502928568050265 ], [ 453824.945585214532912, 836780.203029170632362 ], [ 453825.342485233210027, 836785.759229434654117 ], [ 453818.198684894479811, 836800.046830113977194 ], [ 453809.0704844603315, 836815.128030829131603 ], [ 453797.561083913780749, 836837.750031905248761 ], [ 453782.082983179017901, 836852.037532582879066 ], [ 453759.461082104593515, 836870.293833449482918 ], [ 453735.64848097320646, 836889.740734374150634 ], [ 453718.582880162633955, 836906.806335184723139 ], [ 453701.517179352231324, 836922.681435938924551 ], [ 453676.117178145796061, 836937.365836635231972 ], [ 453657.463977259583771, 836944.112736957147717 ], [ 453626.904575807973742, 836952.447137352079153 ], [ 453616.585775317624211, 836958.003337616100907 ] ] } },
{ "type": "Feature", "properties": { "OBJECTID": 7, "Name": null, "ClassID": 0, "Surface": "DIRT", "Width": 11.0, "Shape_Leng": 322.05996765600003 }, "geometry": { "type": "LineString", "coordinates": [ [ 453820.494785003364086, 836755.608628002926707 ], [ 453801.92678412143141, 836770.67792871966958 ], [ 453770.970482651144266, 836791.712429717183113 ], [ 453749.5391816329211, 836800.840530151501298 ], [ 453720.17038023751229, 836807.587430471554399 ], [ 453698.739079220220447, 836816.318730887025595 ], [ 453682.467178447172046, 836827.43123141489923 ], [ 453670.56087788194418, 836838.543731942772865 ], [ 453653.495177070610225, 836853.228132639080286 ], [ 453636.42957626003772, 836862.356333073228598 ], [ 453620.951375525444746, 836869.103133393451571 ], [ 453607.457574884407222, 836875.056333675980568 ], [ 453590.391974073834717, 836885.375034166499972 ], [ 453578.088773488998413, 836898.868834806606174 ], [ 453566.579372942447662, 836915.53763559833169 ], [ 453558.244972546584904, 836929.428336258977652 ] ] } },
{ "type": "Feature", "properties": { "OBJECTID": 8, "Name": null, "ClassID": 0, "Surface": "DIRT", "Width": 7.0, "Shape_Leng": 1510.9918248700001 }, "geometry": { "type": "LineString", "coordinates": [ [ 453819.861884973011911, 836721.50742638297379 ], [ 453802.588184152729809, 836732.048726884648204 ], [ 453788.829883499071002, 836739.986227260902524 ], [ 453770.308982619084418, 836747.923727637156844 ], [ 453756.02148194052279, 836748.45292766392231 ], [ 453729.033880659379065, 836744.748727487400174 ], [ 453704.162979478016496, 836741.573727335780859 ], [ 453681.408778396435082, 836741.573727335780859 ], [ 453667.650477743707597, 836747.923727637156844 ], [ 453660.771277416497469, 836758.507128139957786 ], [ 453652.833777039311826, 836774.911328919231892 ], [ 453642.250376536510885, 836787.082129497081041 ], [ 453625.846175758168101, 836795.019729875028133 ], [ 453605.73777480237186, 836799.782230101525784 ], [ 453582.983573721721768, 836797.665529999881983 ], [ 453569.225273068062961, 836790.786329673603177 ], [ 453545.941871962510049, 836776.498828995972872 ], [ 453530.595971233211458, 836761.682128291577101 ], [ 453511.545970329083502, 836738.92792721092701 ], [ 453497.258469650521874, 836717.232026180252433 ], [ 453477.150068694725633, 836692.890325024724007 ], [ 453460.216667890548706, 836668.548623867332935 ], [ 453426.8791663069278, 836642.090222612023354 ], [ 453400.94986507575959, 836621.981821656227112 ], [ 453370.787363642826676, 836595.523420399054885 ], [ 453341.6831622608006, 836571.181719243526459 ], [ 453309.933060753159225, 836541.548317836597562 ], [ 453290.883059848099947, 836522.498316930606961 ], [ 453273.420459018088877, 836504.50661607645452 ], [ 453244.845457660965621, 836474.344014642760158 ], [ 453225.266256731003523, 836445.239813260734081 ], [ 453210.978656052611768, 836416.135611878708005 ], [ 453196.16195534914732, 836393.910510823130608 ], [ 453176.053654394112527, 836366.393809515982866 ], [ 453158.061953539028764, 836339.935408258810639 ], [ 453135.836852483451366, 836315.064507078379393 ], [ 453117.315951603464782, 836289.664505871012807 ], [ 453101.440950850024819, 836268.497804867103696 ], [ 453076.570149668492377, 836233.572703206911683 ], [ 453051.699248487129807, 836197.589301498606801 ], [ 453027.886747356504202, 836162.13509981520474 ], [ 453003.545046200044453, 836127.739198179915547 ], [ 452982.378345194272697, 836100.222396872937679 ], [ 452972.324144717305899, 836084.87659614533186 ], [ 452966.503244441002607, 836077.997395819053054 ], [ 452955.390743913128972, 836074.293195642530918 ], [ 452926.815742556005716, 836070.059895440936089 ], [ 452900.886441323906183, 836065.297395214438438 ], [ 452881.836440418846905, 836063.709895139560103 ], [ 452867.019739715382457, 836063.180695114657283 ], [ 452839.503038408234715, 836058.418194888159633 ], [ 452818.336337403394282, 836052.068194586783648 ], [ 452788.702935995534062, 836049.951494487002492 ], [ 452774.415435316972435, 836042.013994108885527 ], [ 452758.011234537698328, 836019.259793028235435 ], [ 452736.844433532096446, 836000.209692124277353 ], [ 452716.736132577061653, 835979.042991118505597 ], [ 452714.619432477280498, 835977.984691068530083 ] ] } },
{ "type": "Feature", "properties": { "OBJECTID": 9, "Name": null, "ClassID": 0, "Surface": "DIRT", "Width": 9.0, "Shape_Leng": 157.51830195900001 }, "geometry": { "type": "LineString", "coordinates": [ [ 454233.712704629637301, 837160.225347220897675 ], [ 454204.755703254602849, 837208.299749504774809 ], [ 454192.849402689374983, 837237.668450899422169 ], [ 454186.499402387067676, 837264.655952181667089 ], [ 454181.736902161501348, 837282.912253048270941 ], [ 454175.38690185919404, 837305.137254104018211 ] ] } },
{ "type": "Feature", "properties": { "OBJECTID": 10, "Name": null, "ClassID": 0, "Surface": "GRAVEL", "Width": 8.0, "Shape_Leng": 3360.8231979500001 }, "geometry": { "type": "LineString", "coordinates": [ [ 453832.558885576203465, 839722.178168907761574 ], [ 453849.948786402121186, 839771.323471242561936 ], [ 453857.886286779306829, 839801.486072674393654 ], [ 453854.711286628618836, 839834.029874220490456 ], [ 453848.361286326311529, 839857.842375351116061 ], [ 453839.629985911771655, 839886.417476708069444 ], [ 453828.51748538389802, 839903.08627749979496 ], [ 453806.292384328320622, 839911.817577915266156 ], [ 453773.748582783155143, 839922.930078443139791 ], [ 453760.25478214211762, 839934.836379008367658 ], [ 453756.2860819529742, 839950.711379762738943 ], [ 453765.017282367683947, 839961.823880290612578 ], [ 453791.211083612404764, 839965.792680477723479 ], [ 453815.023684742860496, 839968.967680629342794 ], [ 453838.04248583689332, 839981.667681232094765 ], [ 453850.74248643964529, 840001.511482175439596 ], [ 453865.029987118206918, 840022.942783193662763 ], [ 453870.586287382058799, 840044.374084211885929 ], [ 453868.998787307180464, 840070.567885454744101 ], [ 453860.267486892640591, 840119.780487792566419 ], [ 453852.329986515454948, 840155.49928948841989 ], [ 453844.392486138269305, 840199.949391599744558 ], [ 453833.27998561039567, 840242.811993636190891 ], [ 453819.786184969358146, 840286.468295710161328 ], [ 453806.292384328320622, 840315.837097104638815 ], [ 453790.41738357488066, 840334.093397971242666 ], [ 453762.636082255281508, 840356.318399026989937 ], [ 453738.029781086370349, 840387.27480049803853 ], [ 453715.804680030792952, 840429.343602495267987 ], [ 453695.960879088379443, 840476.96870475821197 ], [ 453676.910878183320165, 840502.368705963715911 ], [ 453657.067077240906656, 840532.531307397410274 ], [ 453627.698275845497847, 840570.631409207358956 ], [ 453608.648274941369891, 840593.650210300460458 ], [ 453598.32947445102036, 840597.618910489603877 ], [ 453572.135673206299543, 840606.350210903212428 ], [ 453551.49817222636193, 840612.700211204588413 ], [ 453522.923070869408548, 840621.431511620059609 ], [ 453514.191770454868674, 840626.987711884081364 ], [ 453507.841770152561367, 840637.306512374430895 ], [ 453494.347969511523843, 840656.35651327855885 ], [ 453476.885468682274222, 840674.612814145162702 ], [ 453449.897967400960624, 840694.456615088507533 ], [ 453429.260366420261562, 840708.744215765967965 ], [ 453398.304064949974418, 840734.938017010688782 ], [ 453353.060262801125646, 840769.069318631663918 ], [ 453313.372660916298628, 840799.231820065528154 ], [ 453275.272559106349945, 840827.806921422481537 ], [ 453218.122456392273307, 840871.463223496451974 ], [ 453189.547355034388602, 840893.688324552029371 ], [ 453152.241053262725472, 840923.850825984030962 ], [ 453123.666051905602217, 840946.869627077132463 ], [ 453087.947150208987296, 840965.125927943736315 ], [ 453042.70344805996865, 840981.0009286981076 ], [ 453013.334646665491164, 840989.732229113578796 ], [ 452961.740744214504957, 841006.401029905304313 ], [ 452916.496942065656185, 841021.482330620288849 ], [ 452886.334340632893145, 841023.863530734553933 ], [ 452868.078039765357971, 841023.069830697029829 ], [ 452827.596737843006849, 841014.338530281558633 ], [ 452790.29043607134372, 841007.194729942828417 ], [ 452774.415435316972435, 841004.019729791209102 ], [ 452760.12783463858068, 840997.669729489833117 ], [ 452742.665333809331059, 840984.969728887081146 ], [ 452725.996533017605543, 840968.30092809535563 ], [ 452714.884032489731908, 840952.425927340984344 ], [ 452702.977731923572719, 840927.025826133787632 ], [ 452687.89643120765686, 840905.594525117427111 ], [ 452671.227630415931344, 840880.988223947584629 ], [ 452657.733929774723947, 840865.113223193213344 ], [ 452632.333828568458557, 840846.856922326609492 ], [ 452596.615026871673763, 840839.713221987709403 ], [ 452564.071225326508284, 840841.300722062587738 ], [ 452521.208623290061951, 840842.888222137466073 ], [ 452490.252321819774806, 840844.475722214207053 ], [ 452456.12102019879967, 840842.888222137466073 ], [ 452437.070919293910265, 840838.919421950355172 ], [ 452410.083418012596667, 840826.219421345740557 ], [ 452386.270816881209612, 840811.138120630756021 ], [ 452364.045815825462341, 840807.169320441782475 ], [ 452333.883214392699301, 840805.58182036690414 ], [ 452305.308213035576046, 840808.756920516490936 ], [ 452284.670612055808306, 840819.869421044364572 ], [ 452266.414311188273132, 840844.475722214207053 ], [ 452229.108009416610003, 840891.30702443793416 ], [ 452199.739208021201193, 840928.613326210528612 ], [ 452184.657907305285335, 840949.250927191227674 ], [ 452169.576606588438153, 840970.682228207588196 ], [ 452154.495405872352421, 840981.794728735461831 ], [ 452129.889104703441262, 840992.907229263335466 ], [ 452090.995202856138349, 841004.813529828563333 ], [ 452044.163900631479919, 841020.688530582934618 ], [ 452007.651298897340894, 841032.594831148162484 ], [ 451646.494281743653119, 841146.895036578178406 ] ] } },
{ "type": "Feature", "properties": { "OBJECTID": 11, "Name": null, "ClassID": 0, "Surface": "PAVED", "Width": 9.0, "Shape_Leng": 30.750395782199998 }, "geometry": { "type": "LineString", "coordinates": [ [ 454660.68622491043061, 836141.296998824924231 ], [ 454690.252726314589381, 836145.38899901881814 ], [ 454691.154226357117295, 836145.421099020168185 ] ] } },
{ "type": "Feature", "properties": { "OBJECTID": 12, "Name": null, "ClassID": 0, "Surface": "PAVED", "Width": 9.0, "Shape_Leng": 93.438331487499994 }, "geometry": { "type": "LineString", "coordinates": [ [ 454691.154226357117295, 836145.421099020168185 ], [ 454704.55252699367702, 836145.897999042645097 ], [ 454721.115427779965103, 836141.645398842170835 ], [ 454734.702828425914049, 836131.630698366090655 ], [ 454752.69452928006649, 836113.638997511938214 ], [ 454768.688630039803684, 836100.643696893006563 ] ] } },
{ "type": "Feature", "properties": { "OBJECTID": 15, "Name": null, "ClassID": 0, "Surface": "DIRT", "Width": 5.0, "Shape_Leng": 465.22702738200002 }, "geometry": { "type": "LineString", "coordinates": [ [ 459117.165936581790447, 851929.389448719099164 ], [ 459128.875937137752771, 851935.244448997080326 ], [ 459142.53763778693974, 851943.538949390873313 ], [ 459151.320038204081357, 851949.881849693134427 ], [ 459157.662938505411148, 851955.248949946835637 ], [ 459167.909238991327584, 851963.055650318041444 ], [ 459176.6916394084692, 851970.862250689417124 ], [ 459182.058739664033055, 851975.741450920701027 ], [ 459185.474139826372266, 851976.717250967398286 ], [ 459187.913739942014217, 851976.229350943118334 ], [ 459191.329140104353428, 851978.180951036512852 ], [ 459198.159940428100526, 851982.572251245379448 ], [ 459199.623740497976542, 851985.987651407718658 ], [ 459204.990740752778947, 851988.915151545777917 ], [ 459209.382040961645544, 851990.866751639172435 ], [ 459214.749041216447949, 851996.721751917153597 ], [ 459217.67654135543853, 852003.552552241832018 ], [ 459216.212841286323965, 852008.431752473115921 ], [ 459213.77324116975069, 852016.726352866739035 ], [ 459212.797441123984754, 852023.069253169000149 ], [ 459212.309541100636125, 852026.972553353756666 ], [ 459210.35784100741148, 852032.339653609320521 ], [ 459209.382040961645544, 852035.755053771659732 ], [ 459206.942440846003592, 852046.48915428109467 ], [ 459205.966640799306333, 852059.174954883754253 ], [ 459207.430340868420899, 852066.98165525496006 ], [ 459209.382040961645544, 852073.812455577775836 ], [ 459210.35784100741148, 852080.15535588003695 ], [ 459214.26114119309932, 852086.010356158018112 ], [ 459217.188641332089901, 852091.377356413751841 ], [ 459220.116141471080482, 852094.792756574228406 ], [ 459226.459041772410274, 852102.599456945434213 ], [ 459230.85034198127687, 852106.502757132053375 ], [ 459239.144842375069857, 852113.333557454869151 ], [ 459244.024042607285082, 852118.212757688015699 ], [ 459251.83064297772944, 852122.603957895189524 ], [ 459257.685643255710602, 852126.019358057528734 ], [ 459266.468143672682345, 852129.922758243978024 ], [ 459272.323143950663507, 852131.386458313092589 ], [ 459278.178144229575992, 852131.874358335509896 ], [ 459289.40014476235956, 852133.826058428734541 ], [ 459299.158445226028562, 852136.753558568656445 ], [ 459303.061845410615206, 852140.656858753412962 ], [ 459308.916745688766241, 852144.560158938169479 ], [ 459316.235546036623418, 852148.951459147036076 ], [ 459324.042146407999098, 852151.878959286957979 ], [ 459333.312546848319471, 852157.245959540829062 ], [ 459340.631247195415199, 852161.637259749695659 ], [ 459343.55874733440578, 852164.564759889617562 ], [ 459346.486247473396361, 852170.419660167768598 ], [ 459348.925847589038312, 852175.298860399052501 ], [ 459351.365447705611587, 852181.64176069945097 ], [ 459352.829147774726152, 852187.984661001712084 ], [ 459355.268747890368104, 852194.815461326390505 ], [ 459358.196248029358685, 852200.182561580091715 ], [ 459363.075448261573911, 852204.573761789128184 ], [ 459370.394148609600961, 852207.989161951467395 ], [ 459377.712848956696689, 852211.404562113806605 ], [ 459384.54364928137511, 852215.795862322673202 ], [ 459389.422849512659013, 852220.187062531709671 ], [ 459396.741549860686064, 852229.945362994447351 ], [ 459402.596550138667226, 852234.336663203313947 ] ] } },
{ "type": "Feature", "properties": { "OBJECTID": 30, "Name": "Compact Road", "ClassID": 0, "Surface": "GRAVEL", "Width": 9.0, "Shape_Leng": 956.04913861900002 }, "geometry": { "type": "LineString", "coordinates": [ [ 456840.690328454598784, 853287.562613228335977 ], [ 457065.917339152656496, 853283.924613056704402 ], [ 457108.912241194397211, 853283.924613056704402 ], [ 457113.542441414669156, 853280.948012914508581 ], [ 457175.719644367694855, 853276.317812694236636 ], [ 457220.698846504092216, 853273.341212553903461 ], [ 457247.818747792392969, 853271.026112442836165 ], [ 457265.347448624670506, 853269.372512364760041 ], [ 457279.899549315683544, 853267.388112271204591 ], [ 457292.467249913141131, 853266.72661223821342 ], [ 457301.396950337104499, 853266.39591222256422 ], [ 457312.244850852526724, 853265.498712180182338 ], [ 457322.730851350352168, 853267.595912279561162 ], [ 457329.50895167235285, 853270.364712411537766 ], [ 457338.309952090494335, 853271.490712465718389 ], [ 457346.099452460184693, 853273.88751257956028 ], [ 457354.78785287309438, 853277.782312763854861 ], [ 457364.375053328461945, 853280.77821290679276 ], [ 457375.160553840920329, 853284.673013091087341 ], [ 457382.857654206454754, 853290.364113362506032 ], [ 457391.456554614938796, 853293.009913487359881 ], [ 457399.128454979509115, 853298.454613745212555 ], [ 457410.812755534425378, 853304.446514030918479 ], [ 457415.007155733183026, 853306.543714130297303 ], [ 457420.999156017787755, 853310.438514314591885 ], [ 457429.687456430867314, 853314.033714486286044 ], [ 457437.4770568003878, 853317.329314641654491 ], [ 457444.667357142083347, 853320.32521478459239 ], [ 457452.456957511603832, 853323.620814941823483 ], [ 457462.343657981604338, 853326.317215070128441 ], [ 457472.829658479429781, 853330.212015254423022 ], [ 457484.2143590208143, 853333.807215424254537 ], [ 457497.696359660476446, 853336.503615552559495 ], [ 457506.983860101550817, 853337.702015610411763 ], [ 457513.57506041508168, 853337.102815581485629 ], [ 457518.967860670760274, 853337.102815581485629 ], [ 457523.64736089296639, 853335.18771549127996 ], [ 457531.850561282597482, 853331.410415310412645 ], [ 457538.530261600390077, 853327.580915128812194 ], [ 457545.475561929866672, 853322.620014892891049 ], [ 457555.066762385889888, 853314.351714501157403 ], [ 457561.019862668588758, 853306.083514109253883 ], [ 457565.650062888860703, 853297.484513700008392 ], [ 457570.280263108201325, 853288.554813275113702 ], [ 457571.272463155910373, 853277.971512774005532 ], [ 457573.256863249465823, 853268.049612302333117 ], [ 457574.249063297174871, 853257.135511783882976 ], [ 457574.57976331282407, 853246.552111281082034 ], [ 457576.233463390730321, 853232.000010589137673 ], [ 457576.894863422960043, 853220.755210055038333 ], [ 457576.894863422960043, 853211.164009599015117 ], [ 457576.894863422960043, 853202.234309175983071 ], [ 457576.894863422960043, 853192.973908735439181 ], [ 457577.089963431470096, 853184.307508325204253 ], [ 457578.288263488560915, 853174.720407869666815 ], [ 457579.486663545481861, 853163.335707327350974 ], [ 457581.038763619028032, 853154.309606898576021 ], [ 457583.381463730707765, 853147.157306559383869 ], [ 457585.778263844549656, 853139.667406203225255 ], [ 457588.774263986386359, 853132.177405849099159 ], [ 457595.665064314380288, 853125.286605520173907 ], [ 457603.454564684070647, 853116.59830510802567 ], [ 457606.660564836114645, 853110.622204825282097 ], [ 457607.755564888007939, 853109.253504758700728 ] ] } },
{ "type": "Feature", "properties": { "OBJECTID": 31, "Name": "Compact Road", "ClassID": 0, "Surface": "GRAVEL", "Width": 10.0, "Shape_Leng": 3155.1430839700001 }, "geometry": { "type": "LineString", "coordinates": [ [ 457607.755564888007939, 853109.253504758700728 ], [ 457611.952265087515116, 853104.007604509592056 ], [ 457621.212665527127683, 853095.077904086560011 ], [ 457627.7220658371225, 853090.233603855594993 ], [ 457637.608766306191683, 853086.638403685763478 ], [ 457646.596766733564436, 853084.541303586214781 ], [ 457654.386367103084922, 853085.440103627741337 ], [ 457663.374267529696226, 853086.938003700226545 ], [ 457676.556568155996501, 853089.634403826668859 ], [ 457688.020168700255454, 853093.755004024133086 ], [ 457702.0224693659693, 853099.221604282036424 ], [ 457715.801470019854605, 853106.322704620659351 ], [ 457725.392570476047695, 853113.929504981264472 ], [ 457736.306670994497836, 853122.859205406159163 ], [ 457744.244171370752156, 853130.466005766764283 ], [ 457754.152571842074394, 853137.869806118309498 ], [ 457762.541372240521014, 853144.760506445541978 ], [ 457770.630572624504566, 853150.452906716614962 ], [ 457779.61847305111587, 853156.444907000288367 ], [ 457786.209673364646733, 853160.040107171982527 ], [ 457794.298773748800159, 853164.534007385373116 ], [ 457803.775574198924005, 853171.145707698538899 ], [ 457822.461075086146593, 853180.113208124414086 ], [ 457838.639375854283571, 853189.400708565488458 ], [ 457851.522076467052102, 853197.489908950403333 ], [ 457863.506077036261559, 853204.081009263172746 ], [ 457880.583177846856415, 853212.769409677013755 ], [ 457892.567078416235745, 853220.858610060065985 ], [ 457902.333078879863024, 853231.669310573488474 ], [ 457914.570079461671412, 853241.59121104516089 ], [ 457922.507579837925732, 853249.52871142141521 ], [ 457932.760180325247347, 853258.7891118619591 ], [ 457943.674280843697488, 853264.742312144488096 ], [ 457953.265481298789382, 853267.388112271204591 ], [ 457963.848781801760197, 853267.388112271204591 ], [ 457973.439982257783413, 853266.39591222256422 ], [ 457983.361882728524506, 853265.734512191265821 ], [ 457995.929583325982094, 853264.080812113359571 ], [ 458005.190083765424788, 853263.088612066581845 ], [ 458013.78898417390883, 853262.757912050932646 ], [ 458025.03378470800817, 853261.10421197116375 ], [ 458040.578085446730256, 853260.112011924386024 ], [ 458051.161485948599875, 853259.119911877438426 ], [ 458062.736986498348415, 853260.77351195551455 ], [ 458074.643287064507604, 853262.427212035283446 ], [ 458086.40728762280196, 853263.401512080803514 ], [ 458099.889288263395429, 853267.29631226696074 ], [ 458111.873188832774758, 853271.191112451255322 ], [ 458126.853089543990791, 853275.085912635549903 ], [ 458140.634590198285878, 853280.478612892329693 ], [ 458157.412190995179117, 853285.571813134476542 ], [ 458172.392091707326472, 853290.964613391086459 ], [ 458187.072392404079437, 853296.057813631370664 ], [ 458198.157492931000888, 853300.551713844761252 ], [ 458209.841893485747278, 853306.244114115834236 ], [ 458217.930993869900703, 853309.240114258602262 ], [ 458223.623394140042365, 853312.835314428433776 ], [ 458230.214594453573227, 853315.831314571201801 ], [ 458236.206594738177955, 853318.8272147141397 ], [ 458242.198495022952557, 853321.82321485504508 ], [ 458252.984095535241067, 853326.317215070128441 ], [ 458264.069196061231196, 853331.110815297812223 ], [ 458276.65229665953666, 853336.204015538096428 ], [ 458285.041097057983279, 853338.600715652108192 ], [ 458293.130297441966832, 853340.398315738886595 ], [ 458303.016997911036015, 853340.398315738886595 ], [ 458313.203398395329714, 853340.098715724423528 ], [ 458323.689298893325031, 853337.402415595948696 ], [ 458329.980899192392826, 853335.005615482106805 ], [ 458335.972799477167428, 853331.710015324875712 ], [ 458342.2643997753039, 853328.414415169507265 ], [ 458348.8183000870049, 853324.935115003958344 ], [ 458356.425100448541343, 853321.958514861762524 ], [ 458362.037900715135038, 853320.025614770129323 ], [ 458371.924701184034348, 853318.8272147141397 ], [ 458381.212201625108719, 853317.628914656117558 ], [ 458390.799402080476284, 853317.628914656117558 ], [ 458398.588902451097965, 853317.02971462905407 ], [ 458406.378502820618451, 853316.130914585664868 ], [ 458414.168003191240132, 853314.632914515212178 ], [ 458422.856403603218496, 853314.632914515212178 ], [ 458434.540704158134758, 853313.734114471822977 ], [ 458444.427504627965391, 853312.835314428433776 ], [ 458455.512605154886842, 853312.535714413970709 ], [ 458462.589405491016805, 853311.044414343312383 ], [ 458474.164906040765345, 853305.422014076262712 ], [ 458483.425406480208039, 853300.130413824692369 ], [ 458489.04780674725771, 853294.838713575154543 ], [ 458495.662407062016428, 853287.231913212686777 ], [ 458499.300407234579325, 853282.270912976935506 ], [ 458503.148807417601347, 853274.786312621086836 ], [ 458506.444407573901117, 853265.798312194645405 ], [ 458508.560807674191892, 853258.127711830660701 ], [ 458509.883707737550139, 853248.205811358988285 ], [ 458509.140707701444626, 853241.830411056056619 ], [ 458507.94230764452368, 853234.340510699898005 ], [ 458507.043607601895928, 853228.348510416224599 ], [ 458505.545607531443238, 853223.255310174077749 ], [ 458504.047607460059226, 853218.162209931761026 ], [ 458503.448407431133091, 853214.866609776392579 ], [ 458500.752007303759456, 853211.870609633624554 ], [ 458498.055607175454497, 853207.975809449329972 ], [ 458495.097907034680247, 853202.356309181079268 ], [ 458487.576906677335501, 853190.798508632928133 ], [ 458478.902206265367568, 853180.838608158752322 ], [ 458474.082906036637723, 853172.80640777759254 ], [ 458470.870005884207785, 853167.02330750413239 ], [ 458467.657105731777847, 853161.240107228979468 ], [ 458465.408105624839664, 853156.420807000249624 ], [ 458463.801705548539758, 853152.244106801226735 ], [ 458462.516505487263203, 853149.673806678503752 ], [ 458461.231405425816774, 853146.782206542789936 ], [ 458459.303705334663391, 853141.641606297343969 ], [ 458459.303705334663391, 853136.822306068614125 ], [ 458458.661105304025114, 853132.003005839884281 ], [ 458456.41210519708693, 853125.256005520001054 ], [ 458455.769505166448653, 853119.151505229994655 ], [ 458454.484405105933547, 853115.617305060848594 ], [ 458452.877905029803514, 853110.476804817095399 ], [ 458450.950204937718809, 853105.336204573512077 ], [ 458449.022504846565425, 853101.159404374659061 ], [ 458445.809604694135487, 853097.304004192352295 ], [ 458440.669004449620843, 853092.163403946906328 ], [ 458435.849704220890999, 853088.629203779622912 ], [ 458430.709103976376355, 853084.452503580600023 ], [ 458425.889803747646511, 853082.203503474593163 ], [ 458422.034403564408422, 853079.954503368586302 ], [ 458412.717003121972084, 853074.17130309343338 ], [ 458404.363602724857628, 853070.315902909263968 ], [ 458398.901702465489507, 853066.781702741980553 ], [ 458391.833402129821479, 853062.926302559673786 ], [ 458386.692801886238158, 853060.356002436950803 ], [ 458381.873501656576991, 853058.107002330943942 ], [ 458375.769001366570592, 853053.930202132090926 ], [ 458371.271001153625548, 853048.789601886644959 ], [ 458366.130400909110904, 853044.612901689484715 ], [ 458362.275000725872815, 853040.757501505315304 ], [ 458357.134400482289493, 853036.25940129160881 ], [ 458354.56410035956651, 853032.725301124155521 ], [ 458350.708600176498294, 853028.548600926995277 ], [ 458342.676499795168638, 853019.873800514265895 ], [ 458332.71659932192415, 853007.664899934083223 ], [ 458324.04179891012609, 852997.062399430200458 ], [ 458314.081898436881602, 852987.102498957887292 ], [ 458306.370998070575297, 852978.427798544988036 ], [ 458297.696297658607364, 852969.431698117405176 ], [ 458287.415097170509398, 852955.937697477638721 ], [ 458277.133896682411432, 852944.692596944049001 ], [ 458265.888896147720516, 852931.841096332296729 ], [ 458261.712095949798822, 852926.700596088543534 ], [ 458248.218095309101045, 852912.242595402523875 ], [ 458238.258194835856557, 852902.925294959917665 ], [ 458227.976994346827269, 852893.607994517311454 ], [ 458214.161593691445887, 852883.648094043135643 ], [ 458201.631393095478415, 852875.294593647122383 ], [ 458194.563092759810388, 852870.796593433246017 ], [ 458188.137392454780638, 852866.619893234223127 ], [ 458181.069092119112611, 852863.406993081793189 ], [ 458173.358191752806306, 852857.94509282335639 ], [ 458168.538891524076462, 852853.447092609480023 ], [ 458163.07699126470834, 852848.306492365896702 ], [ 458158.900291066616774, 852840.916892014443874 ], [ 458155.687390913255513, 852833.848591677844524 ], [ 458153.117090791463852, 852826.78029134310782 ], [ 458150.225490653887391, 852815.535190807655454 ], [ 458147.65519053209573, 852802.683690197765827 ], [ 458146.048790455795825, 852795.615389863029122 ], [ 458144.442290379665792, 852785.976789403706789 ], [ 458142.514590287581086, 852776.338188946247101 ], [ 458142.835890303365886, 852768.305988565087318 ], [ 458144.763590394519269, 852754.811987923458219 ], [ 458146.048790455795825, 852746.779787542298436 ], [ 458147.97649054788053, 852739.068887175992131 ], [ 458150.225490653887391, 852729.108986703678966 ], [ 458153.438390807248652, 852715.936186077073216 ], [ 458155.366090898402035, 852705.333785574883223 ], [ 458158.900291066616774, 852692.482284963130951 ], [ 458162.113091219216585, 852682.201084475964308 ], [ 458164.040891310200095, 852674.168884094804525 ], [ 458166.289891417138278, 852664.851583652198315 ], [ 458168.538891524076462, 852654.891683178022504 ], [ 458170.466591615229845, 852648.144682858139277 ], [ 458174.643291814252734, 852631.437682064250112 ], [ 458179.462592042982578, 852611.517881117761135 ], [ 458186.209692363627255, 852585.493679882958531 ], [ 458192.956692683510482, 852554.971378432586789 ], [ 458200.02499301917851, 852526.376877075061202 ], [ 458204.201693218201399, 852514.810476524755359 ], [ 458210.948793538846076, 852502.28027592971921 ], [ 458219.623493950814009, 852490.392675364390016 ], [ 458232.796294576488435, 852479.468974845483899 ], [ 458251.430895461700857, 852467.581274282187223 ], [ 458271.993296437896788, 852455.693673716858029 ], [ 458293.198297444730997, 852440.593172999098897 ], [ 458326.933399047702551, 852419.388271993026137 ], [ 458367.415600970387459, 852393.042670741677284 ], [ 458397.937802419997752, 852374.408069856464863 ], [ 458421.713103549554944, 852358.986269123852253 ], [ 458446.130904708988965, 852342.921968361362815 ], [ 458466.050705655477941, 852330.391767766326666 ], [ 458482.115006417967379, 852321.074367322027683 ], [ 458502.998707409948111, 852310.793266834691167 ], [ 458525.16750846337527, 852301.797166407108307 ], [ 458549.264009607955813, 852293.764966025948524 ], [ 458580.428911088034511, 852285.411565629765391 ], [ 458615.449212751351297, 852276.736765217036009 ], [ 458646.292714215815067, 852268.383364820852876 ], [ 458671.995715437456965, 852260.993764469400048 ], [ 458696.413516596890986, 852255.210564194247127 ], [ 458725.329317970201373, 852247.499663827940822 ], [ 458759.707119602710009, 852238.824963416904211 ], [ 458781.875920656137168, 852232.720463126897812 ], [ 458798.904121465049684, 852226.93726285174489 ], [ 458816.574922304600477, 852217.941262423992157 ], [ 458830.711522975936532, 852208.302661966532469 ], [ 458845.812023692764342, 852196.415061401203275 ], [ 458855.45062415022403, 852185.169960867613554 ], [ 458863.161524516530335, 852171.354660211130977 ], [ 458868.302124761044979, 852155.932859478518367 ], [ 458874.085325036197901, 852139.547158701345325 ], [ 458884.687725539319217, 852124.76795799843967 ], [ 458900.109526271931827, 852115.129357540979981 ], [ 458920.350627233274281, 852109.667557282373309 ], [ 458938.985228118486702, 852102.277956930920482 ], [ 458953.764528820291162, 852094.245756549760699 ], [ 458973.04172973614186, 852081.07295592315495 ], [ 458985.893230346031487, 852071.113055450841784 ], [ 459003.885231200605631, 852056.655154762789607 ], [ 459020.913432009518147, 852042.518554091453552 ], [ 459031.515932513400912, 852032.237353604286909 ], [ 459047.5803332766518, 852016.815552871674299 ], [ 459059.146633825264871, 852002.678952200338244 ], [ 459074.568434557877481, 851986.293251421302557 ], [ 459086.456035123206675, 851969.586350627243519 ], [ 459103.162935916334391, 851947.417549574747682 ], [ 459115.69313651137054, 851929.104148704558611 ], [ 459125.010536953806877, 851915.610148064792156 ], [ 459178.344139487482607, 851826.934843853116035 ] ] } },
{ "type": "Feature", "properties": { "OBJECTID": 33, "Name": null, "ClassID": 0, "Surface": "DIRT", "Width": 7.0, "Shape_Leng": 826.51075620799998 }, "geometry": { "type": "LineString", "coordinates": [ [ 457558.064162528142333, 853311.012514341622591 ], [ 457575.987363379448652, 853317.246614638715982 ], [ 457592.35196415707469, 853322.701514897868037 ], [ 457608.716564933769405, 853328.156315157189965 ], [ 457619.626265452243388, 853335.169715490192175 ], [ 457628.977565896697342, 853346.858716044574976 ], [ 457631.315366007387638, 853360.885616710409522 ], [ 457628.198265858925879, 853383.484317785128951 ], [ 457625.081165711395442, 853409.979419043287635 ], [ 457621.184865525923669, 853431.019620042294264 ], [ 457618.067765378393233, 853445.046420708298683 ], [ 457615.729965266771615, 853460.631821449846029 ], [ 457618.847065415233374, 853472.32082200422883 ], [ 457630.536065970547497, 853481.672022448852658 ], [ 457646.900666747242212, 853489.464622817933559 ], [ 457663.26526752486825, 853494.140223041176796 ], [ 457678.07136822771281, 853503.491423483937979 ], [ 457696.773769116029143, 853512.842723928391933 ], [ 457707.683469634503126, 853522.973124410957098 ], [ 457724.048170411959291, 853538.558525150641799 ], [ 457734.957870930433273, 853548.688925631344318 ], [ 457745.088371410965919, 853553.36452585272491 ], [ 457767.687072484754026, 853563.495026335120201 ], [ 457784.830973299220204, 853572.846226779744029 ], [ 457796.519973854534328, 853577.52182700112462 ], [ 457812.884574631229043, 853583.756027296185493 ], [ 457823.015075112693012, 853593.886427778750658 ], [ 457830.807775482535362, 853601.679128147661686 ], [ 457839.379675890319049, 853614.926628777757287 ], [ 457845.613776185549796, 853625.836429296061397 ], [ 457850.28937640786171, 853639.083929924294353 ], [ 457854.18577659316361, 853651.552230516448617 ], [ 457863.536977036856115, 853665.579031184315681 ], [ 457872.108877444639802, 853676.488831700757146 ], [ 457883.797877999953926, 853682.722931997850537 ], [ 457902.500278888270259, 853687.398532219231129 ], [ 457918.08567962795496, 853689.736332330852747 ], [ 457929.774680183269083, 853692.074132442474365 ], [ 457941.463680738583207, 853695.970432626083493 ], [ 457955.490481404587626, 853703.763132996857166 ], [ 457967.958781996741891, 853713.114333441480994 ], [ 457974.972182329744101, 853724.024133959785104 ], [ 457982.764782700687647, 853739.609434699639678 ], [ 457989.778283033519983, 853752.856935329735279 ], [ 457992.895283181220293, 853764.54593588411808 ], [ 457994.453883255831897, 853776.235036440193653 ], [ 457993.674583218060434, 853784.027636809274554 ], [ 457997.570883403532207, 853793.378837253898382 ], [ 457997.570883403532207, 853799.613037548959255 ], [ 457993.674583218060434, 853808.964237993583083 ], [ 457993.674583218060434, 853813.63983821682632 ], [ 458002.246483625844121, 853819.094638474285603 ], [ 458007.701383884996176, 853825.328838771209121 ], [ 458010.818484032526612, 853829.225138956680894 ], [ 458013.156284144148231, 853836.238539289683104 ], [ 458024.065984661690891, 853847.148339807987213 ], [ 458033.417185106314719, 853854.161740140989423 ], [ 458039.651385402306914, 853861.175140473991632 ] ] } },
{ "type": "Feature", "properties": { "OBJECTID": 34, "Name": null, "ClassID": 0, "Surface": "DIRT", "Width": 4.0, "Shape_Leng": 379.26118898800001 }, "geometry": { "type": "LineString", "coordinates": [ [ 459212.400541105307639, 851760.428440693765879 ], [ 459224.930741700343788, 851779.384441593661904 ], [ 459223.003041608259082, 851789.023042051121593 ], [ 459231.677842020057142, 851806.693842891603708 ], [ 459239.067442371509969, 851815.047243287786841 ], [ 459255.453043149784207, 851814.083443243056536 ], [ 459270.553543866612017, 851802.195742677897215 ], [ 459281.477344386279583, 851790.629442127421498 ], [ 459292.079744889400899, 851778.099241532385349 ], [ 459302.360945377498865, 851773.922541335225105 ], [ 459305.252545515075326, 851764.605140892788768 ], [ 459311.035745790228248, 851754.324040403589606 ], [ 459323.244646369479597, 851747.576940083876252 ], [ 459334.810946919023991, 851743.721539899706841 ], [ 459345.413447422906756, 851735.368039503693581 ], [ 459355.052047880366445, 851727.335839122533798 ], [ 459368.867348536849022, 851720.910138817504048 ], [ 459383.967849253676832, 851720.267538785934448 ], [ 459399.068349971435964, 851723.480438938364387 ], [ 459415.132750733755529, 851725.40813902951777 ], [ 459432.160951542668045, 851726.693339090794325 ], [ 459445.333752168342471, 851727.335839122533798 ], [ 459453.365852549672127, 851724.444338984787464 ], [ 459470.072853343561292, 851716.090838586911559 ], [ 459478.104953724890947, 851715.126938542351127 ], [ 459485.815854091197252, 851719.62503875605762 ], [ 459489.350054259411991, 851723.801738953217864 ], [ 459498.667354702018201, 851731.191339304670691 ], [ 459507.342155113816261, 851734.40423945710063 ] ] } },
{ "type": "Feature", "properties": { "OBJECTID": 35, "Name": "Compact Road", "ClassID": 0, "Surface": "PAVED", "Width": 10.0, "Shape_Leng": 857.12116848200003 }, "geometry": { "type": "LineString", "coordinates": [ [ 459178.022839471697807, 851826.934843853116035 ], [ 459191.195640097372234, 851820.187843531370163 ], [ 459207.259940860792994, 851774.243841350078583 ], [ 459219.790141455829144, 851734.082939442247152 ], [ 459228.143641852773726, 851706.130938114598393 ], [ 459229.750041929073632, 851698.741337763145566 ], [ 459233.605542112141848, 851684.283437076956034 ], [ 459238.424842340871692, 851665.970036206766963 ], [ 459242.601542538963258, 851634.805234726518393 ], [ 459246.135742707177997, 851605.568133337423205 ], [ 459249.027342844754457, 851574.081931842491031 ], [ 459252.882743027992547, 851530.065629752352834 ], [ 459257.702043256722391, 851489.904727844521403 ], [ 459262.200043470598757, 851450.70772598311305 ], [ 459264.127843561582267, 851423.077024670317769 ], [ 459266.055543653666973, 851398.337923495098948 ], [ 459268.625843775458634, 851377.45422250404954 ], [ 459271.838643928058445, 851345.646820992231369 ], [ 459274.730244065634906, 851319.943919772282243 ], [ 459277.621844202280045, 851296.811218673363328 ], [ 459278.585744248703122, 851288.136418260633945 ], [ 459282.119844416156411, 851245.405316231772304 ], [ 459286.617844630032778, 851208.136014461517334 ], [ 459285.975344599224627, 851188.216213515028358 ], [ 459280.192144325003028, 851165.40481243096292 ], [ 459270.553543866612017, 851141.62951130233705 ], [ 459260.272343378514051, 851118.81821021810174 ], [ 459251.918842981569469, 851098.255809241905808 ], [ 459237.139642279595137, 851065.163207670673728 ], [ 459223.324341624043882, 851033.355806158855557 ], [ 459210.151540998369455, 851002.83350471034646 ] ] } },
{ "type": "Feature", "properties": { "OBJECTID": 38, "Name": null, "ClassID": 0, "Surface": "DIRT", "Width": 5.0, "Shape_Leng": 208.92276200800001 }, "geometry": { "type": "LineString", "coordinates": [ [ 459241.63774249330163, 851639.945834971964359 ], [ 459231.035241990350187, 851620.989834070205688 ], [ 459230.392641959711909, 851587.897332498803735 ], [ 459228.143641852773726, 851577.937432026490569 ], [ 459225.573341730982065, 851562.194331277161837 ], [ 459223.966941654682159, 851543.559630392119288 ], [ 459222.039141562767327, 851532.635929873213172 ], [ 459220.754041501320899, 851524.282429477199912 ], [ 459214.649541211314499, 851517.535429157316685 ], [ 459207.902540891431272, 851511.752228882163763 ], [ 459199.549140494316816, 851497.936928225681186 ], [ 459189.589240021072328, 851479.302227340638638 ], [ 459184.769839792512357, 851470.948826944455504 ], [ 459176.737739411182702, 851447.494825830683112 ] ] } },
{ "type": "Feature", "properties": { "OBJECTID": 40, "Name": null, "ClassID": 0, "Surface": "DIRT", "Width": 5.0, "Shape_Leng": 337.23161201300002 }, "geometry": { "type": "LineString", "coordinates": [ [ 459271.517443913035095, 851348.53842112980783 ], [ 459300.433245286345482, 851360.104721678420901 ], [ 459318.74664615560323, 851370.707222182303667 ], [ 459333.525846857577562, 851375.205222396180034 ], [ 459350.554047666490078, 851374.241422351449728 ], [ 459368.224848506040871, 851370.707222182303667 ], [ 459386.538149376399815, 851370.38592216745019 ], [ 459397.783249909989536, 851372.956222290173173 ], [ 459409.34955045953393, 851378.739422565326095 ], [ 459424.128751161508262, 851388.05672300606966 ], [ 459445.012452153488994, 851395.767623372375965 ], [ 459454.008452580310404, 851395.767623372375965 ], [ 459470.394053358584642, 851394.161223296076059 ], [ 459487.743554183281958, 851389.984423099085689 ], [ 459501.558954839594662, 851385.165122870355844 ], [ 459509.269855204969645, 851382.594822747632861 ], [ 459521.478755785152316, 851384.522622838616371 ], [ 459536.257956487126648, 851385.486422885209322 ], [ 459545.253956914879382, 851383.237422777339816 ], [ 459552.001057234592736, 851376.490422457456589 ], [ 459563.246057769283652, 851371.349822213873267 ], [ 459583.487158730626106, 851363.96022186242044 ], [ 459587.342558913864195, 851359.462221648544073 ] ] } },
{ "type": "Feature", "properties": { "OBJECTID": 41, "Name": null, "ClassID": 0, "Surface": "DIRT", "Width": 5.0, "Shape_Leng": 234.94068316100001 }, "geometry": { "type": "LineString", "coordinates": [ [ 459448.546552320942283, 851396.088923389092088 ], [ 459469.430253312923014, 851404.12112377025187 ], [ 459476.498553648591042, 851405.084923814982176 ], [ 459485.815854091197252, 851403.157223723828793 ], [ 459497.060954625718296, 851405.727523846551776 ], [ 459507.342155113816261, 851414.723524274304509 ], [ 459518.265855632722378, 851421.791924608871341 ], [ 459536.900556517764926, 851429.502724975347519 ], [ 459553.607457310892642, 851436.892325326800346 ], [ 459561.318357677198946, 851439.783925464376807 ], [ 459574.491158302873373, 851439.46262544952333 ], [ 459587.985158944502473, 851440.426525494083762 ], [ 459601.157959570176899, 851440.105225479230285 ], [ 459615.615860256366432, 851444.603225693106651 ], [ 459619.792560455389321, 851453.599326120689511 ], [ 459619.15006042458117, 851460.667626455426216 ], [ 459617.222260332666337, 851468.057226806879044 ], [ 459611.760460073128343, 851476.410727202892303 ], [ 459604.370859722606838, 851482.836427507922053 ], [ 459598.266359432600439, 851486.691827692091465 ], [ 459594.089659234508872, 851487.97702775336802 ] ] } },
{ "type": "Feature", "properties": { "OBJECTID": 43, "Name": null, "ClassID": 0, "Surface": "DIRT", "Width": 4.0, "Shape_Leng": 132.71170763200001 }, "geometry": { "type": "LineString", "coordinates": [ [ 459615.615860256366432, 851445.245825722813606 ], [ 459631.037660988979042, 851444.281925678253174 ], [ 459650.957461935468018, 851441.39042554050684 ], [ 459678.588163247331977, 851442.354225585237145 ], [ 459691.118363842368126, 851447.17352581396699 ], [ 459704.612364483997226, 851449.743825936689973 ], [ 459719.712865200825036, 851456.490926258265972 ], [ 459734.492065902799368, 851463.237926578149199 ], [ 459739.632666147314012, 851471.270126959308982 ] ] } },
{ "type": "Feature", "properties": { "OBJECTID": 44, "Name": null, "ClassID": 0, "Surface": "PAVED", "Width": 9.0, "Shape_Leng": 110.205854352 }, "geometry": { "type": "LineString", "coordinates": [ [ 459218.826341410167515, 850916.08600058965385 ], [ 459259.308443333022296, 850919.298900742083788 ], [ 459303.64614543877542, 850923.475600941106677 ], [ 459328.706546628847718, 850923.796900955960155 ] ] } },
{ "type": "Feature", "properties": { "OBJECTID": 45, "Name": null, "ClassID": 0, "Surface": "PAVED", "Width": 8.0, "Shape_Leng": 556.27685443200005 }, "geometry": { "type": "LineString", "coordinates": [ [ 459366.040248402394354, 850594.94958533719182 ], [ 459370.675548622384667, 850574.700584374368191 ], [ 459384.896949297748506, 850488.710880290716887 ], [ 459390.188649549148977, 850461.92177901789546 ], [ 459383.243349219672382, 850457.952978828921914 ], [ 459386.55064937658608, 850435.463377760723233 ], [ 459386.55064937658608, 850422.564877148717642 ], [ 459383.574049235321581, 850411.320076614618301 ], [ 459370.675548622384667, 850388.499675530940294 ], [ 459353.808347821235657, 850362.041374273598194 ], [ 459339.917747161351144, 850340.874573267996311 ], [ 459323.050446360372007, 850315.408472059294581 ], [ 459301.883745355531573, 850282.335470488294959 ], [ 459285.678044585511088, 850257.530669309198856 ], [ 459272.448843956924975, 850237.356168352067471 ], [ 459220.193541474640369, 850154.012264393270016 ], [ 459207.295040862634778, 850137.806463623419404 ], [ 459193.404340202920139, 850118.624162713065743 ], [ 459183.482439731247723, 850105.394962083548307 ] ] } },
{ "type": "Feature", "properties": { "OBJECTID": 46, "Name": null, "ClassID": 0, "Surface": "PAVED", "Width": 7.0, "Shape_Leng": 122.781045979 }, "geometry": { "type": "LineString", "coordinates": [ [ 459289.509444767609239, 850809.739995539188385 ], [ 459297.541645148769021, 850850.54349747672677 ], [ 459305.895145545713603, 850889.419199323281646 ], [ 459316.49754604883492, 850909.0177002530545 ], [ 459327.742646583355963, 850924.118200970813632 ], [ 459327.742646583355963, 850924.439500985667109 ] ] } },
{ "type": "Feature", "properties": { "OBJECTID": 47, "Name": null, "ClassID": 0, "Surface": "PAVED", "Width": 10.0, "Shape_Leng": 74.720265727400005 }, "geometry": { "type": "LineString", "coordinates": [ [ 459328.063946598209441, 850924.118200970813632 ], [ 459354.730747865512967, 850940.503801750019193 ], [ 459367.260948460549116, 850946.287002023309469 ], [ 459396.819349864497781, 850948.214702116325498 ] ] } },
{ "type": "Feature", "properties": { "OBJECTID": 48, "Name": null, "ClassID": 0, "Surface": "PAVED", "Width": 9.0, "Shape_Leng": 211.93338568600001 }, "geometry": { "type": "LineString", "coordinates": [ [ 459396.819349864497781, 850949.17860216088593 ], [ 459456.900052717886865, 850944.359301932156086 ], [ 459487.743554183281958, 850944.359301932156086 ], [ 459519.229755678214133, 850952.070202298462391 ], [ 459537.864356563426554, 850960.102302679792047 ], [ 459598.587659447453916, 850990.945904145017266 ] ] } },
{ "type": "Feature", "properties": { "OBJECTID": 49, "Name": null, "ClassID": 0, "Surface": "PAVED", "Width": 9.0, "Shape_Leng": 56.299564826299999 }, "geometry": { "type": "LineString", "coordinates": [ [ 459598.266359432600439, 850990.945904145017266 ], [ 459651.278761950321496, 851009.901805045083165 ] ] } },
{ "type": "Feature", "properties": { "OBJECTID": 50, "Name": null, "ClassID": 0, "Surface": "PAVED", "Width": 9.0, "Shape_Leng": 143.36286182000001 }, "geometry": { "type": "LineString", "coordinates": [ [ 459650.957461935468018, 851009.901805045083165 ], [ 459669.913362835533917, 851017.61270541138947 ], [ 459682.443563430570066, 851022.110705625265837 ], [ 459710.716864774003625, 851031.749406082555652 ], [ 459727.745065581984818, 851037.853806372731924 ], [ 459744.451966376043856, 851047.492406830191612 ], [ 459761.480167184956372, 851058.094907334074378 ], [ 459780.11486806999892, 851070.30380791425705 ] ] } },
{ "type": "Feature", "properties": { "OBJECTID": 51, "Name": null, "ClassID": 0, "Surface": "PAVED", "Width": 9.0, "Shape_Leng": 121.19780866399999 }, "geometry": { "type": "LineString", "coordinates": [ [ 459780.436168084852397, 851070.30380791425705 ], [ 459792.966368679888546, 851078.014708280563354 ], [ 459800.677169046364725, 851081.54890844784677 ], [ 459808.066869397647679, 851082.512708494439721 ], [ 459815.777669764123857, 851083.476608540862799 ], [ 459821.239570023491979, 851081.54890844784677 ], [ 459827.665370328351855, 851076.729508219286799 ], [ 459834.412370649166405, 851072.552808022126555 ], [ 459839.231670877896249, 851067.412207776680589 ], [ 459843.408371075987816, 851061.629107503220439 ], [ 459847.906371289864182, 851054.560707166790962 ], [ 459850.155471396632493, 851047.813706846907735 ], [ 459853.689571564085782, 851038.496406404301524 ], [ 459859.794071854092181, 851029.179105961695313 ], [ 459867.504972220398486, 851022.432005640119314 ] ] } },
{ "type": "Feature", "properties": { "OBJECTID": 52, "Name": null, "ClassID": 0, "Surface": "PAVED", "Width": 9.0, "Shape_Leng": 270.114368926 }, "geometry": { "type": "LineString", "coordinates": [ [ 459867.826172236353159, 851022.110705625265837 ], [ 459880.677672846242785, 851016.327605349943042 ], [ 459892.244073395617306, 851014.078605243936181 ], [ 459907.665774128399789, 851012.150805152952671 ], [ 459919.874674707651138, 851012.793405182659626 ], [ 459929.192075151018798, 851015.042405290529132 ], [ 459941.722275746054947, 851023.395905686542392 ], [ 459953.288576295599341, 851031.749406082555652 ], [ 459960.035576615482569, 851039.46020644903183 ], [ 459966.461376921273768, 851043.958306662738323 ], [ 459976.421277393586934, 851052.633007075637579 ], [ 459987.987577943131328, 851058.416207350790501 ], [ 459997.304878385737538, 851061.629107503220439 ], [ 460009.835078980773687, 851062.592907547950745 ], [ 460020.437579484656453, 851063.235507579520345 ], [ 460035.538080201484263, 851063.556807594373822 ], [ 460050.638580919243395, 851065.484507685527205 ], [ 460070.879681880585849, 851068.054807808250189 ], [ 460085.016282551921904, 851071.910207990556955 ], [ 460099.152883223257959, 851074.480508113279939 ], [ 460112.325683848932385, 851078.336008295416832 ], [ 460118.751384153962135, 851080.585008403286338 ] ] } },
{ "type": "Feature", "properties": { "OBJECTID": 53, "Name": null, "ClassID": 0, "Surface": "PAVED", "Width": 9.0, "Shape_Leng": 180.552484225 }, "geometry": { "type": "LineString", "coordinates": [ [ 460118.751384153962135, 851080.585008403286338 ], [ 460137.386085039004683, 851087.653308738023043 ], [ 460153.450385802425444, 851095.364209104329348 ], [ 460172.40638670232147, 851103.717709502205253 ], [ 460191.040987587533891, 851117.53301015868783 ], [ 460209.033088441938162, 851127.814210645854473 ], [ 460228.631589373573661, 851145.163711469620466 ], [ 460248.872690334916115, 851161.228012233972549 ], [ 460269.756391326896846, 851176.971112981438637 ] ] } },
{ "type": "Feature", "properties": { "OBJECTID": 54, "Name": null, "ClassID": 0, "Surface": "PAVED", "Width": 9.0, "Shape_Leng": 506.91794093800002 }, "geometry": { "type": "LineString", "coordinates": [ [ 460270.398891356773674, 851177.292412996292114 ], [ 460290.961292333900928, 851190.465213621035218 ], [ 460304.134092959575355, 851196.569613911211491 ], [ 460319.234593676403165, 851199.139914033934474 ], [ 460341.724694744683802, 851202.67411420121789 ], [ 460362.608295736834407, 851204.601814294233918 ], [ 460385.098396805115044, 851207.814714446663857 ], [ 460400.841497552581131, 851211.670114628970623 ], [ 460414.014298178255558, 851218.738414965569973 ], [ 460424.616698682308197, 851231.589915575459599 ], [ 460440.359799429774284, 851257.614216811954975 ], [ 460449.034499841742218, 851270.465617422014475 ], [ 460454.496400101110339, 851288.779018292203546 ], [ 460458.351900284178555, 851310.947819344699383 ], [ 460462.207300467416644, 851340.827520763501525 ], [ 460464.13500055950135, 851375.205222396180034 ], [ 460467.669200726784766, 851376.811722472310066 ], [ 460465.098900604993105, 851423.398324685171247 ], [ 460465.741500635631382, 851464.523026639595628 ], [ 460466.705300681293011, 851489.904727844521403 ], [ 460472.48850095551461, 851504.362628530710936 ], [ 460487.589001673273742, 851517.214129142463207 ], [ 460507.830102634616196, 851532.635929873213172 ], [ 460514.898402970284224, 851537.133930087089539 ] ] } },
{ "type": "Feature", "properties": { "OBJECTID": 55, "Name": null, "ClassID": 0, "Surface": "GRAVEL", "Width": 9.0, "Shape_Leng": 170.90997471399999 }, "geometry": { "type": "LineString", "coordinates": [ [ 460514.898402970284224, 851536.812630072236061 ], [ 460526.464703519828618, 851542.274530332535505 ], [ 460543.492904328741133, 851543.238430377095938 ], [ 460569.517205564305186, 851544.844830453395844 ], [ 460585.902806342579424, 851544.202230423688889 ], [ 460601.324607075192034, 851540.025530224665999 ], [ 460610.963207532651722, 851535.206229995936155 ], [ 460622.850808097980917, 851537.455230103805661 ], [ 460637.951308814808726, 851546.451230529695749 ], [ 460674.578110554255545, 851567.334931522607803 ] ] } },
{ "type": "Feature", "properties": { "OBJECTID": 56, "Name": "Compact Road", "ClassID": 0, "Surface": "PAVED", "Width": 10.0, "Shape_Leng": 1886.2429148000001 }, "geometry": { "type": "LineString", "coordinates": [ [ 459365.714648386463523, 850594.875085333362222 ], [ 459385.889149345457554, 850573.046984296292067 ], [ 459394.818849769420922, 850554.856783432886004 ], [ 459406.394350319169462, 850539.973982725292444 ], [ 459424.584551183506846, 850521.453081846237183 ], [ 459442.774652047082782, 850509.546881280839443 ], [ 459457.657552753575146, 850496.979080682620406 ], [ 459477.832053712569177, 850484.411380086094141 ], [ 459491.061254340223968, 850469.85927939414978 ], [ 459501.313854827545583, 850451.999878546223044 ], [ 459509.912855235859752, 850431.163877556100488 ], [ 459518.511755644343793, 850410.989376598969102 ], [ 459519.173255675472319, 850410.989376598969102 ], [ 459538.024856571108103, 850361.379874242469668 ], [ 459554.561357356607914, 850324.668872497975826 ], [ 459570.436358110979199, 850287.627070739865303 ], [ 459580.027558566071093, 850265.468269687145948 ], [ 459594.579659257084131, 850231.7337680850178 ], [ 459612.10836009029299, 850205.275366827845573 ], [ 459629.3062609070912, 850183.447265790775418 ], [ 459651.795961975120008, 850160.296164691448212 ], [ 459672.631862964481115, 850142.767463859170675 ], [ 459684.538163530640304, 850131.191863309592009 ], [ 459691.483463860116899, 850121.27006283774972 ], [ 459700.082464268431067, 850105.394962083548307 ], [ 459703.389764425344765, 850085.881961157545447 ], [ 459703.059064409695566, 850066.038160214200616 ], [ 459701.736164347268641, 850043.548459146171808 ], [ 459701.405364331789315, 850037.264658847823739 ], [ 459700.082464268431067, 850002.538057198747993 ], [ 459697.436664142645895, 849980.709856161847711 ], [ 459696.44446409586817, 849958.22025509364903 ], [ 459695.452264048159122, 849936.061354041099548 ], [ 459693.137163938954473, 849914.233153004199266 ], [ 459689.168363749980927, 849896.043052140623331 ], [ 459682.884563451632857, 849869.253850867971778 ], [ 459678.585063247010112, 849858.670550365000963 ], [ 459659.733462352305651, 849801.785047663375735 ], [ 459646.834961739368737, 849764.081845872104168 ], [ 459637.24386128410697, 849737.292644599452615 ], [ 459633.275061095133424, 849717.779643673449755 ], [ 459628.975560891442001, 849698.597342761233449 ], [ 459628.314060859382153, 849682.391541991382837 ], [ 459628.644860875792801, 849645.019040217623115 ], [ 459632.282861048355699, 849621.537239102646708 ], [ 459638.566761346533895, 849597.724737970158458 ], [ 459652.457362006418407, 849558.367836100980639 ], [ 459667.009462697431445, 849520.333934294059873 ], [ 459680.238663326017559, 849484.9458326138556 ], [ 459698.098064173944294, 849441.289530539885163 ], [ 459721.249165274202824, 849399.617528561502695 ], [ 459749.691966624930501, 849355.299726456403732 ], [ 459812.861369625665247, 849274.601622622460127 ], [ 459838.988970866426826, 849241.528721053153276 ], [ 459885.621873080730438, 849181.666618209332228 ], [ 459904.473473976366222, 849157.192617045715451 ], [ 459913.07247438468039, 849143.301916386932135 ], [ 459919.025674668140709, 849128.749815694987774 ], [ 459923.986574903130531, 849115.520615067332983 ], [ 459926.301675013266504, 849097.661214219406247 ], [ 459927.293875060044229, 849080.132513387128711 ], [ 459920.679274746216834, 849048.051711862906814 ], [ 459915.718374510295689, 849028.207910919561982 ], [ 459911.418874306604266, 849009.025610009208322 ], [ 459907.45007411763072, 848994.473509317263961 ], [ 459901.166173819452524, 848973.968208344653249 ], [ 459898.520373693667352, 848954.785907432436943 ], [ 459899.181873724795878, 848937.918706631287932 ], [ 459901.166173819452524, 848923.035805923864245 ] ] } },
{ "type": "Feature", "properties": { "OBJECTID": 57, "Name": null, "ClassID": 0, "Surface": "PAVED", "Width": 9.0, "Shape_Leng": 25.679212728900001 }, "geometry": { "type": "LineString", "coordinates": [ [ 459398.12614992633462, 850551.549483275040984 ], [ 459387.873549439013004, 850552.541683321818709 ], [ 459380.928149109706283, 850547.911483101546764 ], [ 459376.297948889434338, 850542.619782850146294 ] ] } },
{ "type": "Feature", "properties": { "OBJECTID": 58, "Name": null, "ClassID": 0, "Surface": "GRAVEL", "Width": 9.0, "Shape_Leng": 150.44786374200001 }, "geometry": { "type": "LineString", "coordinates": [ [ 459183.151739715598524, 850105.394962083548307 ], [ 459166.284538914449513, 850087.866261251270771 ], [ 459153.716838317923248, 850077.613660763949156 ], [ 459134.865237422287464, 850066.038160214200616 ], [ 459120.974536762572825, 850062.400060040876269 ], [ 459101.130735820159316, 850061.407959993928671 ], [ 459082.940634955652058, 850066.038160214200616 ], [ 459063.758334044367075, 850066.038160214200616 ], [ 459048.214033306576312, 850064.715260151773691 ] ] } },
{ "type": "Feature", "properties": { "OBJECTID": 59, "Name": null, "ClassID": 0, "Surface": "GRAVEL", "Width": 9.0, "Shape_Leng": 69.551956691000001 }, "geometry": { "type": "LineString", "coordinates": [ [ 459048.214033306576312, 850064.384460136294365 ], [ 459030.354532457888126, 850062.730860058218241 ], [ 459016.794631813652813, 850059.42355990037322 ], [ 459007.203531358391047, 850054.462559664621949 ], [ 458993.643530714325607, 850043.879259161651134 ], [ 458986.036830353550613, 850037.926058879122138 ] ] } },
{ "type": "Feature", "properties": { "OBJECTID": 60, "Name": null, "ClassID": 0, "Surface": "GRAVEL", "Width": 10.0, "Shape_Leng": 473.70002322800002 }, "geometry": { "type": "LineString", "coordinates": [ [ 458986.036830353550613, 850037.595358863472939 ], [ 458963.547129284590483, 850021.058858077973127 ], [ 458945.357028421014547, 850005.514557339251041 ], [ 458921.875227306038141, 849987.985856506973505 ], [ 458906.992326598614454, 849973.103055799379945 ], [ 458892.440225907601416, 849957.558755062520504 ], [ 458872.927224980667233, 849942.014454323798418 ], [ 458855.729224164038897, 849927.793053647503257 ], [ 458836.877623268403113, 849913.902452988550067 ], [ 458824.640622687526047, 849901.334652392193675 ], [ 458810.088521996513009, 849888.766951793804765 ], [ 458798.18222143035382, 849877.522151259705424 ], [ 458780.98432061355561, 849865.615850694477558 ], [ 458767.42431996949017, 849855.363250207155943 ], [ 458747.911319042555988, 849839.157449437305331 ], [ 458731.374818257056177, 849823.61314870044589 ], [ 458711.531017314642668, 849805.753747852519155 ], [ 458682.096115916967392, 849781.610446704551578 ], [ 458660.59861489571631, 849765.073945919051766 ], [ 458645.715814189054072, 849750.191145213320851 ], [ 458625.872013246640563, 849731.670244332402945 ], [ 458625.541313230991364, 849731.670244332402945 ] ] } },
{ "type": "Feature", "properties": { "OBJECTID": 62, "Name": "Compact Road", "ClassID": 0, "Surface": "PAVED", "Width": 10.0, "Shape_Leng": 2126.5578824300001 }, "geometry": { "type": "LineString", "coordinates": [ [ 459901.166173819452524, 848923.035805923864245 ], [ 459906.457874070852995, 848884.340504087507725 ], [ 459911.749574322253466, 848848.290902374312282 ], [ 459915.718374510295689, 848809.595500536262989 ], [ 459915.056874479167163, 848786.444399436935782 ], [ 459914.395374448038638, 848770.569398682564497 ], [ 459912.741774369031191, 848745.43389748968184 ], [ 459908.442274165339768, 848722.61359640583396 ], [ 459902.158373866230249, 848692.517194975167513 ], [ 459894.882373521104455, 848667.712393797934055 ], [ 459888.598473222926259, 848648.53009288571775 ], [ 459880.991672861389816, 848634.639392226934433 ], [ 459872.061972437426448, 848618.102991441264749 ], [ 459865.44737212266773, 848602.558690702542663 ], [ 459862.470871981233358, 848590.321690121665597 ], [ 459862.801571996882558, 848575.43878941424191 ], [ 459863.462972029112279, 848558.2408885974437 ], [ 459861.809371950104833, 848544.019487923011184 ], [ 459858.832771808840334, 848531.451687324792147 ], [ 459853.210371541790664, 848517.561086665838957 ], [ 459845.603571180254221, 848500.03238583356142 ], [ 459839.650470897555351, 848487.795385252684355 ], [ 459834.68947066180408, 848475.558384669944644 ], [ 459832.043670536018908, 848462.990684073418379 ], [ 459831.051470489241183, 848450.092183461412787 ], [ 459831.051470489241183, 848439.178082942962646 ], [ 459832.043670536018908, 848414.373381763696671 ], [ 459833.697370614856482, 848395.19108085334301 ], [ 459835.681670709513128, 848372.039979754015803 ], [ 459834.68947066180408, 848364.102479377761483 ], [ 459833.366570599377155, 848351.865478795021772 ], [ 459830.390070457942784, 848334.667477978393435 ], [ 459825.098370206542313, 848320.11537728831172 ], [ 459812.861369625665247, 848290.018975857645273 ], [ 459797.97846891824156, 848256.615274270996451 ], [ 459777.142567928880453, 848231.149073062464595 ], [ 459767.882067488506436, 848219.573472512885928 ], [ 459758.290967033244669, 848211.635972134768963 ], [ 459747.707566530443728, 848198.406771507114172 ], [ 459741.423666232265532, 848187.823471004143357 ], [ 459737.454966044053435, 848172.94057029671967 ], [ 459736.132065980695188, 848146.812969056889415 ], [ 459739.10856612212956, 848129.945768255740404 ], [ 459743.077366311103106, 848109.771167296916246 ], [ 459750.3533666562289, 848085.958666166290641 ], [ 459755.975866923108697, 848071.73726548999548 ], [ 459769.866467582993209, 848020.804863071069121 ], [ 459775.48886785004288, 848000.63036211207509 ], [ 459783.426368227228522, 847970.864660698920488 ], [ 459791.033168588764966, 847954.989659944549203 ], [ 459803.600869185291231, 847936.799459081143141 ], [ 459821.791070049628615, 847915.963558090850711 ], [ 459836.673870756290853, 847900.41925735399127 ], [ 459852.218171495012939, 847888.182256771251559 ], [ 459864.785972091369331, 847878.260356301441789 ], [ 459882.645372940227389, 847865.692555703222752 ], [ 459900.174073772504926, 847852.132655059918761 ], [ 459915.387574494816363, 847838.903454430401325 ], [ 459913.733974416740239, 847830.965954054147005 ], [ 459928.947475139051676, 847820.71335356682539 ], [ 459968.304377008229494, 847793.262752262875438 ], [ 459989.47107801400125, 847777.718451526015997 ], [ 460004.684678736142814, 847764.158550880849361 ], [ 460013.522179156541824, 847751.946950301527977 ], [ 460021.612579540349543, 847737.160949598997831 ], [ 460027.192179805599153, 847720.422148803249002 ], [ 460028.866079884581268, 847704.241248035803437 ], [ 460025.518279725685716, 847677.459146762266755 ], [ 460019.380779433995485, 847656.814545782282948 ], [ 460014.917079222388566, 847649.282045423984528 ], [ 460008.221478904597461, 847636.393144812434912 ], [ 459995.10947828181088, 847611.28494361974299 ], [ 459987.576977923512459, 847589.524442587047815 ], [ 459981.439377631992102, 847566.647941499948502 ], [ 459978.649577499367297, 847546.561340546235442 ], [ 459978.09157747309655, 847538.191940147429705 ], [ 459977.812677459791303, 847510.154438816010952 ], [ 459978.928577513433993, 847483.093237530440092 ], [ 459980.602477592416108, 847445.430835742503405 ], [ 459982.555277685634792, 847414.185034258291125 ], [ 459981.160377618856728, 847397.167233450338244 ], [ 459978.09157747309655, 847374.848732389509678 ], [ 459962.747676744125783, 847333.280630415305495 ], [ 459947.682676028460264, 847294.502328572794795 ], [ 459928.990975141525269, 847248.191526373848319 ], [ 459925.085274955257773, 847238.706225924193859 ], [ 459920.757774749770761, 847222.726825164631009 ], [ 459915.214474487118423, 847202.56932420656085 ], [ 459908.15937415137887, 847176.616522973403335 ], [ 459899.844373757019639, 847147.640021597966552 ], [ 459891.781373374164104, 847123.451020449399948 ], [ 459884.726173038594425, 847100.521819360554218 ], [ 459882.962472954764962, 847094.726519085466862 ], [ 459878.678972751833498, 847077.844518283382058 ], [ 459876.41127264406532, 847065.750017708167434 ], [ 459873.639572512358427, 847050.127916965633631 ], [ 459873.387572499923408, 847035.765716284513474 ], [ 459873.639572512358427, 847027.702615901827812 ], [ 459875.151372583582997, 846995.70261438190937 ], [ 459875.907272620126605, 846983.104113783687353 ] ] } },
{ "type": "Feature", "properties": { "OBJECTID": 63, "Name": null, "ClassID": 0, "Surface": "GRAVEL", "Width": 6.0, "Shape_Leng": 565.53119095099999 }, "geometry": { "type": "LineString", "coordinates": [ [ 459836.012470724992454, 848371.709179738536477 ], [ 459870.408372358419001, 848371.047779707238078 ], [ 459891.575073364190757, 848368.071179565042257 ], [ 459916.049074525944889, 848365.094679424539208 ], [ 459948.129876050166786, 848361.456579251214862 ], [ 459962.020476710051298, 848360.464379204437137 ], [ 459976.903377416543663, 848362.118079282343388 ], [ 459990.463278060778975, 848364.433179393410683 ], [ 460001.377378579229116, 848366.748279502615333 ], [ 460012.952879128977656, 848367.078979518264532 ], [ 460021.551879537291825, 848367.409779533743858 ], [ 460029.158679898828268, 848370.055579660460353 ], [ 460034.781080165877938, 848372.370679769665003 ], [ 460045.695180684328079, 848372.370679769665003 ], [ 460057.932181265205145, 848373.032179800793529 ], [ 460071.161381893791258, 848378.654580067843199 ], [ 460081.744682396762073, 848380.308180145919323 ], [ 460090.343682805076241, 848381.961880225688219 ], [ 460099.273383229039609, 848382.292580241337419 ], [ 460109.525983716361225, 848385.599880397319794 ], [ 460116.802084061317146, 848387.584280492737889 ], [ 460128.708384627476335, 848390.230080617591739 ], [ 460138.960985113866627, 848393.537380775436759 ], [ 460157.481785994023085, 848395.852480884641409 ], [ 460169.71878657490015, 848397.50618096254766 ], [ 460182.286587172187865, 848399.490581057965755 ], [ 460193.862087721936405, 848401.805681167170405 ], [ 460208.083488397300243, 848403.459281247109175 ], [ 460223.297089119441807, 848405.774381356313825 ], [ 460235.534089701250196, 848406.76658140309155 ], [ 460249.424690361134708, 848409.081681514158845 ], [ 460262.653890988789499, 848412.38898167014122 ], [ 460277.536791696213186, 848415.365581812337041 ], [ 460299.034192717634141, 848419.665082015097141 ], [ 460314.909193471074104, 848423.633782204240561 ], [ 460331.114994240924716, 848425.618182297796011 ], [ 460348.643695073202252, 848428.925482455641031 ], [ 460361.872895701788366, 848431.571282582357526 ], [ 460391.96929713152349, 848437.193682849407196 ], [ 460392.299997147172689, 848436.862982831895351 ] ] } },
{ "type": "Feature", "properties": { "OBJECTID": 64, "Name": null, "ClassID": 0, "Surface": "DIRT", "Width": 5.0, "Shape_Leng": 347.14935696100002 }, "geometry": { "type": "LineString", "coordinates": [ [ 460359.557795591652393, 848431.240582564845681 ], [ 460363.195795765146613, 848396.183280900120735 ], [ 460362.534295733086765, 848361.787379266694188 ], [ 460364.187995811924338, 848346.904478559270501 ], [ 460366.172395906411111, 848337.974778136238456 ], [ 460363.526495780795813, 848331.36017782241106 ], [ 460363.857195796445012, 848309.201276769861579 ], [ 460362.865095748566091, 848284.727275606244802 ], [ 460365.180195858702064, 848251.985074050724506 ], [ 460365.841595890000463, 848225.857372811064124 ], [ 460367.16449595335871, 848194.768771333619952 ], [ 460367.495295968838036, 848164.010869873687625 ], [ 460367.825995984487236, 848147.80516910366714 ], [ 460373.117696235887706, 848135.898868538439274 ], [ 460401.229697571136057, 848102.164366936311126 ], [ 460405.198497760109603, 848098.195666747167706 ] ] } },
{ "type": "Feature", "properties": { "OBJECTID": 68, "Name": null, "ClassID": 0, "Surface": "DIRT", "Width": 4.0, "Shape_Leng": 481.37957763000003 }, "geometry": { "type": "LineString", "coordinates": [ [ 459991.786178124137223, 847776.064851446077228 ], [ 460031.143079993315041, 847776.064851446077228 ], [ 460063.885281547904015, 847778.049151541665196 ], [ 460076.452982145361602, 847780.364251650869846 ], [ 460093.650982961989939, 847780.695051666349173 ], [ 460114.156183935701847, 847782.348651744425297 ], [ 460133.007784831337631, 847789.293952075764537 ], [ 460140.283885177224874, 847792.601252231746912 ], [ 460175.671986857429147, 847803.184652734547853 ], [ 460188.90118748601526, 847806.491952892392874 ], [ 460208.083488397300243, 847805.830452861264348 ], [ 460217.013188821263611, 847799.877352576702833 ], [ 460222.966289103962481, 847793.593452278524637 ], [ 460230.242389449849725, 847785.655951902270317 ], [ 460235.203389685600996, 847778.049151541665196 ], [ 460238.510689842514694, 847770.773151194676757 ], [ 460244.794490140862763, 847765.481450943276286 ], [ 460258.685190800577402, 847764.489250896498561 ], [ 460272.906591475941241, 847763.497050849720836 ], [ 460278.85969175864011, 847762.50485080294311 ], [ 460285.474292073398829, 847758.536150613799691 ], [ 460290.765992324799299, 847756.221050504595041 ], [ 460297.711292654275894, 847757.874650582671165 ], [ 460306.310293062590063, 847758.866850629448891 ], [ 460314.578493455424905, 847761.512650756165385 ], [ 460318.547293644398451, 847762.174150787293911 ], [ 460325.823293989524245, 847766.142950974404812 ], [ 460339.713994649238884, 847764.489250896498561 ], [ 460348.312895057722926, 847769.119451116770506 ], [ 460364.187995811924338, 847772.426751274615526 ], [ 460378.078596471808851, 847774.080451352521777 ], [ 460390.977097083814442, 847774.080451352521777 ], [ 460408.174997901543975, 847776.064851446077228 ], [ 460422.396398576907814, 847774.741851383820176 ], [ 460430.995398985221982, 847779.372151603922248 ], [ 460441.578799488022923, 847786.317451933398843 ] ] } },
{ "type": "Feature", "properties": { "OBJECTID": 70, "Name": null, "ClassID": 0, "Surface": "DIRT", "Width": 7.0, "Shape_Leng": 172.35259234500001 }, "geometry": { "type": "LineString", "coordinates": [ [ 459933.733675366267562, 847259.350726904347539 ], [ 459959.678876598365605, 847273.299827566370368 ], [ 459983.950177751481533, 847287.806828254833817 ], [ 460002.083978612907231, 847295.618228627368808 ], [ 460010.453379010781646, 847297.292128706350923 ], [ 460028.029179845005274, 847297.292128706350923 ], [ 460043.094080560840666, 847295.618228627368808 ], [ 460051.742480971850455, 847293.944328546524048 ], [ 460059.274981329217553, 847290.038628362119198 ], [ 460070.99218188598752, 847284.459028096869588 ], [ 460087.730982680805027, 847276.368627712130547 ], [ 460091.915682879276574, 847274.136727606877685 ] ] } },
{ "type": "Feature", "properties": { "OBJECTID": 71, "Name": null, "ClassID": 0, "Surface": "DIRT", "Width": 7.0, "Shape_Leng": 274.327208144 }, "geometry": { "type": "LineString", "coordinates": [ [ 460091.07878283970058, 847274.136727606877685 ], [ 460107.259683608077466, 847267.999127315357327 ], [ 460116.465984045527875, 847266.604227248579264 ], [ 460126.788284535519779, 847266.88322726264596 ], [ 460135.994684972800314, 847269.115127367898822 ], [ 460143.248185317963362, 847274.694727633148432 ], [ 460150.222685649059713, 847281.111227937042713 ], [ 460155.523285901173949, 847284.459028096869588 ], [ 460165.287686364725232, 847287.806828254833817 ], [ 460178.120786974206567, 847291.712528441101313 ], [ 460187.885087437927723, 847294.781328586861491 ], [ 460200.718188047409058, 847295.897228639572859 ], [ 460216.062088776379824, 847297.292128706350923 ], [ 460230.290189452469349, 847297.85012873262167 ], [ 460240.054489916190505, 847298.129128746688366 ], [ 460252.32959049846977, 847295.060328600928187 ], [ 460263.209891015663743, 847290.317628374323249 ], [ 460276.321991638280451, 847287.806828254833817 ], [ 460290.270992301404476, 847285.295928135514259 ], [ 460303.662092937156558, 847286.690828202292323 ], [ 460315.658193507231772, 847288.364728281274438 ], [ 460332.118094288744032, 847292.549428481608629 ], [ 460346.625094977207482, 847299.245028799399734 ], [ 460352.762695268727839, 847299.802928825840354 ] ] } },
{ "type": "Feature", "properties": { "OBJECTID": 75, "Name": "Compact Road", "ClassID": 0, "Surface": "PAVED", "Width": 10.0, "Shape_Leng": 3051.5475830199998 }, "geometry": { "type": "LineString", "coordinates": [ [ 459875.907272620126605, 846982.348213747143745 ], [ 459879.938772811554372, 846961.93871277756989 ], [ 459885.986073098145425, 846935.985811544582248 ], [ 459897.576673649251461, 846911.040910359472036 ], [ 459907.655374127440155, 846891.387309426441789 ], [ 459947.214576006866992, 846839.229706948623061 ], [ 459978.710777502506971, 846804.205905286595225 ], [ 459996.096578328870237, 846784.048404328525066 ], [ 460023.561279633082449, 846753.812102891504765 ], [ 460095.87648306787014, 846671.418098978698254 ], [ 460141.230885221622884, 846621.528196608647704 ], [ 460162.144386215135455, 846597.843095483258367 ], [ 460236.979189769364893, 846513.181491462513804 ], [ 460255.120990631170571, 846493.023890504613519 ], [ 460298.459692689590156, 846443.133988136425614 ], [ 460333.490094353444874, 846403.46148625202477 ], [ 460346.130994954146445, 846386.185685431584716 ], [ 460356.665095454081893, 846368.90978460945189 ], [ 460371.834096174687147, 846341.521283309906721 ], [ 460389.109896995127201, 846302.755981467664242 ], [ 460401.329397575929761, 846264.412079647183418 ], [ 460409.756697976030409, 846223.961277725175023 ], [ 460411.863498075865209, 846200.786376625299454 ], [ 460414.812998216599226, 846173.819175343960524 ], [ 460413.970298176631331, 846128.733473202213645 ], [ 460408.913897936232388, 846088.704071301966906 ], [ 460401.750797595828772, 846057.944669840857387 ], [ 460393.744897215627134, 846031.398868579417467 ], [ 460382.789496695622802, 846003.167567238211632 ], [ 460365.934995895251632, 845968.615865597501397 ], [ 460351.187395194545388, 845943.755564415827394 ], [ 460334.754194414243102, 845915.945663096383214 ], [ 460314.528893453069031, 845883.500761555507779 ], [ 460302.309392873197794, 845858.219060353934765 ], [ 460287.561692172661424, 845818.18965845182538 ], [ 460284.612192031927407, 845796.278857411816716 ], [ 460281.241291872225702, 845773.525256330147386 ], [ 460279.555791792459786, 845758.77755563147366 ], [ 460277.870391711592674, 845741.080354789271951 ], [ 460278.291691731661558, 845719.590953769162297 ], [ 460279.555791792459786, 845679.561551868915558 ], [ 460279.977191812358797, 845644.167150186374784 ], [ 460281.241291872225702, 845616.778548885136843 ], [ 460280.39849183242768, 845603.294948246330023 ], [ 460279.555791792459786, 845591.496847685426474 ], [ 460276.606291651725769, 845580.120047144591808 ], [ 460270.28579135145992, 845565.372446443885565 ], [ 460260.594490891322494, 845548.517945643514395 ], [ 460251.745890471152961, 845539.247945204377174 ], [ 460236.155489730648696, 845525.764344563707709 ], [ 460213.401988649740815, 845513.123543962836266 ], [ 460193.17658768966794, 845509.33124378323555 ], [ 460159.467586087994277, 845509.752643803134561 ], [ 460131.236384747549891, 845512.702143942937255 ], [ 460103.558083432726562, 845516.152244105935097 ], [ 460076.570482150651515, 845519.724144276231527 ], [ 460045.217280661687255, 845523.692944465205073 ], [ 460002.75157864484936, 845528.455444691702724 ], [ 459974.573377306573093, 845530.439844785258174 ], [ 459954.729576363228261, 845530.836644804105163 ], [ 459937.267075533978641, 845529.249144729226828 ], [ 459917.026374572888017, 845526.074144577607512 ], [ 459900.357673780992627, 845521.311644351109862 ], [ 459881.307572876103222, 845514.564744031056762 ], [ 459862.257571971043944, 845505.039743578061461 ], [ 459845.588771179318428, 845493.927243050187826 ], [ 459830.110670444555581, 845480.83034242875874 ], [ 459813.838669671677053, 845467.336541788652539 ], [ 459801.535569087602198, 845455.033441202715039 ], [ 459783.67616823874414, 845439.555240469053388 ], [ 459776.532367900013924, 845433.205240165814757 ], [ 459761.451067183166742, 845417.727139431983232 ], [ 459739.226066127419472, 845398.28013850748539 ], [ 459722.16036531701684, 845382.405137753114104 ], [ 459690.807263827882707, 845352.242536321282387 ], [ 459666.597762677818537, 845329.620635246858001 ], [ 459641.197761471383274, 845305.41123409755528 ], [ 459616.988360322080553, 845284.376833098009229 ], [ 459600.319559530355036, 845268.501832343637943 ], [ 459579.285158530808985, 845251.039231514558196 ], [ 459555.869457419030368, 845230.004830515012145 ], [ 459538.406956589780748, 845209.367329534143209 ], [ 459521.341255778446794, 845189.920428611338139 ], [ 459512.60995536390692, 845176.029727950692177 ], [ 459500.703754798509181, 845154.995326953008771 ], [ 459492.369354402646422, 845137.532826123759151 ], [ 459484.034954006783664, 845116.101525105535984 ], [ 459473.716153516434133, 845092.288923973217607 ], [ 459464.984853101894259, 845073.238923069089651 ], [ 459456.253652687184513, 845052.998222107067704 ], [ 459447.125452253967524, 845031.566921090707183 ], [ 459437.997351820580661, 845011.326320128515363 ], [ 459430.456651462242007, 844994.657519336789846 ], [ 459419.344150934368372, 844969.257418129593134 ], [ 459412.597250613383949, 844949.016817169263959 ], [ 459408.231650406494737, 844929.173016225919127 ], [ 459407.437950368970633, 844905.360415095463395 ], [ 459407.041050349362195, 844886.31041419133544 ], [ 459408.628550425171852, 844865.672813210636377 ], [ 459410.612950519658625, 844842.654112117365003 ], [ 459411.406650557182729, 844824.79461126960814 ], [ 459412.994150632992387, 844816.460310872644186 ], [ 459414.978550726547837, 844789.075809571892023 ], [ 459416.96295082103461, 844770.025808667764068 ], [ 459420.931651009246707, 844743.435107404366136 ], [ 459423.312951122410595, 844722.003806386142969 ], [ 459425.694151235744357, 844695.810005141422153 ] ] } },
{ "type": "Feature", "properties": { "OBJECTID": 77, "Name": null, "ClassID": 0, "Surface": "DIRT", "Width": 10.0, "Shape_Leng": 824.80095391700002 }, "geometry": { "type": "LineString", "coordinates": [ [ 460264.386791071854532, 845553.574245883151889 ], [ 460272.39269145205617, 845550.203345723450184 ], [ 460276.184891631826758, 845543.882945423945785 ], [ 460278.291691731661558, 845535.45574502274394 ], [ 460279.134391771629453, 845520.70804432220757 ], [ 460279.134391771629453, 845500.482643362134695 ], [ 460279.555791792459786, 845483.628142561763525 ], [ 460280.39849183242768, 845463.402841601520777 ], [ 460279.134391771629453, 845446.969640821218491 ], [ 460279.134391771629453, 845431.379240080714226 ], [ 460280.819891852326691, 845402.726638719439507 ], [ 460284.190792012028396, 845379.973137637600303 ], [ 460285.454892071895301, 845362.275936797261238 ], [ 460288.825792232528329, 845344.157335937023163 ], [ 460287.982992192730308, 845331.095135316252708 ], [ 460284.190792012028396, 845316.347434615716338 ], [ 460280.39849183242768, 845299.492933815345168 ], [ 460276.184891631826758, 845280.110332895070314 ], [ 460273.656691512092948, 845259.884931934997439 ], [ 460271.971291432157159, 845236.710030833259225 ], [ 460271.549891411326826, 845219.01282999292016 ], [ 460274.078091531991959, 845208.9001295119524 ], [ 460273.235391492024064, 845192.04562871158123 ], [ 460275.342191591858864, 845175.19112791121006 ], [ 460278.291691731661558, 845164.235727392137051 ], [ 460281.662591892294586, 845146.538526549935341 ], [ 460287.14029215183109, 845133.054925911128521 ], [ 460290.932592332363129, 845119.150025250390172 ], [ 460295.567592552863061, 845102.295524450019002 ], [ 460301.045292812399566, 845086.283823689445853 ], [ 460306.944293092936277, 845073.221523068845272 ], [ 460312.000693333335221, 845039.933921488001943 ], [ 460315.79289351310581, 845022.236720647662878 ], [ 460320.006593713536859, 845002.432719705626369 ], [ 460323.377493873238564, 844987.685019005089998 ], [ 460324.220193913206458, 844972.094618264585733 ], [ 460325.484293973073363, 844957.34701756387949 ], [ 460333.490094353444874, 844934.172116464003921 ], [ 460340.231894673779607, 844924.05941598303616 ], [ 460353.294195294380188, 844916.053515603765845 ], [ 460364.670895834453404, 844902.991314982995391 ], [ 460370.569996114820242, 844884.451314102858305 ], [ 460381.946796655654907, 844859.591012921184301 ], [ 460392.902197175659239, 844836.416111821308732 ], [ 460402.593497635796666, 844815.769310839474201 ], [ 460418.605298396199942, 844785.009909378364682 ], [ 460427.453898816369474, 844775.318608919158578 ] ] } },
{ "type": "Feature", "properties": { "OBJECTID": 78, "Name": null, "ClassID": 0, "Surface": "DIRT", "Width": 6.0, "Shape_Leng": 1853.0660753100001 }, "geometry": { "type": "LineString", "coordinates": [ [ 460428.717998877167702, 844775.739908939227462 ], [ 460445.572399677708745, 844773.211808819323778 ], [ 460454.842400117777288, 844773.211808819323778 ], [ 460464.955100597813725, 844773.211808819323778 ], [ 460481.809601398184896, 844773.633108839392662 ], [ 460487.708601678721607, 844776.582708979025483 ], [ 460495.714502058923244, 844781.217709198594093 ], [ 460503.299002419225872, 844787.116709480062127 ], [ 460513.411702899262309, 844796.808009939268231 ], [ 460520.153503219597042, 844804.392610300332308 ], [ 460528.159403599798679, 844811.555710639804602 ], [ 460535.743903960101306, 844817.033410899341106 ], [ 460545.856604441069067, 844820.404311060905457 ], [ 460556.812004961073399, 844822.089811140671372 ], [ 460570.295605601742864, 844819.983011040836573 ], [ 460586.728706382215023, 844813.662510739639401 ], [ 460595.998706822283566, 844805.656710360199213 ], [ 460599.790907002054155, 844800.600310118868947 ], [ 460606.954107342287898, 844786.274009438231587 ], [ 460613.695907662622631, 844774.897208899259567 ], [ 460628.02220834325999, 844765.627308458089828 ], [ 460640.24170892406255, 844760.149608198553324 ], [ 460657.09620972443372, 844747.508707597851753 ], [ 460669.315710304304957, 844740.345507258549333 ], [ 460688.698311225511134, 844728.547406697645783 ], [ 460705.131412005983293, 844718.013406196609139 ], [ 460724.935512945987284, 844703.265705496072769 ], [ 460735.469513447023928, 844696.102505156770349 ], [ 460744.31811386719346, 844691.467504935339093 ], [ 460758.223114527761936, 844690.624804895371199 ], [ 460766.228914908133447, 844688.93940481543541 ], [ 460780.555215587839484, 844685.147104635834694 ], [ 460790.667916068807244, 844680.512104416266084 ], [ 460799.095216468907893, 844671.663503995165229 ], [ 460804.57291672937572, 844661.550803514197469 ], [ 460807.943816889077425, 844649.331302935257554 ], [ 460810.050616988912225, 844637.533202374354005 ], [ 460809.20791694894433, 844627.841901913285255 ], [ 460807.943816889077425, 844619.41460151411593 ], [ 460804.994216749444604, 844609.72330105304718 ], [ 460804.151516708545387, 844602.138800693675876 ], [ 460804.57291672937572, 844596.661100432276726 ], [ 460808.365116909146309, 844590.340700132772326 ], [ 460815.106917229481041, 844578.542499572038651 ], [ 460821.848717549815774, 844569.693899152800441 ], [ 460826.905117789283395, 844565.901698971167207 ], [ 460842.074118509888649, 844551.575398292392492 ], [ 460854.715019110590219, 844537.248997611925006 ], [ 460860.614019391126931, 844522.079996891319752 ], [ 460865.670419630594552, 844506.489596150815487 ], [ 460869.884019831195474, 844492.163295470178127 ], [ 460874.097620030865073, 844477.836994789540768 ], [ 460879.996720311231911, 844458.875693889334798 ], [ 460883.367620471864939, 844440.335793007165194 ], [ 460885.053020551800728, 844423.059892186895013 ], [ 460889.688020771369338, 844405.362691346555948 ], [ 460892.216220892034471, 844388.508290546014905 ], [ 460897.272521131671965, 844377.974190045148134 ], [ 460901.907521352171898, 844367.440189545974135 ], [ 460909.913421732373536, 844357.327489065006375 ], [ 460918.340622132644057, 844346.372088544070721 ], [ 460929.296022652648389, 844328.674787703901529 ], [ 460933.088322833180428, 844317.71938718482852 ], [ 460932.245622793212533, 844305.921286623924971 ], [ 460930.138822693377733, 844296.229986162856221 ], [ 460926.767922532744706, 844284.010485582053661 ], [ 460924.661122432909906, 844270.105484923347831 ], [ 460924.661122432909906, 844257.885984342545271 ], [ 460923.818322393111885, 844247.351983841508627 ], [ 460920.026122212409973, 844233.868383200839162 ], [ 460915.391121992841363, 844217.856582440435886 ], [ 460909.070721692405641, 844203.530281759798527 ], [ 460902.328921372070909, 844188.361281039193273 ], [ 460903.171621412038803, 844175.299080420285463 ], [ 460904.435721471905708, 844165.607679959386587 ], [ 460905.278421511873603, 844155.073679458349943 ], [ 460905.699821532703936, 844128.106478177011013 ], [ 460907.385221612639725, 844108.302477236837149 ], [ 460908.22792165260762, 844091.026676416397095 ], [ 460911.177521792240441, 844072.908075556159019 ], [ 460912.86292187217623, 844059.845874935388565 ], [ 460914.548421952873468, 844040.884574035182595 ], [ 460917.919322112575173, 844018.130972953513265 ], [ 460919.604722192510962, 844002.540572213009 ], [ 460923.818322393111885, 843986.950271474197507 ], [ 460928.032022592611611, 843970.517070692032576 ], [ 460930.981522733345628, 843955.348069971427321 ], [ 460934.773722913116217, 843933.015868911519647 ], [ 460935.616522952914238, 843918.268168210983276 ], [ 460937.72332305368036, 843902.677767470479012 ], [ 460937.72332305368036, 843893.829167049378157 ], [ 460937.72332305368036, 843883.716566570103168 ], [ 460940.672823193483055, 843869.811565909534693 ], [ 460940.251523173414171, 843857.592065328732133 ], [ 460941.094223213382065, 843841.580364568158984 ], [ 460941.094223213382065, 843825.568563807755709 ], [ 460941.515523233450949, 843812.084963167086244 ], [ 460943.201023313216865, 843795.230462366715074 ], [ 460948.257323553785682, 843777.95466154627502 ], [ 460953.735023814253509, 843759.41476066596806 ], [ 460957.105923973955214, 843742.981559885665774 ], [ 460959.212724073790014, 843732.868959404528141 ], [ 460960.055524113588035, 843721.492158865556121 ], [ 460960.898224154487252, 843709.693958304822445 ], [ 460964.269124314188957, 843697.895857743918896 ], [ 460966.797324433922768, 843686.51905720308423 ], [ 460969.746824574656785, 843674.720956644043326 ], [ 460973.11772473435849, 843661.658756023272872 ], [ 460972.275024694390595, 843652.810155602172017 ], [ 460972.275024694390595, 843641.854755081236362 ], [ 460971.853624674491584, 843631.742054602131248 ], [ 460969.746824574656785, 843626.264354340732098 ], [ 460970.589524614624679, 843616.151653861626983 ], [ 460973.11772473435849, 843605.617553360760212 ], [ 460973.960424774326384, 843600.139853101223707 ], [ 460979.016825014725327, 843584.128152340650558 ], [ 460982.387725174427032, 843569.380451640114188 ], [ 460982.809025194495916, 843554.632750939577818 ], [ 460985.337225315161049, 843536.514250079169869 ], [ 460987.022625395096838, 843516.710149137303233 ], [ 460987.444025414995849, 843498.170248256996274 ], [ 460985.758525335229933, 843487.636247757822275 ], [ 460979.859525054693222, 843475.416747177019715 ], [ 460975.6459248540923, 843466.14674673601985 ], [ 460973.539024754427373, 843457.719546336680651 ], [ 460965.533224374055862, 843449.71364595554769 ], [ 460958.79142405372113, 843444.235945696011186 ], [ 460954.57782385405153, 843433.701845195144415 ], [ 460947.414623513817787, 843423.589144714176655 ], [ 460941.93692325334996, 843415.161944314837456 ], [ 460938.987423113547266, 843402.521043714135885 ], [ 460936.880623013712466, 843391.565643193200231 ], [ 460936.037822972983122, 843378.503442574292421 ], [ 460936.880623013712466, 843362.491641813889146 ], [ 460937.72332305368036, 843343.530440911650658 ], [ 460938.566023093648255, 843333.839040452614427 ], [ 460939.408723133616149, 843324.990440031513572 ] ] } },
{ "type": "Feature", "properties": { "OBJECTID": 80, "Name": null, "ClassID": 0, "Surface": "DIRT", "Width": 6.0, "Shape_Leng": 853.91138208400002 }, "geometry": { "type": "LineString", "coordinates": [ [ 460427.875198836438358, 844775.318608919158578 ], [ 460445.151099657639861, 844754.671807937324047 ], [ 460454.842400117777288, 844740.345507258549333 ], [ 460466.640500677749515, 844725.176506537944078 ], [ 460476.753201158717275, 844712.535605937242508 ], [ 460487.708601678721607, 844693.574405036866665 ], [ 460496.557202098891139, 844675.455804174765944 ], [ 460505.405802519060671, 844654.809003194794059 ], [ 460512.147602839395404, 844635.005002254620194 ], [ 460517.204003079794347, 844616.465101374313235 ], [ 460523.524403380230069, 844598.767900533974171 ], [ 460529.844803679734468, 844583.598899813368917 ], [ 460535.743903960101306, 844572.222099272534251 ], [ 460544.592504380270839, 844559.581198671832681 ], [ 460550.070204640738666, 844550.311298230662942 ], [ 460555.547904901206493, 844543.569497911259532 ], [ 460562.289705221541226, 844532.192697370424867 ], [ 460571.559705661609769, 844517.023696649819613 ], [ 460578.722806002013385, 844504.382796049118042 ], [ 460579.565606041811407, 844492.584695490077138 ], [ 460582.515106181614101, 844478.679694829508662 ], [ 460585.043306302279234, 844466.038894228637218 ], [ 460589.256906501948833, 844455.504793727770448 ], [ 460590.942306581884623, 844444.549393208697438 ], [ 460592.627806662581861, 844434.015392707660794 ], [ 460591.785106621682644, 844422.217192146927118 ], [ 460588.414206461980939, 844409.576391546055675 ], [ 460583.779206241481006, 844399.884991087019444 ], [ 460581.251006121747196, 844388.508290546014905 ], [ 460579.986906061880291, 844380.50239016674459 ], [ 460579.565606041811407, 844369.968289665877819 ], [ 460580.829706101678312, 844358.17018910497427 ], [ 460579.565606041811407, 844345.95068852417171 ], [ 460578.722806002013385, 844329.517587743699551 ], [ 460574.930605821311474, 844320.24758730456233 ], [ 460570.717005621641874, 844312.663086943328381 ], [ 460570.717005621641874, 844302.971786484122276 ], [ 460570.295605601742864, 844291.594985943287611 ], [ 460569.452905561774969, 844279.375485362485051 ], [ 460567.767405481077731, 844266.734584761783481 ], [ 460565.239305361174047, 844253.250984121114016 ], [ 460560.182905120775104, 844235.975183300673962 ], [ 460558.076105020940304, 844223.334282701835036 ], [ 460555.969304921105504, 844214.064382260665298 ], [ 460553.862504821270704, 844199.316681560128927 ], [ 460554.283804841339588, 844183.726280819624662 ], [ 460555.126604881137609, 844164.764979919418693 ], [ 460555.547904901206493, 844146.646479059010744 ], [ 460555.547904901206493, 844131.898778358474374 ], [ 460556.390704941004515, 844114.622877538204193 ], [ 460556.390704941004515, 844105.774277117103338 ], [ 460550.070204640738666, 844083.02077603712678 ], [ 460543.328404320403934, 844067.851775316521525 ], [ 460535.322603940032423, 844048.047674374654889 ], [ 460524.367103420197964, 844022.76597317494452 ], [ 460515.939903019927442, 844004.226072294637561 ], [ 460505.827202538959682, 843994.956071853637695 ], [ 460494.87180201895535, 843989.899771614000201 ] ] } },
{ "type": "Feature", "properties": { "OBJECTID": 82, "Name": null, "ClassID": 0, "Surface": "DIRT", "Width": 6.0, "Shape_Leng": 347.65842392799999 }, "geometry": { "type": "LineString", "coordinates": [ [ 460495.293202038854361, 843990.321071634069085 ], [ 460478.438701238483191, 843997.905671993270516 ], [ 460462.848300497978926, 844003.383372254669666 ], [ 460447.679299777373672, 844006.754272414371371 ], [ 460425.768398736603558, 844008.018372474238276 ], [ 460412.284798095934093, 844010.967872614040971 ], [ 460393.32359719555825, 844012.65327269397676 ], [ 460374.36229629535228, 844015.18147281371057 ], [ 460356.665095454081893, 844016.866972893476486 ], [ 460346.130994954146445, 844021.501873115077615 ], [ 460330.54059421364218, 844019.816473035141826 ], [ 460310.736593273468316, 844015.602872833609581 ], [ 460289.247092252597213, 844008.861072514206171 ], [ 460264.808091091923416, 844003.383372254669666 ], [ 460241.633189991116524, 844000.855172133073211 ], [ 460221.407789030112326, 843999.169772053137422 ], [ 460202.867888149805367, 843996.641571933403611 ], [ 460181.799787148833275, 843993.270671773701906 ], [ 460161.153086167760193, 843990.742471653968096 ], [ 460155.253985888324678, 843989.899771614000201 ] ] } },
{ "type": "Feature", "properties": { "OBJECTID": 83, "Name": null, "ClassID": 0, "Surface": "DIRT", "Width": 4.0, "Shape_Leng": 631.20083593300001 }, "geometry": { "type": "LineString", "coordinates": [ [ 460282.681291940622032, 845386.371637942269444 ], [ 460292.899692425504327, 845381.773337723687291 ], [ 460307.205493105575442, 845377.685937529429793 ], [ 460320.489393736235797, 845379.218737602233887 ], [ 460339.904394658282399, 845385.860737917944789 ], [ 460357.786595507524908, 845391.480838185176253 ], [ 460377.201596429571509, 845395.568238379433751 ], [ 460388.441896963864565, 845401.188338646665215 ], [ 460398.66029744874686, 845407.830238960683346 ], [ 460412.966098128817976, 845411.406739130616188 ], [ 460429.315498905256391, 845413.961339252069592 ], [ 460446.175899705849588, 845417.537739422172308 ], [ 460468.65640077367425, 845420.092339543625712 ], [ 460485.005901549942791, 845423.157939689233899 ], [ 460497.778902157209814, 845420.092339543625712 ], [ 460512.595602860674262, 845410.38483908213675 ], [ 460523.835803395137191, 845401.188338646665215 ], [ 460539.674404147081077, 845390.458938136696815 ], [ 460551.936504729092121, 845379.729637626558542 ], [ 460563.17670526355505, 845365.423836946487427 ], [ 460578.504305991344154, 845351.629036292433739 ], [ 460596.386506840586662, 845336.301435563713312 ], [ 460609.159607447683811, 845325.572035053744912 ], [ 460623.465308126993477, 845312.799034448340535 ], [ 460640.325708927586675, 845301.047933889552951 ], [ 460658.718809801153839, 845295.42773362249136 ], [ 460673.024610481224954, 845295.42773362249136 ], [ 460677.112010674551129, 845301.558833913877606 ], [ 460681.710310893133283, 845313.820934496819973 ], [ 460679.666610796004534, 845322.506534907966852 ], [ 460678.644710747525096, 845331.703135345131159 ], [ 460679.155710771679878, 845341.921535830944777 ], [ 460686.308611111715436, 845347.541636098176241 ], [ 460693.972411476075649, 845350.096236219629645 ], [ 460706.234512058086693, 845351.118136268109083 ], [ 460713.898312422446907, 845352.139936316758394 ], [ 460721.562112785875797, 845357.249136559665203 ], [ 460728.204013101756573, 845358.781936632469296 ], [ 460729.225913150236011, 845363.38023685105145 ], [ 460732.802313320338726, 845367.467537043616176 ], [ 460738.422413586638868, 845370.02213716506958 ], [ 460744.042613853700459, 845373.598637335002422 ], [ 460749.151814096607268, 845377.175037505105138 ], [ 460753.750114315189421, 845382.284237748011947 ], [ 460759.881114605814219, 845386.8825379665941 ], [ 460764.990314848721027, 845392.502638233825564 ], [ 460776.230615383014083, 845396.590038428083062 ], [ 460786.959915892221034, 845398.122838500887156 ], [ 460797.689216402359307, 845398.122838500887156 ] ] } },
{ "type": "Feature", "properties": { "OBJECTID": 84, "Name": null, "ClassID": 0, "Surface": "DIRT", "Width": 5.0, "Shape_Leng": 248.48142896300001 }, "geometry": { "type": "LineString", "coordinates": [ [ 460666.893610189668834, 845294.916833598166704 ], [ 460669.448210311122239, 845282.143832990899682 ], [ 460668.426310262642801, 845268.348932337015867 ], [ 460666.893610189668834, 845258.13053185120225 ], [ 460662.806209995411336, 845245.357531243935227 ], [ 460659.740709849633276, 845232.58453063853085 ], [ 460658.207909776829183, 845220.322430055588484 ], [ 460661.273409922607243, 845208.571229496970773 ], [ 460669.448210311122239, 845197.8419289868325 ], [ 460681.710310893133283, 845195.798228889703751 ], [ 460698.570611693896353, 845197.8419289868325 ], [ 460708.789112179540098, 845200.907429132610559 ], [ 460723.605812883004546, 845204.483929302543402 ], [ 460740.466113683767617, 845207.038529423996806 ], [ 460763.968514800071716, 845213.680429739877582 ], [ 460780.317915576510131, 845217.767829934135079 ], [ 460795.645516305230558, 845221.855230128392577 ], [ 460812.505917105823755, 845225.431630298495293 ] ] } },
{ "type": "Feature", "properties": { "OBJECTID": 85, "Name": null, "ClassID": 0, "Surface": "GRAVEL", "Width": 8.0, "Shape_Leng": 1335.6007912800001 }, "geometry": { "type": "LineString", "coordinates": [ [ 459425.297351216897368, 844697.000605199486017 ], [ 459410.21605050098151, 844702.556905463337898 ], [ 459399.103549973107874, 844705.335005594417453 ], [ 459391.959749633446336, 844708.906905764713883 ], [ 459385.609749332070351, 844714.066306009888649 ], [ 459380.450349086895585, 844723.194406442344189 ], [ 459375.290948841720819, 844738.27570715919137 ], [ 459373.703448765911162, 844753.357007876038551 ], [ 459379.656549049541354, 844762.088308289647102 ], [ 459387.990949445404112, 844767.644508553668857 ], [ 459398.706649953499436, 844770.025808667764068 ], [ 459409.819150481373072, 844771.216408723965287 ], [ 459422.91605110373348, 844772.407008780166507 ], [ 459431.250451499596238, 844773.200808817520738 ], [ 459441.172351971268654, 844772.407008780166507 ], [ 459454.26925259269774, 844767.644508553668857 ], [ 459463.000553008168936, 844761.294508252292871 ], [ 459469.74735332839191, 844751.372607780620456 ], [ 459477.288053686730564, 844741.450707310810685 ], [ 459491.575554365292192, 844731.925706857815385 ], [ 459502.291254874318838, 844722.400706404820085 ], [ 459512.60995536390692, 844713.669405991211534 ], [ 459523.325655872933567, 844703.747505519539118 ], [ 459539.994456664659083, 844689.856904858723283 ], [ 459559.044457569718361, 844674.378704125061631 ], [ 459576.903858417645097, 844658.900603389367461 ], [ 459593.175759190693498, 844645.803702767938375 ], [ 459606.272659813053906, 844634.294302221387625 ], [ 459623.338360623456538, 844619.213001504540443 ], [ 459635.244561188854277, 844611.672401145100594 ], [ 459651.516561961732805, 844598.178600504994392 ], [ 459660.247762376442552, 844588.653600051999092 ], [ 459665.407162621617317, 844576.747299486771226 ], [ 459668.979062790982425, 844563.253498846665025 ], [ 459672.154062941670418, 844548.965998167172074 ], [ 459678.504063243977726, 844538.647197676822543 ], [ 459685.647863582707942, 844530.312797281891108 ], [ 459695.172864035703242, 844523.962796980515122 ], [ 459703.904164450243115, 844521.978396885097027 ], [ 459718.191665128804743, 844519.993996791541576 ], [ 459729.304165656678379, 844520.390896810218692 ], [ 459742.797966297715902, 844519.200296754017472 ], [ 459755.101066881790757, 844518.803396735340357 ], [ 459766.213667409494519, 844516.025296602398157 ], [ 459777.722967956215143, 844511.659696396440268 ], [ 459786.454268370755017, 844504.515896055847406 ], [ 459793.598068710416555, 844495.38769562356174 ], [ 459803.916869200766087, 844484.67209511436522 ], [ 459809.076169445179403, 844474.750194642692804 ], [ 459816.219969784840941, 844463.240794096142054 ], [ 459828.919970387592912, 844442.603293115273118 ], [ 459839.238770877942443, 844425.140692286193371 ], [ 459849.954371387138963, 844408.471991494297981 ], [ 459858.685671801678836, 844392.199990721419454 ], [ 459868.607572273351252, 844380.69069017469883 ], [ 459876.94197266921401, 844371.165589721873403 ], [ 459888.848273234441876, 844361.243689252063632 ], [ 459908.29517415817827, 844350.924988761544228 ], [ 459929.329575156792998, 844339.415588214993477 ], [ 459948.379576061852276, 844330.287387780845165 ], [ 459967.429676966741681, 844320.36548730917275 ], [ 459988.464077966287732, 844308.45928674377501 ], [ 460007.514078870415688, 844296.949886197224259 ], [ 460025.373479719273746, 844286.234185688197613 ], [ 460047.995480793528259, 844275.121685160323977 ], [ 460069.029881792142987, 844262.818484576418996 ], [ 460076.96738216932863, 844258.849784387275577 ], [ 460118.242484129965305, 844238.212183408439159 ], [ 460134.514384903013706, 844228.687182955443859 ], [ 460148.404985562898219, 844220.749682577326894 ], [ 460157.533185996115208, 844213.209082219749689 ], [ 460163.089386260136962, 844206.065281881019473 ], [ 460168.645686523988843, 844199.318381560966372 ], [ 460170.233186599798501, 844192.174681220203638 ], [ 460171.026886637322605, 844183.840280825272202 ], [ 460170.233186599798501, 844175.108980409801006 ], [ 460166.66128642950207, 844162.012079788371921 ], [ 460162.692586241289973, 844149.708879204466939 ], [ 460159.120686071924865, 844142.962078884243965 ], [ 460155.548785901628435, 844135.024478506296873 ], [ 460152.373785750940442, 844126.690178111195564 ], [ 460150.786285676062107, 844110.815077356994152 ], [ 460148.801885581575334, 844094.543176583945751 ], [ 460148.801885581575334, 844081.049375941976905 ], [ 460148.801885581575334, 844067.55567530170083 ], [ 460149.595685618929565, 844052.077474566176534 ], [ 460148.801885581575334, 844038.980573944747448 ], [ 460148.404985562898219, 844027.868073416873813 ], [ 460150.786285676062107, 844016.755572889000177 ], [ 460151.976885732263327, 844010.405572587624192 ], [ 460153.564385808072984, 843996.911771945655346 ], [ 460156.342485940083861, 843989.76797160692513 ] ] } },
{ "type": "Feature", "properties": { "OBJECTID": 86, "Name": null, "ClassID": 0, "Surface": "GRAVEL", "Width": 8.0, "Shape_Leng": 1250.0859311199999 }, "geometry": { "type": "LineString", "coordinates": [ [ 460155.945685921236873, 843990.164871625602245 ], [ 460157.929986014962196, 843977.464871022850275 ], [ 460163.486286278814077, 843965.558570457622409 ], [ 460169.836286580190063, 843949.286669684574008 ], [ 460176.583186901174486, 843933.411668930202723 ], [ 460182.139487165026367, 843919.520968271419406 ], [ 460193.251987692900002, 843894.517767082899809 ], [ 460201.58638808876276, 843875.864666197448969 ], [ 460208.730088427662849, 843858.798965387046337 ], [ 460214.28638869151473, 843842.527064613997936 ], [ 460218.255188880488276, 843828.636363953351974 ], [ 460217.064488823525608, 843818.714563483372331 ], [ 460213.4925886541605, 843809.983263067901134 ], [ 460208.730088427662849, 843803.633262766525149 ], [ 460196.426987843587995, 843793.314462276175618 ], [ 460186.108187353238463, 843782.598861766979098 ], [ 460178.567586995661259, 843777.439461521804333 ], [ 460166.66128642950207, 843768.311261087656021 ], [ 460155.548785901628435, 843760.770660730078816 ], [ 460146.817485487088561, 843753.230060372501612 ], [ 460142.848785298876464, 843748.070660127326846 ], [ 460138.879985109902918, 843738.14875965565443 ], [ 460134.911184921860695, 843727.829959165304899 ], [ 460131.736184771172702, 843716.717458637431264 ], [ 460130.148684695363045, 843707.192458186298609 ], [ 460120.623684243299067, 843669.88605641387403 ], [ 460116.65498405508697, 843649.248555433005095 ], [ 460112.686183866113424, 843625.436054302379489 ], [ 460107.923683639615774, 843601.623453171923757 ], [ 460103.558083432726562, 843584.557752361521125 ], [ 460100.383083282038569, 843570.270251682028174 ], [ 460097.604883150197566, 843556.776451041921973 ], [ 460094.42988299857825, 843546.060850532725453 ], [ 460092.842382923699915, 843531.773349853232503 ], [ 460094.826783018186688, 843515.104549061506987 ], [ 460097.604883150197566, 843496.45134817622602 ], [ 460103.954883451573551, 843467.082546781748533 ], [ 460107.129883602261543, 843451.207546027377248 ], [ 460108.320583659224212, 843437.713745385408401 ], [ 460109.511183715425432, 843424.2199447453022 ], [ 460109.908083734102547, 843410.726244105026126 ], [ 460108.320583659224212, 843400.407443614676595 ], [ 460108.320583659224212, 843387.707443010061979 ], [ 460113.876783922314644, 843375.801142444834113 ], [ 460115.067483979277313, 843359.926141690462828 ], [ 460115.861184016801417, 843343.257340898737311 ], [ 460119.036184167489409, 843328.969740221276879 ], [ 460123.401784375309944, 843310.713539354503155 ], [ 460130.148684695363045, 843300.791638882830739 ], [ 460154.358185845427215, 843273.407137582078576 ], [ 460175.392586844973266, 843249.197736432775855 ], [ 460199.601987994275987, 843222.607035169377923 ], [ 460207.936388390138745, 843211.097634622827172 ], [ 460215.476988748647273, 843203.953934282064438 ], [ 460222.223889068700373, 843194.825733849778771 ], [ 460228.17708935122937, 843178.950733095407486 ], [ 460230.558289464563131, 843161.488232266157866 ], [ 460230.955189483240247, 843144.025631437078118 ], [ 460228.17708935122937, 843124.975630531087518 ], [ 460224.605189181864262, 843105.528729608282447 ], [ 460223.414489125832915, 843094.019329061731696 ], [ 460218.255188880488276, 843074.969328155741096 ], [ 460211.111388540826738, 843059.094227403402328 ], [ 460201.58638808876276, 843039.250426460057497 ], [ 460192.855087674222887, 843024.566025761887431 ], [ 460180.551987089216709, 843007.103524932637811 ], [ 460172.217586693353951, 842992.41912423633039 ], [ 460166.264386410824955, 842978.13162355683744 ], [ 460159.517486090771854, 842960.272222708910704 ], [ 460147.214385505765676, 842922.569020917639136 ], [ 460140.07058516703546, 842902.328319955617189 ], [ 460134.117484884336591, 842887.643919259309769 ], [ 460131.736184771172702, 842880.103218900039792 ], [ 460129.354984657838941, 842870.975118467584252 ], [ 460131.339384752325714, 842854.306317675858736 ] ] } },
{ "type": "Feature", "properties": { "OBJECTID": 87, "Name": null, "ClassID": 0, "Surface": "GRAVEL", "Width": 7.0, "Shape_Leng": 286.466037191 }, "geometry": { "type": "LineString", "coordinates": [ [ 460131.339384752325714, 842854.306317675858736 ], [ 460151.579985713586211, 842852.32191758044064 ], [ 460170.630086618475616, 842851.925117561593652 ], [ 460193.251987692900002, 842851.925117561593652 ], [ 460211.905088578350842, 842851.925117561593652 ], [ 460236.114589728415012, 842853.115717619657516 ], [ 460265.483391123823822, 842852.718817600980401 ], [ 460277.786491707898676, 842850.734417505562305 ], [ 460289.295892254449427, 842847.162617336958647 ], [ 460301.202192820608616, 842842.40001711063087 ], [ 460309.139693196862936, 842838.034416902810335 ], [ 460323.824093895033002, 842831.287516582757235 ], [ 460342.874194799922407, 842822.15941614843905 ], [ 460367.877295986749232, 842811.046915620565414 ], [ 460392.483597155660391, 842800.331215111538768 ], [ 460404.389897720888257, 842792.393714735284448 ] ] } },
{ "type": "Feature", "properties": { "OBJECTID": 88, "Name": null, "ClassID": 0, "Surface": "GRAVEL", "Width": 8.0, "Shape_Leng": 327.37823617100003 }, "geometry": { "type": "LineString", "coordinates": [ [ 460404.786797740496695, 842792.790614753961563 ], [ 460424.233698664233088, 842784.456214357167482 ], [ 460440.108699417673051, 842776.915513999760151 ], [ 460456.380600190721452, 842766.993713527917862 ], [ 460473.843201019801199, 842756.278013018891215 ], [ 460482.971301454119384, 842747.149912586435676 ], [ 460494.08380198199302, 842733.259211925789714 ], [ 460504.005702452734113, 842720.956111341714859 ], [ 460511.546402811072767, 842708.256010739132762 ], [ 460524.643303433433175, 842698.334110267460346 ], [ 460535.75580396130681, 842697.143510211259127 ], [ 460543.296404318884015, 842692.777910003438592 ], [ 460554.012104827910662, 842687.618509758263826 ], [ 460568.696505525149405, 842680.871609438210726 ], [ 460574.649605807848275, 842672.93410906009376 ], [ 460581.793406147509813, 842660.23410845734179 ], [ 460582.190206166356802, 842649.518407948315144 ], [ 460579.412106034345925, 842640.390307515859604 ], [ 460576.634005902335048, 842630.071507025510073 ], [ 460574.252705789171159, 842613.402706233784556 ], [ 460574.649605807848275, 842600.702705629169941 ], [ 460577.82460595946759, 842592.765205252915621 ], [ 460575.443405846133828, 842584.033904837444425 ], [ 460570.680805619806051, 842575.302704423666 ], [ 460574.252705789171159, 842564.983903933316469 ] ] } },
{ "type": "Feature", "properties": { "OBJECTID": 89, "Name": null, "ClassID": 0, "Surface": "GRAVEL", "Width": 5.0, "Shape_Leng": 844.34843929299996 }, "geometry": { "type": "LineString", "coordinates": [ [ 460502.02130235824734, 842724.131111493334174 ], [ 460496.862002113834023, 842740.006112245842814 ], [ 460499.243202226236463, 842753.103012869134545 ], [ 460502.02130235824734, 842764.612413415685296 ], [ 460504.799502490088344, 842776.915513999760151 ], [ 460504.005702452734113, 842781.281214207410812 ], [ 460508.768202679231763, 842797.553114980459213 ], [ 460508.768202679231763, 842802.712515225633979 ], [ 460516.308903037570417, 842822.556316167116165 ], [ 460522.262003320269287, 842848.353217393159866 ], [ 460525.833903489634395, 842876.531418731436133 ], [ 460531.787003772333264, 842890.818919409066439 ], [ 460532.977603828534484, 842903.518920013681054 ], [ 460540.121404168196023, 842933.284621426835656 ], [ 460545.280804413370788, 842952.334622330963612 ], [ 460549.249604601413012, 842973.369123330339789 ], [ 460553.218304790556431, 842991.625324197113514 ], [ 460556.790204959921539, 843019.009825497865677 ], [ 460560.362105129286647, 843026.947325875982642 ], [ 460562.34650522377342, 843037.662926385179162 ], [ 460563.140205261297524, 843047.187926836311817 ], [ 460563.537105279974639, 843059.491127422079444 ], [ 460566.712105431593955, 843068.619227854534984 ], [ 460569.887105582281947, 843080.128628401085734 ], [ 460580.205906071700156, 843121.006830343976617 ], [ 460584.174606260843575, 843141.247531304135919 ], [ 460588.143406448885798, 843157.916332095861435 ], [ 460596.080906826071441, 843175.775732943788171 ], [ 460609.177807448431849, 843190.460133641958237 ], [ 460625.052808201871812, 843197.603933980688453 ], [ 460644.896609145216644, 843208.716434508562088 ], [ 460665.931010143831372, 843215.860234849154949 ], [ 460680.615410841070116, 843223.003935188055038 ], [ 460701.253011821769178, 843231.338335582986474 ], [ 460725.065512952394783, 843241.26023605465889 ], [ 460746.893713989295065, 843251.182136526331306 ], [ 460770.309415102005005, 843258.72273688390851 ], [ 460793.725016213953495, 843268.644637355580926 ], [ 460817.537617344409227, 843277.375937771052122 ], [ 460833.809518117457628, 843285.710338165983558 ], [ 460878.656420247629285, 843302.379138957709074 ], [ 460905.247121511027217, 843314.285339523106813 ], [ 460927.472222566604614, 843325.794740069657564 ], [ 460939.378423132002354, 843328.969740221276879 ] ] } },
{ "type": "Feature", "properties": { "OBJECTID": 91, "Name": null, "ClassID": 0, "Surface": "DIRT", "Width": 5.0, "Shape_Leng": 177.74359338799999 }, "geometry": { "type": "LineString", "coordinates": [ [ 460445.049299652688205, 844186.15298093482852 ], [ 460427.384898813441396, 844197.428181471303105 ], [ 460419.868098456412554, 844197.428181471303105 ], [ 460411.223698046058416, 844197.804081488400698 ], [ 460404.082797707058489, 844201.186581648886204 ], [ 460393.935097225010395, 844210.206782076507807 ], [ 460389.049196993000805, 844216.59608238004148 ], [ 460382.284096671268344, 844221.857782630249858 ], [ 460371.008896135725081, 844226.743782863020897 ], [ 460355.599395403638482, 844223.73698271997273 ], [ 460337.183294529095292, 844217.347782416269183 ], [ 460323.652993886731565, 844211.710182148963213 ], [ 460312.753693369217217, 844210.95848211273551 ], [ 460297.720092655159533, 844213.96518225595355 ], [ 460289.451592261902988, 844218.851082488894463 ], [ 460286.068992101587355, 844221.857782630249858 ] ] } },
{ "type": "Feature", "properties": { "OBJECTID": 92, "Name": null, "ClassID": 0, "Surface": "DIRT", "Width": 5.0, "Shape_Leng": 81.202595716700003 }, "geometry": { "type": "LineString", "coordinates": [ [ 460168.806986532174051, 844198.555781524628401 ], [ 460175.57208685297519, 844188.783881060779095 ], [ 460183.840587246231735, 844180.139580648392439 ], [ 460193.98818772751838, 844171.119380220770836 ], [ 460204.887588245794177, 844169.240180131047964 ], [ 460217.666188852861524, 844170.74358020350337 ], [ 460225.182989209890366, 844174.126180363819003 ], [ 460230.820589477196336, 844184.273780845105648 ] ] } },
{ "type": "Feature", "properties": { "OBJECTID": 93, "Name": null, "ClassID": 0, "Surface": "GRAVEL", "Width": 6.0, "Shape_Leng": 443.80273855899998 }, "geometry": { "type": "LineString", "coordinates": [ [ 459393.824949721805751, 844769.456708639860153 ], [ 459381.798049150966108, 844778.101009050384164 ], [ 459374.281248793937266, 844787.497009497135878 ], [ 459366.388648418709636, 844794.637909837067127 ], [ 459360.375148133374751, 844798.772210033610463 ], [ 459336.697247008793056, 844810.79901060461998 ], [ 459304.375045473687351, 844826.960211372002959 ], [ 459266.039343652315438, 844844.624612210318446 ], [ 459217.931841367855668, 844869.054213371127844 ], [ 459172.455139207653701, 844890.477114388719201 ], [ 459135.998737475834787, 844908.141615226864815 ], [ 459084.508635030128062, 844934.82621649466455 ], [ 459064.964934102259576, 844947.228917084634304 ], [ 459039.032032870687544, 844965.645117959007621 ], [ 459021.743332048878074, 844976.920318493619561 ], [ 459009.340631459839642, 844986.692118957638741 ] ] } },
{ "type": "Feature", "properties": { "OBJECTID": 94, "Name": null, "ClassID": 0, "Surface": "GRAVEL", "Width": 8.0, "Shape_Leng": 50.9167985845 }, "geometry": { "type": "LineString", "coordinates": [ [ 459373.529548757709563, 844751.416307782754302 ], [ 459367.891948490403593, 844761.939908282831311 ], [ 459359.247648079879582, 844767.953308569267392 ], [ 459359.247648079879582, 844773.966708853840828 ], [ 459361.502648186869919, 844782.235209247097373 ], [ 459364.133548311889172, 844793.510409783571959 ], [ 459364.509448329918087, 844795.765409890562296 ] ] } },
{ "type": "Feature", "properties": { "OBJECTID": 95, "Name": null, "ClassID": 0, "Surface": "DIRT", "Width": 6.0, "Shape_Leng": 269.47177870899998 }, "geometry": { "type": "LineString", "coordinates": [ [ 459359.247648079879582, 844769.456708639860153 ], [ 459339.703947151079774, 844770.20830867625773 ], [ 459314.522645954973996, 844768.705008605495095 ], [ 459295.354845045134425, 844766.449908496811986 ], [ 459280.321244331076741, 844761.564008265733719 ], [ 459275.059444081038237, 844750.664707748219371 ], [ 459276.187044134363532, 844739.389507211744785 ], [ 459280.321244331076741, 844731.121006820350885 ], [ 459282.576244438067079, 844725.859206570312381 ], [ 459277.314544187858701, 844719.8458062838763 ], [ 459273.931944027543068, 844711.953105909749866 ], [ 459277.690344206057489, 844703.308805499225855 ], [ 459281.072944366373122, 844693.912805052474141 ], [ 459274.683644062839448, 844678.879204338416457 ], [ 459262.280943473801017, 844666.476503748446703 ], [ 459245.743942688219249, 844665.349003694951534 ], [ 459234.844642170704901, 844675.872504195198417 ], [ 459227.703641831874847, 844690.530304891988635 ], [ 459220.938541510142386, 844703.684705516323447 ], [ 459212.670041117817163, 844720.221606301143765 ] ] } },
{ "type": "Feature", "properties": { "OBJECTID": 96, "Name": "Compact Road", "ClassID": 0, "Surface": "PAVED", "Width": 11.0, "Shape_Leng": 7442.8156654200002 }, "geometry": { "type": "LineString", "coordinates": [ [ 459426.147151256911457, 844696.543705176562071 ], [ 459431.033051488921046, 844667.979903820902109 ], [ 459437.42235179245472, 844640.543502517044544 ], [ 459448.321752310730517, 844605.966300874948502 ], [ 459458.469352792948484, 844580.033299643546343 ], [ 459464.858653095550835, 844556.731198536232114 ], [ 459473.12715348880738, 844533.804997447878122 ], [ 459482.147353917360306, 844505.241196090355515 ], [ 459487.409054166637361, 844481.939094984903932 ], [ 459490.791654327884316, 844460.516193967312574 ], [ 459491.543354363180697, 844440.972493037581444 ], [ 459490.415754309855402, 844421.804692128673196 ], [ 459492.294954399578273, 844382.341490253806114 ], [ 459492.670854416675866, 844357.160189056769013 ], [ 459493.422554452903569, 844334.609787985682487 ], [ 459493.422554452903569, 844308.676886754110456 ], [ 459493.798354470171034, 844276.354585219174623 ], [ 459493.798354470171034, 844248.91828391700983 ], [ 459493.798354470171034, 844209.455082042142749 ], [ 459494.174154488369823, 844186.15298093482852 ], [ 459497.18095463141799, 844167.73688006028533 ], [ 459502.066854863427579, 844147.817379113286734 ], [ 459510.335355255752802, 844123.011877935379744 ], [ 459520.858855755999684, 844097.830576740205288 ], [ 459527.623956076800823, 844077.911075793206692 ], [ 459540.778356702066958, 844044.461374204605818 ], [ 459547.919357040897012, 844023.038473187014461 ], [ 459553.556957309134305, 844002.743072222918272 ], [ 459556.563657451421022, 843981.320271205157042 ], [ 459557.315357487648726, 843960.649070223793387 ], [ 459556.563657451421022, 843935.091869009658694 ], [ 459554.684457362629473, 843920.05826829560101 ], [ 459550.550157166086137, 843902.393867457285523 ], [ 459544.912556898780167, 843883.601866563782096 ], [ 459537.019956523552537, 843863.682365618646145 ], [ 459528.375656113028526, 843845.641964761540294 ], [ 459512.590355362743139, 843819.709063529968262 ], [ 459494.550054506398737, 843795.65526238642633 ], [ 459477.261353685520589, 843777.23916151188314 ], [ 459453.959352578036487, 843754.688760440796614 ], [ 459435.167351685464382, 843737.024259602651 ], [ 459416.751150811091065, 843718.983958745375276 ], [ 459409.234350454062223, 843710.715458352118731 ], [ 459378.415448989719152, 843681.775756977498531 ], [ 459359.999348115175962, 843662.607956068590283 ], [ 459345.341547419317067, 843647.198455335572362 ], [ 459325.797846490517259, 843627.654854407534003 ], [ 459305.502545527182519, 843606.231953389942646 ], [ 459287.838044688105583, 843588.191652532666922 ], [ 459269.046043795533478, 843568.272051587700844 ], [ 459257.770843259990215, 843550.607650747522712 ], [ 459249.878242884762585, 843528.433049695566297 ], [ 459248.374842813238502, 843510.016948821023107 ], [ 459248.374842813238502, 843494.23164807073772 ], [ 459250.254042902961373, 843476.191347213461995 ], [ 459255.515843152999878, 843461.157746499404311 ], [ 459264.911843598820269, 843444.996545732021332 ], [ 459278.066244224086404, 843427.70794491097331 ], [ 459292.723944920115173, 843411.922644160687923 ], [ 459308.509245669469237, 843391.251443179324269 ], [ 459321.287846276536584, 843376.593742482364178 ], [ 459329.55624666903168, 843365.694341965019703 ], [ 459338.576447097584605, 843353.291641376912594 ], [ 459346.093247454613447, 843340.513040769845247 ], [ 459353.610047811642289, 843323.600239966064692 ], [ 459356.992647972889245, 843315.331839572638273 ], [ 459366.764448436908424, 843284.13703809119761 ], [ 459374.657048811204731, 843258.579936876893044 ], [ 459384.053049257956445, 843229.264435485005379 ], [ 459392.321549650281668, 843207.841534467414021 ], [ 459402.84505015052855, 843190.177133629098535 ], [ 459416.375350792892277, 843170.633432701230049 ], [ 459425.395451221615076, 843163.492432361468673 ], [ 459441.180751970969141, 843149.96223171800375 ], [ 459456.214352685026824, 843139.438731217756867 ], [ 459476.509753649123013, 843124.405130503699183 ], [ 459495.301754541695118, 843110.499029844999313 ], [ 459511.838655327446759, 843095.841229148209095 ], [ 459528.375656113028526, 843078.928428344428539 ], [ 459544.160956862382591, 843055.250527219846845 ], [ 459550.550157166086137, 843039.089426452293992 ], [ 459557.315357487648726, 843019.545725524425507 ], [ 459560.322057629935443, 843004.512124810367823 ], [ 459561.449557683430612, 842986.471823953092098 ], [ 459560.322057629935443, 842972.189923275262117 ], [ 459558.81865755841136, 842959.787222685292363 ], [ 459554.684457362629473, 842924.458221007138491 ], [ 459550.926057184115052, 842893.263519525527954 ], [ 459547.167657005600631, 842866.578918257728219 ], [ 459546.415956969372928, 842859.813717937096953 ], [ 459544.160956862382591, 842839.142516955733299 ], [ 459540.778356702066958, 842813.961315758526325 ], [ 459538.147456577047706, 842784.645714366808534 ], [ 459535.516556452028453, 842761.343713259324431 ], [ 459529.127356148324907, 842714.739511046558619 ], [ 459526.872256041504443, 842693.692510046064854 ], [ 459526.496456023305655, 842676.02800920791924 ], [ 459528.375656113028526, 842656.108508260920644 ], [ 459532.885756326839328, 842636.189007315784693 ], [ 459538.147456577047706, 842616.645306387916207 ], [ 459546.040156952105463, 842597.101605458185077 ], [ 459556.939457469619811, 842578.309604566544294 ], [ 459568.966358040459454, 842561.396803762763739 ], [ 459584.751658790744841, 842542.229002851992846 ], [ 459603.543659683316946, 842524.188701996579766 ], [ 459623.838960647583008, 842503.141600996255875 ], [ 459637.369261289946735, 842488.108000282198191 ], [ 459646.389361718669534, 842478.336199818179011 ], [ 459656.912862217985094, 842465.557599211111665 ], [ 459662.550462486222386, 842455.034098710864782 ], [ 459667.812262735329568, 842442.631398122757673 ], [ 459672.698162968270481, 842427.973597425967455 ], [ 459676.456563146784902, 842409.181596532464027 ], [ 459677.208263182081282, 842392.268795730546117 ], [ 459674.57736305706203, 842379.866095140576363 ], [ 459671.194862896576524, 842357.691494086757302 ], [ 459664.053862556815147, 842343.033793391659856 ], [ 459655.033662129193544, 842327.624392660334706 ], [ 459643.006861557252705, 842314.094092017039657 ], [ 459630.979960986413062, 842301.691391427069902 ], [ 459618.57726039737463, 842287.033590732142329 ], [ 459610.684560022316873, 842279.89269039221108 ], [ 459588.669358977116644, 842250.657889002934098 ], [ 459577.602758451364934, 842236.573188334703445 ], [ 459570.560458116233349, 842218.464287474751472 ], [ 459566.536257925443351, 842197.337186470627785 ], [ 459561.505957686342299, 842180.234285658225417 ], [ 459561.505957686342299, 842167.155685037374496 ], [ 459563.518057782202959, 842151.058884272351861 ], [ 459561.505957686342299, 842124.901583030819893 ], [ 459559.493857590481639, 842098.74428178742528 ], [ 459559.493857590481639, 842075.605080688372254 ], [ 459551.445457208901644, 842046.429679304361343 ], [ 459539.372856635600328, 842024.29657825268805 ], [ 459524.282155918888748, 842004.175577295944095 ], [ 459511.203455297276378, 841984.054576341062784 ], [ 459496.112754580564797, 841962.927475336939096 ], [ 459469.955453338101506, 841937.77627414278686 ], [ 459451.846552478149533, 841910.612872852012515 ], [ 459430.76725147664547, 841886.299671698361635 ], [ 459411.58485056553036, 841861.164170503616333 ], [ 459391.079649591818452, 841836.690169341862202 ], [ 459369.25144855491817, 841808.90886802226305 ], [ 459346.100347455590963, 841781.788966733962297 ], [ 459326.256646513007581, 841757.314965572208166 ], [ 459311.704445821233094, 841736.809764597564936 ], [ 459292.522144910879433, 841700.429462868720293 ], [ 459281.938844407908618, 841675.955461706966162 ], [ 459270.693943873979151, 841645.528360262513161 ], [ 459262.756443496793509, 841611.132358627393842 ], [ 459253.496043057180941, 841572.767756806686521 ], [ 459249.527242868207395, 841556.231256021186709 ], [ 459237.621042302809656, 841510.590553851798177 ], [ 459230.344941956922412, 841478.179052313789725 ], [ 459223.068841611966491, 841452.382051087915897 ], [ 459211.162641045637429, 841419.970549548044801 ], [ 459195.949040323495865, 841392.189248228445649 ], [ 459178.089639475569129, 841368.376747097820044 ], [ 459159.568738595582545, 841347.871446123346686 ], [ 459135.094737432897091, 841328.0276451818645 ], [ 459115.912436521612108, 841314.798444552347064 ], [ 459098.714435704983771, 841304.876544082537293 ], [ 459073.579034510999918, 841293.631743548437953 ], [ 459048.443533317185938, 841285.694243170320988 ], [ 459016.032031778246164, 841279.741142887622118 ], [ 458996.188230834901333, 841278.418242825195193 ], [ 458978.990230018272996, 841278.418242825195193 ], [ 458951.870428730733693, 841281.064042950049043 ], [ 458935.333927945233881, 841284.371343107894063 ], [ 458917.474527096375823, 841289.001543328166008 ], [ 458897.630726153962314, 841296.277643673121929 ], [ 458878.448425242677331, 841304.876544082537293 ], [ 458865.21922461502254, 841311.491144396364689 ], [ 458844.052523609250784, 841321.413044866174459 ], [ 458827.516022823750973, 841330.01204527541995 ], [ 458813.625322164036334, 841337.949545651674271 ], [ 458790.474321064539254, 841347.210046092048287 ], [ 458770.630520122125745, 841353.824646405875683 ], [ 458744.833518896251917, 841360.439246721565723 ], [ 458724.328317922540009, 841363.085046846419573 ], [ 458701.177216823212802, 841363.746546877548099 ], [ 458681.333415880799294, 841363.085046846419573 ], [ 458657.520914749242365, 841361.100646752864122 ], [ 458635.031213681213558, 841356.470446532592177 ], [ 458615.848912769928575, 841349.855846218764782 ], [ 458594.682211765088141, 841341.256845809519291 ], [ 458575.499910853803158, 841331.334945337846875 ], [ 458553.01020978577435, 841318.105744710192084 ], [ 458531.182108748704195, 841306.860944176092744 ], [ 458521.260208277031779, 841301.569243924692273 ], [ 458465.03610560670495, 841269.157742384821177 ], [ 458429.978803941980004, 841249.975441474467516 ], [ 458396.244302339851856, 841229.470140499994159 ], [ 458363.83280079998076, 841210.949339620769024 ], [ 458337.374399543739855, 841197.058638960123062 ], [ 458302.317097878083587, 841178.537838080897927 ], [ 458261.967995962128043, 841157.371037075296044 ], [ 458210.374193510971963, 841126.943935630843043 ], [ 458175.316791846416891, 841106.438734656199813 ], [ 458130.33748970925808, 841081.964733494445682 ], [ 458093.957287982106209, 841060.1365324575454 ], [ 458058.238486285321414, 841040.292731514200568 ], [ 458031.118584997020662, 841025.740630824118853 ], [ 458003.33728367742151, 841009.865630069747567 ], [ 457981.509082640521228, 840997.29782947152853 ], [ 457958.357981541194022, 840984.730128875002265 ], [ 457937.852780567482114, 840968.193628089502454 ], [ 457921.977779813110828, 840952.318627335131168 ], [ 457907.42567912209779, 840934.459226487204432 ], [ 457890.227678305469453, 840913.95392551459372 ], [ 457877.659977708011866, 840890.802824413403869 ], [ 457867.738077237270772, 840865.667423220351338 ], [ 457857.816176765598357, 840839.209021963179111 ], [ 457850.540076419711113, 840816.057920863851905 ], [ 457838.633875854313374, 840789.599519606679678 ], [ 457829.373375414870679, 840771.078618727624416 ], [ 457821.435875037685037, 840759.172418162226677 ], [ 457808.206674409098923, 840745.281717501580715 ], [ 457794.97747378051281, 840734.698316998779774 ], [ 457773.149372744373977, 840724.115016497671604 ], [ 457751.321171707473695, 840716.838916150853038 ], [ 457736.769071016460657, 840714.193116025999188 ], [ 457719.571070198900998, 840713.531615994870663 ], [ 457703.696069445461035, 840714.854616057127714 ], [ 457681.867868408560753, 840718.161916214972734 ], [ 457662.68556749727577, 840726.099416591227055 ], [ 457643.503266585990787, 840739.328617218881845 ], [ 457628.951165894977748, 840753.880717910826206 ], [ 457611.091665047220886, 840773.724518854171038 ], [ 457595.878164323978126, 840793.568319795653224 ], [ 457581.987463664263487, 840808.120420487597585 ], [ 457564.128062816336751, 840835.240221774205565 ], [ 457542.299861779436469, 840857.068422811105847 ], [ 457515.841560523025692, 840879.558023879304528 ], [ 457496.659159611910582, 840887.495524257421494 ], [ 457482.107058919966221, 840894.771624602377415 ], [ 457456.971657726913691, 840900.063324853777885 ], [ 457427.205956312827766, 840899.40182482264936 ], [ 457408.023555401712656, 840897.417424729093909 ], [ 457390.825654584914446, 840892.125724477693439 ], [ 457365.690153391100466, 840882.203824006021023 ], [ 457352.460952762514353, 840872.281923534348607 ], [ 457335.263051945716143, 840856.406922779977322 ], [ 457323.356751380488276, 840837.88602190092206 ], [ 457311.450450814329088, 840822.011021146550775 ], [ 457300.205650280229747, 840803.490120267495513 ], [ 457290.94524984061718, 840785.630719419568777 ], [ 457276.393149149604142, 840763.802618382498622 ], [ 457259.195148332975805, 840732.052516873925924 ], [ 457251.257647955790162, 840720.146216308698058 ], [ 457236.719247264787555, 840685.459414660930634 ], [ 457213.522446162998676, 840657.623213339596987 ], [ 457182.900644708424807, 840593.111510274931788 ], [ 457162.263143728487194, 840558.186408616602421 ], [ 457146.388042974285781, 840532.786407409235835 ], [ 457130.513042220845819, 840508.973806278780103 ], [ 457109.875541239976883, 840464.523704167455435 ], [ 457090.825440335087478, 840432.773702658712864 ], [ 457067.012939204461873, 840399.436101075261831 ], [ 457052.725338526070118, 840369.273599643260241 ], [ 457036.850337771698833, 840339.110998209565878 ], [ 457019.387836942449212, 840312.12339692749083 ], [ 457008.275336414575577, 840291.48589594848454 ], [ 456990.81273558549583, 840270.848394967615604 ], [ 456968.587734529748559, 840247.035793837159872 ], [ 456941.600133247673512, 840223.223292706534266 ], [ 456927.312632569111884, 840207.348191952332854 ], [ 456903.500131437554955, 840180.360690670087934 ], [ 456882.862530457787216, 840156.548089539632201 ], [ 456871.75002992991358, 840140.673088785260916 ], [ 456863.812529552727938, 840127.973088182508945 ], [ 456852.700029024854302, 840108.922987276688218 ], [ 456841.58742849715054, 840085.110486146062613 ], [ 456832.062428045086563, 840064.472985165193677 ], [ 456814.599927215836942, 840035.897883808240294 ], [ 456790.787326084449887, 840004.147782299667597 ], [ 456778.087325480766594, 839980.335281169041991 ], [ 456768.562325028702617, 839967.635280566290021 ], [ 456755.862324425950646, 839956.522680038586259 ], [ 456733.637223370373249, 839943.822679435834289 ], [ 456712.999722389504313, 839927.947678681463003 ], [ 456686.012121107429266, 839913.660178001970053 ], [ 456655.849619675427675, 839899.372577324509621 ], [ 456628.862018393352628, 839877.809076299890876 ], [ 456606.372417325153947, 839861.933975545689464 ], [ 456595.789016822353005, 839846.058974791318178 ], [ 456579.914016068913043, 839826.215173849835992 ], [ 456565.361915376968682, 839805.048472844064236 ], [ 456560.070215125568211, 839778.590071586892009 ], [ 456553.455614811740816, 839749.485870204865932 ], [ 456553.455614811740816, 839725.6732690744102 ], [ 456552.132714749313891, 839666.141966246068478 ] ] } },
{ "type": "Feature", "properties": { "OBJECTID": 100, "Name": null, "ClassID": 0, "Surface": "DIRT", "Width": 5.0, "Shape_Leng": 647.62641491 }, "geometry": { "type": "LineString", "coordinates": [ [ 459409.986050489358604, 843261.586637020111084 ], [ 459421.637051043100655, 843254.44573668204248 ], [ 459427.65055132843554, 843247.680636359378695 ], [ 459435.167351685464382, 843236.405435824766755 ], [ 459443.059952060692012, 843224.002635234966874 ], [ 459452.455952506512403, 843215.734234843403101 ], [ 459465.610353131778538, 843212.727534700185061 ], [ 459479.140553774312139, 843214.982534807175398 ], [ 459487.033254149369895, 843222.49933516420424 ], [ 459496.053354578092694, 843232.647035645321012 ], [ 459506.576955077238381, 843242.418836109340191 ], [ 459517.100455577485263, 843253.318236628547311 ], [ 459526.872256041504443, 843259.707436930388212 ], [ 459537.395756541751325, 843263.09003709256649 ], [ 459552.805257272906601, 843261.962537039071321 ], [ 459564.456257826648653, 843260.08333694934845 ], [ 459580.617358594201505, 843254.44573668204248 ], [ 459593.395959201268852, 843248.056436378508806 ], [ 459604.671159736812115, 843236.029535805806518 ], [ 459607.677859879098833, 843220.244235057383776 ], [ 459611.060460040345788, 843205.586534360423684 ], [ 459614.067160182632506, 843190.552933646366 ], [ 459617.449660344049335, 843177.022733002901077 ], [ 459621.208060522563756, 843158.230732111260295 ], [ 459621.208060522563756, 843138.687031183391809 ], [ 459621.959760557860136, 843122.901730433106422 ], [ 459625.718160736374557, 843100.351329362019897 ], [ 459625.718160736374557, 843090.203628880903125 ], [ 459622.335660575889051, 843080.055928397923708 ], [ 459622.335660575889051, 843070.284127933904529 ], [ 459624.2148606646806, 843060.888127487152815 ], [ 459627.221560807898641, 843052.995527112856507 ], [ 459629.10076089669019, 843044.351226702332497 ], [ 459623.838960647583008, 843030.445126041769981 ], [ 459617.449660344049335, 843016.914825398474932 ], [ 459612.563760112039745, 843003.008824737742543 ], [ 459608.429559915326536, 842991.733624203130603 ], [ 459608.429559915326536, 842978.579223578795791 ], [ 459605.798659790307283, 842964.673122918233275 ], [ 459604.671159736812115, 842950.76702225767076 ], [ 459605.422859772108495, 842940.995221793651581 ], [ 459602.040259611792862, 842930.095821276307106 ], [ 459594.899259272962809, 842915.81392059661448 ], [ 459586.63085887953639, 842899.276919811964035 ], [ 459574.228158290497959, 842880.484918918460608 ], [ 459559.946157612837851, 842866.95471827685833 ], [ 459547.167657005600631, 842860.941317990422249 ] ] } },
{ "type": "Feature", "properties": { "OBJECTID": 101, "Name": null, "ClassID": 0, "Surface": "GRAVEL", "Width": 7.0, "Shape_Leng": 746.14587409800004 }, "geometry": { "type": "LineString", "coordinates": [ [ 460574.598505806177855, 842565.551503960043192 ], [ 460575.604605853557587, 842527.321602145209908 ], [ 460578.622705996967852, 842467.964699326083064 ], [ 460573.592505757696927, 842412.631896696984768 ], [ 460570.574305614456534, 842358.305194117128849 ], [ 460571.58030566200614, 842308.002691727131605 ], [ 460572.586405710317194, 842263.736489625647664 ], [ 460567.556105471216142, 842131.943883365020156 ], [ 460568.562205519527197, 842054.478079685941339 ], [ 460569.568205567076802, 841959.909375194460154 ], [ 460567.556105471216142, 841919.667373282834888 ], [ 460563.531905280426145, 841820.06836855225265 ] ] } },
{ "type": "Feature", "properties": { "OBJECTID": 102, "Name": null, "ClassID": 0, "Surface": "GRAVEL", "Width": 8.0, "Shape_Leng": 1416.9337434700001 }, "geometry": { "type": "LineString", "coordinates": [ [ 460403.569997682236135, 842793.924914807081223 ], [ 460359.303795579820871, 842731.549811845645308 ], [ 460307.995193142443895, 842665.150508690625429 ], [ 460261.716890945099294, 842614.84800630249083 ], [ 460248.638290323317051, 842596.739105442538857 ], [ 460239.583789893426001, 842575.61200443841517 ], [ 460216.444688794203103, 842551.466803291812539 ], [ 460181.232887121848762, 842530.339802287518978 ], [ 460160.105886118486524, 842510.218801332637668 ], [ 460144.009085353463888, 842472.994899563491344 ], [ 460127.912284589372575, 842424.704497270286083 ], [ 460113.8275839202106, 842372.389894785359502 ], [ 460121.875984302721918, 842340.196293257176876 ], [ 460116.845684063620865, 842298.948291298002005 ], [ 460099.742883251048625, 842211.421887140721083 ], [ 460087.670282677747309, 842164.137484895065427 ], [ 460077.609682200476527, 842133.955983459949493 ], [ 460078.615782247856259, 842110.81688236258924 ], [ 460095.718683060258627, 842069.568780401721597 ], [ 460112.821483872830868, 842020.27237806096673 ], [ 460124.894084446132183, 841983.048476293683052 ], [ 460118.857784159481525, 841920.673373330384493 ], [ 460105.779183537699282, 841892.503971992060542 ], [ 460076.603682151995599, 841863.328570606186986 ], [ 460046.422180718742311, 841837.171269364655018 ], [ 460018.25277938041836, 841807.995767978951335 ], [ 459993.101478186435997, 841777.814266545698047 ], [ 459965.938176896423101, 841752.663065349683166 ], [ 459948.835276084020734, 841729.52386425063014 ], [ 459912.617474363185465, 841679.221361862495542 ], [ 459902.55697388574481, 841638.979359950870275 ], [ 459902.55697388574481, 841601.755458181723952 ], [ 459893.502573455683887, 841574.592156892642379 ] ] } },
{ "type": "Feature", "properties": { "OBJECTID": 103, "Name": null, "ClassID": 0, "Surface": "GRAVEL", "Width": 6.0, "Shape_Leng": 667.31072039799994 }, "geometry": { "type": "LineString", "coordinates": [ [ 459430.719451474025846, 841881.437471466138959 ], [ 459441.786051999777555, 841868.358770845457911 ], [ 459453.858652573078871, 841863.328570606186986 ], [ 459482.028053911402822, 841867.352770797908306 ], [ 459526.294256013818085, 841863.328570606186986 ], [ 459552.451557256281376, 841849.243869937956333 ], [ 459574.584658307954669, 841831.13496907800436 ], [ 459592.693559167906642, 841825.098668791353703 ], [ 459615.832760266959667, 841837.171269364655018 ], [ 459629.917460936121643, 841855.280170224606991 ], [ 459652.050561986863613, 841869.364870892837644 ], [ 459671.165462895296514, 841877.413271276280284 ], [ 459690.280463802628219, 841878.419271323829889 ], [ 459701.346964328549802, 841871.376970989629626 ], [ 459717.443765093572438, 841852.261970080435276 ], [ 459736.558766000904143, 841829.122868981212378 ], [ 459752.655566765926778, 841805.983667882159352 ], [ 459768.752367530018091, 841772.784066306427121 ], [ 459785.855168342590332, 841742.602564873173833 ], [ 459799.939869011752307, 841713.42706348747015 ], [ 459810.000369489192963, 841681.233461957424879 ], [ 459826.097170254215598, 841658.094260858371854 ], [ 459844.206071114167571, 841633.949059711769223 ], [ 459861.308971926569939, 841606.785758420825005 ], [ 459875.393672595731914, 841585.658657418563962 ], [ 459893.502573455683887, 841573.586056845262647 ] ] } },
{ "type": "Feature", "properties": { "OBJECTID": 104, "Name": null, "ClassID": 0, "Surface": "DIRT", "Width": 6.0, "Shape_Leng": 2152.4448137300001 }, "geometry": { "type": "LineString", "coordinates": [ [ 459893.649873462505639, 841575.930456956848502 ], [ 459897.433473641984165, 841565.120356442406774 ], [ 459892.568873411044478, 841551.067255774512887 ], [ 459889.325873256660998, 841534.311654979363084 ], [ 459886.08287310320884, 841522.420554414391518 ], [ 459885.00187305174768, 841508.907953772693872 ], [ 459886.623373128473759, 841495.935853157192469 ], [ 459887.16387315467, 841474.315752130001783 ], [ 459890.406873308122158, 841456.479151282459497 ], [ 459889.325873256660998, 841442.426050614565611 ], [ 459887.704373179934919, 841430.534950049594045 ], [ 459883.380372975021601, 841419.724849537014961 ], [ 459877.434772692620754, 841407.293248945847154 ], [ 459869.867772333323956, 841392.159148227423429 ], [ 459860.679171896539629, 841375.403547432273626 ], [ 459849.328571357764304, 841354.323946429416537 ], [ 459840.140070920810103, 841334.865745505318046 ], [ 459830.951470484025776, 841318.110144710168242 ], [ 459819.600869945250452, 841302.435543965548277 ], [ 459810.412369509227574, 841290.003943374380469 ], [ 459796.899768867529929, 841275.410342682152987 ], [ 459783.927668251097202, 841258.114241860806942 ], [ 459771.496067660860717, 841246.223141295835376 ], [ 459763.929067300632596, 841237.034640859812498 ], [ 459760.685967147350311, 841227.305540397763252 ], [ 459756.361966941505671, 841212.171439677476883 ], [ 459750.956966685131192, 841197.5778389852494 ], [ 459747.173366505652666, 841185.686738420277834 ], [ 459738.525366094894707, 841168.931137625128031 ], [ 459732.039265786297619, 841151.094536777585745 ], [ 459725.012765452265739, 841111.637734903022647 ], [ 459720.14826522115618, 841090.558133902028203 ], [ 459716.905165067873895, 841068.39743284881115 ], [ 459715.283664990216494, 841053.263332130387425 ], [ 459711.500164810568094, 841035.42673128284514 ], [ 459710.419164759106934, 841022.995130693539977 ], [ 459710.959664785303175, 841007.861029973253608 ], [ 459708.797664682380855, 840995.429429383948445 ], [ 459699.609064245596528, 840978.673828586935997 ], [ 459688.258463706821203, 840961.377727765589952 ], [ 459678.529463244602084, 840948.94612717628479 ], [ 459666.638362679630518, 840938.136026661843061 ], [ 459653.666262064129114, 840930.569026302546263 ], [ 459627.181560805998743, 840917.056425660848618 ], [ 459613.128460138104856, 840906.246325148269534 ], [ 459609.344959958456457, 840891.652724454179406 ], [ 459603.939959702081978, 840883.00472404435277 ], [ 459595.832359316758811, 840878.140123812481761 ], [ 459578.536258495412767, 840874.356623632833362 ], [ 459561.780657699331641, 840868.951623376458883 ], [ 459547.727557032369077, 840864.627523170784116 ], [ 459535.29595644120127, 840850.033922478556633 ], [ 459525.566855979152024, 840836.521321836858988 ], [ 459519.080855671316385, 840819.225221013650298 ], [ 459514.756855466403067, 840797.605119988322258 ], [ 459514.216355440206826, 840779.768519140779972 ], [ 459518.540355646051466, 840764.093918396160007 ], [ 459525.566855979152024, 840748.419317651540041 ], [ 459533.674456364475191, 840721.394116368144751 ], [ 459541.241456723771989, 840704.638515571132302 ], [ 459546.646556980907917, 840680.315814416855574 ], [ 459549.349057109095156, 840655.9931132607162 ], [ 459551.511057212017477, 840629.508412003517151 ], [ 459554.213557340204716, 840611.671811155974865 ], [ 459554.213557340204716, 840592.754210257902741 ], [ 459555.294557391665876, 840572.215109281241894 ], [ 459560.159157622605562, 840558.162008615210652 ], [ 459566.645157930441201, 840543.568407921120524 ], [ 459573.671758264303207, 840528.974807228893042 ], [ 459583.941258751787245, 840516.002706611528993 ], [ 459593.129859188571572, 840503.57110602222383 ], [ 459599.615859496407211, 840490.599005404859781 ], [ 459601.237459573894739, 840481.950904995203018 ], [ 459599.615859496407211, 840472.76240455918014 ], [ 459593.129859188571572, 840463.573804121464491 ], [ 459585.562758829444647, 840453.844803659245372 ], [ 459579.076758520677686, 840446.818203326314688 ], [ 459574.752758315764368, 840431.684102607890964 ], [ 459570.969158136285841, 840419.793002042919397 ], [ 459567.185657956637442, 840404.118401298299432 ], [ 459565.564157878980041, 840391.146300680935383 ], [ 459563.402157776989043, 840379.255200117826462 ], [ 459562.321157725527883, 840363.580599373206496 ], [ 459559.618657596409321, 840353.851598910987377 ], [ 459557.456657494418323, 840342.500998370349407 ], [ 459554.754057365469635, 840328.988397728651762 ], [ 459550.970557185821235, 840317.097297165542841 ], [ 459548.268057057633996, 840306.287296650931239 ], [ 459543.944056852720678, 840294.936696112155914 ], [ 459532.59345631301403, 840266.289994752034545 ], [ 459523.404855877161026, 840248.9938939306885 ], [ 459514.216355440206826, 840227.373692903667688 ], [ 459508.811255184002221, 840217.644592441618443 ], [ 459506.6492550810799, 840207.915591979399323 ], [ 459505.56825502961874, 840193.321991285309196 ], [ 459507.73025513254106, 840180.890390696004033 ], [ 459510.973255285993218, 840167.377790052443743 ], [ 459513.675855414941907, 840157.648689590394497 ], [ 459512.054255337454379, 840147.379189103841782 ], [ 459511.51375531218946, 840139.271588718518615 ], [ 459512.594855363480747, 840130.623588306829333 ], [ 459515.297355491667986, 840123.596987973898649 ], [ 459518.540355646051466, 840114.948987562209368 ], [ 459520.702355748042464, 840109.003387279808521 ], [ 459531.51245626155287, 840092.247786484658718 ], [ 459546.106056954711676, 840064.682085175067186 ], [ 459557.997157519683242, 840040.899884045124054 ], [ 459573.131258239038289, 840012.793782711029053 ], [ 459588.265358957462013, 839984.147081350907683 ], [ 459602.858959650620818, 839957.662380091845989 ], [ 459619.614560446701944, 839927.934678681194782 ], [ 459629.884060934185982, 839910.638577857986093 ], [ 459636.37016124278307, 839894.423477089032531 ], [ 459636.910661268047988, 839883.613376574590802 ], [ 459639.072661370970309, 839861.452675523236394 ], [ 459639.072661370970309, 839840.913574546575546 ], [ 459639.072661370970309, 839823.617473725229502 ], [ 459639.613161396235228, 839807.942872980609536 ], [ 459640.153661422431469, 839791.727772211655974 ], [ 459642.315661524422467, 839776.053171467036009 ], [ 459647.720761781558394, 839756.054470516741276 ], [ 459652.044761986471713, 839736.596369592472911 ], [ 459655.287762140855193, 839719.840768797323108 ], [ 459664.47636257763952, 839707.4091682061553 ], [ 459680.150963322259486, 839700.923067897558212 ], [ 459700.690064297057688, 839699.301567820832133 ], [ 459720.688765247352421, 839701.463567923754454 ], [ 459725.801365490071476, 839702.686167981475592 ] ] } },
{ "type": "Feature", "properties": { "OBJECTID": 105, "Name": null, "ClassID": 0, "Surface": "GRAVEL", "Width": 8.0, "Shape_Leng": 1625.22900009 }, "geometry": { "type": "LineString", "coordinates": [ [ 459725.801365490071476, 839702.686167981475592 ], [ 459745.551866427995265, 839707.4091682061553 ], [ 459770.415067609399557, 839718.759768744930625 ], [ 459793.656768713146448, 839726.326769104227424 ], [ 459812.574369611218572, 839734.434369489550591 ], [ 459832.572970561683178, 839746.325470054522157 ], [ 459848.788071331568062, 839755.513970490545034 ], [ 459861.219671921804547, 839770.648071208968759 ], [ 459876.353772641159594, 839780.917671697214246 ], [ 459887.16387315467, 839790.106172133237123 ], [ 459900.676473796367645, 839799.294772570952773 ], [ 459915.270074489526451, 839806.321372903883457 ], [ 459929.323175156489015, 839809.023873033002019 ], [ 459945.538275927305222, 839806.321372903883457 ], [ 459960.131876620464027, 839800.375772621482611 ], [ 459975.806477365083992, 839790.106172133237123 ], [ 459989.859578032046556, 839776.593671491369605 ], [ 460003.912678699940443, 839762.000070799142122 ], [ 460016.344279290176928, 839751.189970284700394 ], [ 460028.775879880413413, 839734.974869515746832 ], [ 460039.045380368828773, 839720.921768847852945 ], [ 460051.476980959065259, 839705.787668129429221 ], [ 460064.989581600762904, 839692.275067487731576 ], [ 460079.042682267725468, 839679.843466896563768 ], [ 460090.393282807432115, 839669.033366383984685 ], [ 460102.8248833976686, 839658.223365869373083 ], [ 460129.849984681233764, 839626.333564355969429 ], [ 460149.308185605332255, 839600.389463122934103 ], [ 460166.6042864266783, 839575.526261942461133 ], [ 460176.333386889658868, 839560.932661248371005 ], [ 460186.602887377142906, 839543.096060400828719 ], [ 460199.034487967379391, 839522.55685942620039 ], [ 460210.385088506154716, 839502.017758449539542 ], [ 460224.438189174048603, 839471.209056986495852 ], [ 460234.167289636097848, 839443.102855652570724 ], [ 460243.896290098316967, 839406.889053931459785 ], [ 460255.246890637092292, 839376.620852494612336 ], [ 460262.813890996389091, 839353.919751416891813 ], [ 460269.299991304986179, 839326.894550131633878 ], [ 460281.191091869957745, 839264.736647179350257 ], [ 460288.758092229254544, 839227.982345433905721 ], [ 460292.541592408902943, 839203.119244253262877 ], [ 460302.270692870952189, 839160.419442225247622 ], [ 460311.999793333001435, 839124.205640505999327 ], [ 460316.323793538846076, 839098.261539272964001 ], [ 460317.404793589375913, 839082.046338502317667 ], [ 460316.323793538846076, 839059.885737450793386 ], [ 460315.783293512649834, 839000.970834651961923 ], [ 460313.080793384462595, 838962.054532803595066 ], [ 460311.459293307736516, 838927.462331160902977 ], [ 460309.837793230079114, 838882.600529029965401 ], [ 460308.216293153353035, 838862.061328053474426 ], [ 460299.56819274276495, 838849.629827463999391 ], [ 460288.758092229254544, 838853.953827669844031 ], [ 460271.461991407908499, 838861.52082802914083 ], [ 460254.165890585631132, 838871.249928491190076 ], [ 460242.815290046855807, 838875.033428670838475 ], [ 460231.464689508080482, 838875.033428670838475 ], [ 460217.952088866382837, 838871.790428515523672 ], [ 460208.223088404163718, 838862.601928079500794 ], [ 460199.034487967379391, 838853.41332764364779 ], [ 460184.981387300416827, 838846.386727308854461 ], [ 460172.009286683984101, 838837.738726899027824 ], [ 460158.496686042286456, 838831.252626590430737 ], [ 460152.010685733519495, 838827.469126410782337 ], [ 460143.362585322931409, 838833.414726693183184 ], [ 460125.525984476320446, 838844.224727207794785 ], [ 460110.93238378316164, 838853.953827669844031 ], [ 460091.474282858893275, 838868.006928335875273 ], [ 460071.475581908598542, 838883.141029056161642 ], [ 460049.855480881407857, 838905.301630107685924 ] ] } },
{ "type": "Feature", "properties": { "OBJECTID": 106, "Name": null, "ClassID": 0, "Surface": "GRAVEL", "Width": 8.0, "Shape_Leng": 209.55186925300001 }, "geometry": { "type": "LineString", "coordinates": [ [ 460153.632185811176896, 838827.469126410782337 ], [ 460204.980088249780238, 838786.39082445949316 ], [ 460235.788789712823927, 838764.770723432302475 ], [ 460258.489890791475773, 838794.498424844816327 ], [ 460299.56819274276495, 838849.629827463999391 ] ] } },
{ "type": "Feature", "properties": { "OBJECTID": 107, "Name": null, "ClassID": 0, "Surface": "DIRT", "Width": 7.0, "Shape_Leng": 636.34491638899999 }, "geometry": { "type": "LineString", "coordinates": [ [ 459727.17476555518806, 839703.085168000310659 ], [ 459746.092366454191506, 839656.061265766620636 ], [ 459757.442966992966831, 839629.576664509251714 ], [ 459776.360567891970277, 839611.19946363568306 ], [ 459788.792168482206762, 839604.172963302582502 ], [ 459805.007269252091646, 839603.091963252052665 ], [ 459820.141369971446693, 839605.794463379308581 ], [ 459839.599570895545185, 839613.36146373860538 ], [ 459853.11217153724283, 839620.388064073398709 ], [ 459873.110772486776114, 839625.793064329773188 ], [ 459890.947373334318399, 839627.955064432695508 ], [ 459904.459973976016045, 839623.090564200654626 ], [ 459910.94607428368181, 839616.60456389375031 ], [ 459916.89157456625253, 839602.551463225856423 ], [ 459916.351074540987611, 839583.633762326091528 ], [ 459916.89157456625253, 839566.337661504745483 ], [ 459914.729574463330209, 839550.663060760125518 ], [ 459906.621974078938365, 839538.771960197016597 ], [ 459892.568873411044478, 839524.178359502926469 ], [ 459877.434772692620754, 839512.827858963981271 ], [ 459864.462672076188028, 839496.612758193165064 ], [ 459850.950071434490383, 839484.181157603859901 ], [ 459836.897070766426623, 839468.506556859239936 ], [ 459831.491970510222018, 839456.61545629426837 ], [ 459826.086970253847539, 839425.266254805028439 ], [ 459825.546470227651298, 839399.322053572162986 ], [ 459822.843970099464059, 839376.620852494612336 ], [ 459828.248970355838537, 839354.46025144122541 ], [ 459845.004571151919663, 839335.542650543153286 ], [ 459855.27417164016515, 839316.624949645251036 ], [ 459859.05767181981355, 839294.464348591864109 ], [ 459855.27417164016515, 839278.249247822910547 ], [ 459855.814671665430069, 839275.546747693791986 ] ] } },
{ "type": "Feature", "properties": { "OBJECTID": 108, "Name": null, "ClassID": 0, "Surface": "DIRT", "Width": 6.0, "Shape_Leng": 3868.7356410100001 }, "geometry": { "type": "LineString", "coordinates": [ [ 459854.733671613968909, 839275.006247667595744 ], [ 459837.437570792622864, 839285.275748156011105 ], [ 459818.519869893789291, 839293.923848565667868 ], [ 459802.845269149169326, 839303.112349003553391 ], [ 459786.089668354019523, 839316.084449619054794 ], [ 459773.117567737586796, 839330.137550286948681 ], [ 459748.794966582208872, 839363.648851878941059 ], [ 459740.146866171620786, 839381.4854527246207 ], [ 459729.877265683375299, 839402.565053727477789 ], [ 459723.931765401735902, 839417.158654419705272 ], [ 459709.878664733842015, 839427.428254907950759 ], [ 459694.744564015418291, 839442.562355626374483 ], [ 459682.312963424250484, 839450.129355985671282 ], [ 459663.39536252617836, 839453.372456140816212 ], [ 459634.208161139860749, 839453.912956165149808 ], [ 459616.912060318514705, 839456.61545629426837 ], [ 459606.642459830269217, 839460.93945650011301 ], [ 459591.508359111845493, 839467.425556806847453 ], [ 459576.374258392490447, 839476.073557218536735 ], [ 459561.780657699331641, 839482.019157500937581 ], [ 459546.106056954711676, 839486.883657731115818 ], [ 459520.161855722777545, 839488.505157807841897 ], [ 459495.839154567569494, 839490.667157910764217 ], [ 459478.002553720027208, 839491.207657936960459 ], [ 459465.570953129790723, 839490.126657886430621 ], [ 459451.517852461896837, 839494.991158116608858 ], [ 459440.167351922951639, 839497.693758245557547 ], [ 459426.654751281253994, 839502.017758449539542 ], [ 459418.006650870665908, 839506.341758655384183 ], [ 459405.034550254233181, 839510.125258835032582 ], [ 459392.602949663996696, 839516.61135914362967 ], [ 459380.171449073590338, 839523.637859476730227 ], [ 459367.739848483353853, 839531.204959835857153 ], [ 459356.929747969843447, 839534.988460017368197 ], [ 459346.66014748159796, 839537.150460118427873 ], [ 459332.066546788439155, 839539.312460221350193 ], [ 459308.82494568452239, 839542.555560376495123 ], [ 459290.988244837149978, 839552.284560838714242 ], [ 459278.556744246743619, 839564.175661403685808 ], [ 459267.746643733233213, 839577.147762019187212 ], [ 459261.260543425567448, 839586.336362455040216 ], [ 459249.369542860426009, 839600.929963149130344 ], [ 459240.721442449837923, 839619.847564047202468 ], [ 459227.749341834336519, 839637.684164894744754 ], [ 459209.372240960597992, 839661.466366024687886 ], [ 459196.400140345096588, 839678.221966819837689 ], [ 459184.509039780125022, 839690.653567411005497 ], [ 459167.212938958778977, 839700.382567871361971 ], [ 459157.483838496729732, 839709.571168309077621 ], [ 459129.918237186968327, 839712.814168462529778 ], [ 459105.595536031760275, 839713.895168514922261 ], [ 459071.003334389068186, 839716.057168615981936 ], [ 459036.951532771810889, 839718.759768744930625 ], [ 459025.600932232104242, 839725.245769053697586 ], [ 459001.818831102922559, 839729.029269233345985 ], [ 458986.684730383567512, 839731.191269336268306 ], [ 458971.010129639878869, 839734.434369489550591 ], [ 458955.876028920523822, 839741.460869822651148 ], [ 458941.822928253561258, 839742.541869875043631 ], [ 458918.040727123618126, 839743.622869925573468 ], [ 458899.663626250810921, 839739.298869721591473 ], [ 458883.448525480926037, 839732.27236938662827 ], [ 458854.801824119873345, 839719.300268771126866 ], [ 458838.046223323792219, 839712.273668436333537 ], [ 458816.966522322967649, 839699.842067847028375 ], [ 458802.913421655073762, 839692.275067487731576 ], [ 458789.400821013376117, 839684.167467102408409 ], [ 458772.645220217294991, 839680.38396692276001 ], [ 458747.782119036652148, 839680.38396692276001 ], [ 458723.999917906709015, 839680.924466948956251 ], [ 458708.865817188285291, 839679.843466896563768 ], [ 458697.515216649509966, 839676.60046674311161 ], [ 458667.247015211731195, 839673.357466587796807 ], [ 458641.843314005061984, 839674.978966666385531 ], [ 458622.925713106058538, 839678.762466846033931 ], [ 458600.224612028338015, 839675.519466690719128 ], [ 458571.577910667285323, 839674.43846664018929 ], [ 458559.146310077048838, 839680.38396692276001 ], [ 458545.633709435351193, 839691.734567461535335 ], [ 458522.932508356869221, 839705.24716810323298 ], [ 458508.338907663710415, 839712.273668436333537 ], [ 458492.66430691909045, 839715.51666859164834 ], [ 458478.070706225931644, 839713.895168514922261 ], [ 458461.315105429850519, 839714.435668539255857 ], [ 458435.911404223181307, 839716.597668642178178 ], [ 458406.724202836863697, 839718.759768744930625 ], [ 458376.996501425281167, 839719.840768797323108 ], [ 458354.835900372825563, 839724.705269027501345 ], [ 458333.215699345804751, 839731.191269336268306 ], [ 458305.109598010778427, 839742.001369848847389 ], [ 458285.110897061415017, 839750.108970234170556 ], [ 458270.517296368256211, 839760.378470722585917 ], [ 458253.221195545978844, 839777.674671543762088 ], [ 458238.627594852820039, 839795.511272391304374 ], [ 458227.276994314044714, 839809.023873033002019 ], [ 458209.440393466502428, 839826.860473880544305 ], [ 458198.630292952992022, 839842.535074623301625 ], [ 458186.739292388781905, 839859.831175446510315 ], [ 458169.443091566674411, 839877.127276267856359 ], [ 458147.282490514218807, 839890.099376883357763 ], [ 458129.986389692872763, 839894.963977115228772 ], [ 458099.718188255093992, 839905.233477601781487 ], [ 458086.205587613396347, 839907.935977730900049 ], [ 458057.558886253274977, 839917.665078192949295 ], [ 458037.019685277715325, 839928.475178705528378 ], [ 458026.209684764035046, 839941.987779347226024 ], [ 458010.535084019415081, 839961.98638029769063 ], [ 457996.481983351521194, 839982.525581274181604 ], [ 457979.185782530345023, 839990.633081657811999 ], [ 457960.808681657537818, 839993.876081813126802 ], [ 457936.486080502159894, 839994.416581837460399 ], [ 457912.703879372216761, 839993.876081813126802 ], [ 457896.488778602331877, 839993.876081813126802 ], [ 457874.868577575311065, 839991.173581684008241 ], [ 457853.788976574316621, 839989.01158158108592 ], [ 457828.385275367647409, 839989.01158158108592 ], [ 457793.79307372495532, 839990.092581633478403 ], [ 457764.065372312441468, 839994.416581837460399 ], [ 457745.147771414369345, 839994.416581837460399 ], [ 457716.501070053316653, 839985.228081401437521 ], [ 457680.287268333137035, 839968.472480606287718 ], [ 457630.5609659710899, 839949.554779706522822 ], [ 457593.806664225645363, 839933.880178961902857 ], [ 457556.511962454766035, 839913.881578013300896 ], [ 457526.243761016987264, 839897.666477242484689 ], [ 457503.542559938505292, 839890.099376883357763 ], [ 457481.381958886049688, 839888.477876806631684 ], [ 457462.464257987216115, 839890.639876909554005 ], [ 457432.736556575633585, 839894.423477089032531 ], [ 457421.386056036688387, 839903.611977525055408 ], [ 457409.494955471716821, 839913.881578013300896 ], [ 457397.063354880549014, 839931.718178860843182 ], [ 457376.524253905750811, 839959.283880168572068 ], [ 457367.335653468966484, 839981.984981248155236 ], [ 457358.687553058378398, 839998.740682043135166 ], [ 457350.580052672885358, 840019.279783019796014 ], [ 457343.012952313758433, 840039.278383968397975 ], [ 457341.391452237032354, 840065.222585201263428 ], [ 457334.364951903000474, 840078.194685816764832 ], [ 457327.878851595334709, 840089.545286357402802 ], [ 457317.609351106919348, 840093.869286561384797 ], [ 457306.799250593408942, 840094.95028661377728 ], [ 457294.367650003172457, 840086.302286202087998 ], [ 457281.395549386739731, 840074.411185637116432 ], [ 457274.909549078904092, 840063.060585098341107 ], [ 457264.099448565393686, 840045.764484276995063 ], [ 457252.20834800042212, 840030.630383558571339 ], [ 457240.857747461646795, 840017.65828294120729 ], [ 457225.723646743223071, 840005.767182378098369 ], [ 457208.427545920945704, 839992.79508176073432 ], [ 457185.18594481702894, 839977.660981042310596 ], [ 457172.754344226792455, 839970.093980683013797 ], [ 457153.836643327958882, 839959.82438019476831 ], [ 457132.757042326964438, 839950.635779758915305 ], [ 457106.812841095030308, 839928.475178705528378 ], [ 457086.273740119300783, 839915.503078090026975 ], [ 457069.518139323219657, 839909.557577807456255 ], [ 457045.735938194207847, 839906.854977678507566 ], [ 457020.332236987538636, 839903.611977525055408 ], [ 456996.009635832160711, 839907.395477704703808 ], [ 456976.010934881865978, 839907.395477704703808 ], [ 456950.607333675026894, 839901.990477448329329 ], [ 456926.284632519818842, 839895.504477139562368 ], [ 456898.718931211158633, 839883.072876550257206 ], [ 456879.260830286890268, 839866.317275753244758 ], [ 456857.640629259869456, 839852.264175085350871 ], [ 456829.534427925013006, 839838.751574443653226 ], [ 456798.725726461037993, 839826.860473880544305 ], [ 456780.348625588230789, 839809.564373057335615 ], [ 456763.052524766884744, 839790.646772159263492 ], [ 456741.432323739863932, 839771.729071261361241 ], [ 456715.488222507759929, 839761.459570772945881 ], [ 456681.436420890502632, 839760.918970746919513 ], [ 456636.574618759565055, 839753.892470413818955 ], [ 456599.279916988685727, 839752.270970337092876 ], [ 456577.119215935468674, 839757.135470567271113 ], [ 456556.580114959739149, 839760.918970746919513 ] ] } },
{ "type": "Feature", "properties": { "OBJECTID": 110, "Name": null, "ClassID": 0, "Surface": "DIRT", "Width": 5.0, "Shape_Leng": 468.15985371300002 }, "geometry": { "type": "LineString", "coordinates": [ [ 459856.043471676297486, 839275.27934768050909 ], [ 459851.02857143804431, 839260.234546966850758 ], [ 459840.99867096170783, 839250.761846516281366 ], [ 459831.525970512069762, 839246.304146304726601 ], [ 459813.137869638390839, 839244.075346197932959 ], [ 459785.277068315073848, 839243.518046172335744 ], [ 459755.187466885894537, 839241.846446093171835 ], [ 459727.326665562577546, 839241.289246067404747 ], [ 459694.450964001007378, 839239.060345960780978 ], [ 459667.704662730917335, 839240.732046039775014 ], [ 459648.202061804011464, 839238.50314593501389 ], [ 459632.04286103695631, 839234.602645749226213 ], [ 459618.669660401530564, 839230.144945537671447 ], [ 459605.296459766104817, 839225.129945298656821 ], [ 459583.00785870756954, 839223.458345219492912 ], [ 459556.818757464177907, 839217.328944928944111 ], [ 459535.644556458108127, 839205.627444373443723 ], [ 459515.584855505265296, 839197.826444001868367 ], [ 459501.654454844072461, 839187.796543525531888 ], [ 459478.251353732310236, 839174.423342891037464 ], [ 459461.534952938556671, 839162.721842335537076 ], [ 459447.604552276432514, 839150.463141752406955 ], [ 459429.216451402753592, 839139.876041250303388 ] ] } },
{ "type": "Feature", "properties": { "OBJECTID": 111, "Name": null, "ClassID": 0, "Surface": "GRAVEL", "Width": 9.0, "Shape_Leng": 872.93124323899997 }, "geometry": { "type": "LineString", "coordinates": [ [ 459429.216451402753592, 839138.76154119707644 ], [ 459406.927750344388187, 839137.089941117912531 ], [ 459378.509848994202912, 839139.876041250303388 ], [ 459355.663947909139097, 839149.90584172680974 ], [ 459332.818146824836731, 839173.308942837640643 ], [ 459307.186245607212186, 839197.826444001868367 ], [ 459283.78314449544996, 839213.428444743156433 ], [ 459253.693543066270649, 839226.801645377650857 ], [ 459220.260641478002071, 839228.473245458677411 ], [ 459191.285440102219582, 839221.229445112869143 ], [ 459172.897339228540659, 839209.527944557368755 ], [ 459151.165938196703792, 839193.925943816080689 ], [ 459129.991737190634012, 839179.995543155819178 ], [ 459111.046336290426552, 839166.622342519462109 ], [ 459087.643335179425776, 839151.577541805803776 ], [ 459068.698034279048443, 839137.647141143679619 ], [ 459047.523833273909986, 839124.273940509185195 ], [ 459028.021232347004116, 839110.900839872658253 ], [ 459011.862031579948962, 839098.64203929156065 ], [ 458996.260030838660896, 839089.169438840821385 ], [ 458985.672930335626006, 839069.109637888148427 ], [ 458976.757429912686348, 839049.607136962935328 ], [ 458968.956429542042315, 839031.776236115023494 ], [ 458960.598229144699872, 839013.388135241344571 ], [ 458951.682728721760213, 838995.557234395295382 ], [ 458947.782228535972536, 838984.412933865562081 ], [ 458943.32452832441777, 838971.039733231067657 ], [ 458936.080727980472147, 838949.308332197368145 ], [ 458927.722527583129704, 838927.576931165531278 ], [ 458924.379227424971759, 838904.173830054700375 ], [ 458918.807027160190046, 838885.785729181021452 ], [ 458914.34932694863528, 838866.840428281575441 ], [ 458910.448826762847602, 838852.910027619451284 ], [ 458902.647826392203569, 838838.979626957327127 ], [ 458892.06072588916868, 838823.934826243668795 ], [ 458869.214824804104865, 838806.10392539575696 ], [ 458843.582923587411642, 838790.501924654468894 ], [ 458821.851522554643452, 838783.258124310523272 ] ] } },
{ "type": "Feature", "properties": { "OBJECTID": 112, "Name": null, "ClassID": 0, "Surface": "DIRT", "Width": 7.0, "Shape_Leng": 1058.70433882 }, "geometry": { "type": "LineString", "coordinates": [ [ 459370.708748623728752, 839143.219341408461332 ], [ 459365.136648359708488, 839132.632240906357765 ], [ 459354.549547856673598, 839127.61724066734314 ], [ 459345.07684740703553, 839122.602340430021286 ], [ 459335.604246956296265, 839110.900839872658253 ], [ 459327.245946560055017, 839093.069939026609063 ], [ 459320.55944624170661, 839075.796238206326962 ], [ 459314.430045951157808, 839065.766337729990482 ], [ 459306.629045580513775, 839055.17923722602427 ], [ 459296.041945077478886, 839047.37823685631156 ], [ 459281.554344389587641, 839040.134436512365937 ], [ 459266.509543674997985, 839031.776236115023494 ], [ 459260.380143383517861, 839028.432935956865549 ], [ 459252.579143012873828, 839013.945335268974304 ], [ 459253.693543066270649, 839001.686534686014056 ], [ 459258.708443304523826, 838988.870634077116847 ], [ 459265.952243648469448, 838977.726333547383547 ], [ 459278.768244257196784, 838967.13923304527998 ], [ 459287.683644680306315, 838955.437732489779592 ], [ 459301.056845315732062, 838943.178931906819344 ], [ 459316.101646030321717, 838927.01973113976419 ], [ 459322.231046321801841, 838918.104230716824532 ], [ 459329.474846665747464, 838905.84553013369441 ], [ 459334.48974690400064, 838895.258429631590843 ], [ 459342.2908472744748, 838879.099128862842917 ], [ 459348.977347591891885, 838864.054328149184585 ], [ 459355.106747883372009, 838850.123927487060428 ], [ 459357.335647989064455, 838836.750826852396131 ], [ 459364.579448333010077, 838818.362625978887081 ], [ 459373.494848756119609, 838801.089025158435106 ], [ 459381.295849126763642, 838782.143624259158969 ], [ 459382.967549206689, 838765.427223464474082 ], [ 459379.624249047599733, 838753.725722908973694 ], [ 459374.052048782818019, 838736.452022088691592 ], [ 459365.693848385475576, 838725.86492158472538 ], [ 459357.335647989064455, 838715.277821082621813 ], [ 459350.649047670885921, 838705.247920606285334 ], [ 459343.405247326940298, 838694.103620076552033 ], [ 459338.947547115385532, 838684.630919625982642 ], [ 459333.932546877302229, 838669.028918884694576 ], [ 459333.932546877302229, 838658.441818382591009 ], [ 459333.932546877302229, 838648.41191790625453 ], [ 459329.474846665747464, 838638.939317455515265 ], [ 459323.34544637426734, 838622.222816662862897 ], [ 459315.544446003623307, 838611.078516133129597 ], [ 459306.071745553985238, 838599.377015577629209 ], [ 459292.14144489262253, 838586.561014968901873 ], [ 459282.668744442053139, 838575.416714439168572 ], [ 459269.852743833325803, 838564.829613937065005 ], [ 459257.594043251127005, 838553.685313407331705 ], [ 459243.10644256323576, 838541.426612824201584 ], [ 459235.305442192591727, 838531.396712347865105 ], [ 459224.718341689556837, 838520.809611845761538 ], [ 459209.673540974967182, 838506.322011157870293 ], [ 459195.743140313774347, 838489.048310337588191 ], [ 459182.927139705047011, 838474.003509622067213 ], [ 459171.782839175313711, 838462.302009066566825 ], [ 459159.524138593114913, 838447.81440837867558 ], [ 459148.379838064312935, 838433.884007716551423 ], [ 459137.235537534579635, 838418.83920700289309 ], [ 459127.762837084941566, 838408.252106498926878 ], [ 459117.175736581906676, 838395.993305917829275 ], [ 459104.359835973009467, 838378.16240506991744 ], [ 459096.558735602535307, 838364.23210440762341 ], [ 459087.086135152727365, 838350.858903773128986 ], [ 459080.956734861247241, 838338.04290316440165 ], [ 459075.384534597396851, 838322.440902423113585 ], [ 459072.04133443813771, 838305.724401630461216 ], [ 459072.04133443813771, 838294.022901073098183 ], [ 459070.926834384910762, 838284.550200624391437 ] ] } },
{ "type": "Feature", "properties": { "OBJECTID": 113, "Name": null, "ClassID": 0, "Surface": "DIRT", "Width": 6.0, "Shape_Leng": 3944.19347251 }, "geometry": { "type": "LineString", "coordinates": [ [ 456556.026414933614433, 839760.176470711827278 ], [ 456533.801313878037035, 839755.943170512095094 ], [ 456512.634612873196602, 839765.468170963227749 ], [ 456487.234611666761339, 839769.701571164652705 ], [ 456460.776210409589112, 839773.934871366247535 ], [ 456432.201109052635729, 839770.75987121462822 ], [ 456408.917807946912944, 839762.293170813471079 ], [ 456376.109406388364732, 839752.768170360475779 ], [ 456346.476004980504513, 839745.359770009294152 ], [ 456331.659304277040064, 839739.009769706055522 ], [ 456315.784203522838652, 839728.426469204947352 ], [ 456298.850902718491852, 839716.784768652170897 ], [ 456271.334201411344111, 839695.61806764639914 ], [ 456251.225800456479192, 839680.801366942003369 ], [ 456236.409099753014743, 839673.392966590821743 ], [ 456205.717398295179009, 839673.392966590821743 ], [ 456173.967296786606312, 839695.61806764639914 ], [ 456154.917295882478356, 839710.434768348932266 ], [ 456144.333895379677415, 839728.426469204947352 ], [ 456129.517194676212966, 839746.418170059099793 ], [ 456114.700493971817195, 839751.709870310500264 ], [ 456087.183792664669454, 839757.001470562070608 ], [ 456066.017091659829021, 839757.001470562070608 ], [ 456045.908690704964101, 839755.943170512095094 ], [ 456030.033689950592816, 839755.943170512095094 ], [ 456009.925288995727897, 839755.943170512095094 ], [ 455985.583587839268148, 839761.234870763495564 ], [ 455963.358586783520877, 839767.58487106487155 ], [ 455936.900185527279973, 839776.05157146602869 ], [ 455907.266784119419754, 839777.109871516004205 ], [ 455897.741783667355776, 839773.934871366247535 ], [ 455874.458382560871542, 839763.351470863446593 ], [ 455833.183280600234866, 839753.826470410451293 ], [ 455798.258178941905499, 839737.951469656080008 ], [ 455763.333177283406258, 839723.134768953546882 ], [ 455728.408075624145567, 839715.726468600332737 ], [ 455690.307973814196885, 839714.668068550527096 ], [ 455664.907972607761621, 839717.843068702146411 ], [ 455643.741271602921188, 839733.718169456347823 ], [ 455616.22447029594332, 839765.468170963227749 ], [ 455602.466169642284513, 839785.576571919023991 ], [ 455587.649468938820064, 839800.393272623419762 ], [ 455569.6577680837363, 839816.268273375928402 ], [ 455553.782767330296338, 839827.909973928704858 ], [ 455531.557666273787618, 839851.193375036120415 ], [ 455517.799365621060133, 839867.068375788629055 ], [ 455511.449265318922698, 839882.94337654300034 ], [ 455510.390965268947184, 839909.401777800172567 ], [ 455513.565965419635177, 839928.45187870413065 ], [ 455510.390965268947184, 839950.67687975987792 ], [ 455501.924264866858721, 839968.668580615893006 ], [ 455478.640863760374486, 840000.418682122603059 ], [ 455458.532562805339694, 840016.293682876974344 ], [ 455442.657462052069604, 840036.402083832770586 ], [ 455426.782461297698319, 840049.102084435522556 ], [ 455408.790760443545878, 840058.627084888517857 ], [ 455383.390759237110615, 840061.802085038274527 ], [ 455364.34065833222121, 840056.510484786704183 ], [ 455341.057257225736976, 840045.927084283903241 ], [ 455308.248855667188764, 840036.402083832770586 ], [ 455287.08215466234833, 840027.9353834297508 ], [ 455270.14885385800153, 840033.227083681151271 ], [ 455250.040452903136611, 840044.868784233927727 ], [ 455229.932051947340369, 840067.093785289674997 ], [ 455207.707050892524421, 840088.260486295446754 ], [ 455187.598649936728179, 840099.902186848223209 ], [ 455168.548649032600224, 840110.485587351024151 ], [ 455151.615248227491975, 840123.185587953776121 ], [ 455136.798547524027526, 840141.177288809791207 ], [ 455124.098546921275556, 840157.052289562299848 ], [ 455121.981846820563078, 840179.277390617877245 ], [ 455123.040146870538592, 840203.619091775268316 ], [ 455124.098546921275556, 840232.194093132391572 ], [ 455121.981846820563078, 840255.477494237944484 ], [ 455114.573546468280256, 840276.64419524371624 ], [ 455103.990145965479314, 840291.460895946249366 ], [ 455093.406845463439822, 840307.335896700620651 ], [ 455087.056745161302388, 840321.094297355040908 ], [ 455080.706744859926403, 840343.319298410788178 ], [ 455075.415144608356059, 840366.60269951634109 ], [ 455076.473444659262896, 840387.769400522112846 ], [ 455079.648444809950888, 840411.052801627665758 ], [ 455089.173445262014866, 840431.161202581599355 ], [ 455095.523445563390851, 840454.444603689014912 ], [ 455106.106846066191792, 840476.669604744762182 ], [ 455111.398546317592263, 840487.253005245700479 ], [ 455118.806846669875085, 840497.836305748671293 ], [ 455123.040146870538592, 840511.59470640309155 ], [ 455130.448547222651541, 840535.936407558619976 ], [ 455132.565247323364019, 840565.569808965548873 ], [ 455127.273547071963549, 840581.444809719920158 ], [ 455118.806846669875085, 840599.436510575935245 ], [ 455108.223546166904271, 840616.369911380112171 ], [ 455095.523445563390851, 840630.128212032839656 ], [ 455076.473444659262896, 840641.769912585616112 ], [ 455060.59844390489161, 840651.294913038611412 ], [ 455035.19834269862622, 840666.111613741144538 ], [ 455022.498342094942927, 840671.403313992545009 ], [ 455006.623341341502964, 840680.928314445540309 ], [ 454972.756539732217789, 840698.92001529969275 ], [ 454953.706538828089833, 840705.270115602761507 ], [ 454931.481437772512436, 840709.503415802493691 ], [ 454902.906436414457858, 840725.378416556864977 ], [ 454883.856335510499775, 840743.370117411017418 ], [ 454867.98133475612849, 840762.420218316838145 ], [ 454851.04803395178169, 840783.586919322609901 ], [ 454842.581333549693227, 840793.111919773742557 ], [ 454829.881232946179807, 840808.986920528113842 ], [ 454819.297932444140315, 840825.920321332290769 ], [ 454810.831232041120529, 840838.620321935042739 ], [ 454796.014531337656081, 840856.612022791057825 ], [ 454778.02283048350364, 840876.720423744991422 ], [ 454760.031129628419876, 840890.478824399411678 ], [ 454745.214428924955428, 840905.295425102114677 ], [ 454735.68942847289145, 840921.17052585631609 ], [ 454726.16442801989615, 840946.570527063682675 ], [ 454718.756027667783201, 840966.678928017616272 ], [ 454713.464327417314053, 840997.370629476383328 ], [ 454711.347727316431701, 841029.120730983093381 ], [ 454713.464327417314053, 841059.812432441860437 ], [ 454712.406027366407216, 841073.570833094418049 ], [ 454704.997727015055716, 841085.21253364905715 ], [ 454679.597625807859004, 841082.037533497437835 ], [ 454651.022624450735748, 841079.920833397656679 ], [ 454627.739223345182836, 841075.687433196231723 ], [ 454599.164121988229454, 841067.220832793042064 ], [ 454573.76412078179419, 841064.045832643285394 ], [ 454550.480719675309956, 841062.987432591617107 ], [ 454526.13901851978153, 841070.395832944661379 ], [ 454502.855617413297296, 841079.920833397656679 ], [ 454478.513916257768869, 841089.445833848789334 ], [ 454449.938814899884164, 841100.029234351590276 ], [ 454424.538813693448901, 841107.437534702941775 ], [ 454404.430412738583982, 841115.904235105961561 ], [ 454387.497011934407055, 841124.370935508981347 ], [ 454369.505311079323292, 841132.837635910138488 ], [ 454343.047009822912514, 841144.479236463084817 ], [ 454327.171909068711102, 841155.062636965885758 ], [ 454311.296908315271139, 841155.062636965885758 ], [ 454270.021806354634464, 841156.120937015861273 ], [ 454230.863404494710267, 841149.770936714485288 ], [ 454208.638403438962996, 841147.654336614534259 ], [ 454187.47170243319124, 841143.420936413109303 ], [ 454171.59660167992115, 841143.420936413109303 ], [ 454153.944600841030478, 841140.535536276176572 ], [ 454134.894499936141074, 841143.710536425933242 ], [ 454115.844499031081796, 841152.177236828953028 ], [ 454104.20279847830534, 841165.935537481680512 ], [ 454095.736098076216877, 841179.693938136100769 ], [ 454087.26949767395854, 841192.393938738852739 ], [ 454077.744397222064435, 841204.035639291629195 ], [ 454070.336096869781613, 841215.677339844405651 ], [ 454063.986096568405628, 841226.260640347376466 ], [ 454053.402696065604687, 841235.785740800201893 ], [ 454044.935995663516223, 841243.194041151553392 ], [ 454037.527695311233401, 841248.485741402953863 ], [ 454026.944294809363782, 841256.952441805973649 ], [ 454015.302594255656004, 841265.41914220713079 ], [ 454010.010994005016983, 841270.710742458701134 ], [ 453999.427593502216041, 841278.11914280988276 ], [ 453982.494292697869241, 841285.527443163096905 ], [ 453968.735892044380307, 841289.760843364521861 ], [ 453958.152491541579366, 841296.110843665897846 ], [ 453947.569191038608551, 841301.402543917298317 ], [ 453938.044190586544573, 841306.694144168868661 ], [ 453926.402490033768117, 841316.219244619831443 ], [ 453918.994089681655169, 841320.452544821426272 ], [ 453901.002388826571405, 841318.335844721645117 ], [ 453884.069088023155928, 841310.927544368430972 ], [ 453866.077387168072164, 841303.519144017249346 ], [ 453853.377286564558744, 841299.285843815654516 ], [ 453840.677285961806774, 841295.05244361422956 ], [ 453824.802285207435489, 841286.585843212902546 ], [ 453809.98558450397104, 841281.294142961502075 ], [ 453795.168883800506592, 841278.11914280988276 ], [ 453779.293883046135306, 841274.94414266012609 ], [ 453767.250782473944128, 841268.42834234982729 ] ] } },
{ "type": "Feature", "properties": { "OBJECTID": 114, "Name": null, "ClassID": 0, "Surface": "DIRT", "Width": 4.0, "Shape_Leng": 509.91507125800001 }, "geometry": { "type": "LineString", "coordinates": [ [ 454704.997727015055716, 841085.21253364905715 ], [ 454716.639427567832172, 841106.379234652966261 ], [ 454730.397728221490979, 841130.720935810357332 ], [ 454750.506129176355898, 841147.654336614534259 ], [ 454771.672830181196332, 841157.179337065666914 ], [ 454793.897831236943603, 841169.879337670281529 ], [ 454818.239632393233478, 841186.812738474458456 ], [ 454838.34793334826827, 841205.862739378586411 ], [ 454856.339634203352034, 841220.679440082982183 ], [ 454872.214734957553446, 841234.437840735539794 ], [ 454882.798035459592938, 841253.487841641530395 ], [ 454892.323035912588239, 841278.887842847034335 ], [ 454892.323035912588239, 841303.229644004255533 ], [ 454891.264735861681402, 841321.221344858407974 ], [ 454889.148035760968924, 841350.854646265506744 ], [ 454902.906436414457858, 841366.729747019708157 ], [ 454927.248137570917606, 841376.254747472703457 ], [ 454948.414838576689363, 841387.896448025479913 ], [ 454961.114839179441333, 841400.596448628231883 ], [ 454970.63993963226676, 841411.179849131032825 ], [ 454984.398240285925567, 841428.113149935379624 ], [ 455001.331641090102494, 841440.813250537961721 ], [ 455009.798341492190957, 841451.396551040932536 ] ] } },
{ "type": "Feature", "properties": { "OBJECTID": 115, "Name": null, "ClassID": 0, "Surface": "DIRT", "Width": 4.0, "Shape_Leng": 263.91042236499999 }, "geometry": { "type": "LineString", "coordinates": [ [ 453401.180865086615086, 841327.740345166996121 ], [ 453410.993065552785993, 841309.869144318625331 ], [ 453418.401465904898942, 841293.994143564254045 ], [ 453425.809766256250441, 841281.294142961502075 ], [ 453428.984766406938434, 841270.710742458701134 ], [ 453433.21816660836339, 841263.302442107349634 ], [ 453437.45146680995822, 841259.069041905924678 ], [ 453451.209867463447154, 841252.719041604548693 ], [ 453456.501567713916302, 841246.369041303172708 ], [ 453470.259868367575109, 841242.135741101577878 ], [ 453473.434868518263102, 841236.844040850177407 ], [ 453477.668268719688058, 841229.435740498825908 ], [ 453481.901568920351565, 841216.735639894381166 ], [ 453487.193269171752036, 841205.09393934160471 ], [ 453492.484969423152506, 841198.743939040228724 ], [ 453498.834969725459814, 841192.393938738852739 ], [ 453508.359970177523792, 841189.218938589096069 ], [ 453514.709970478899777, 841189.218938589096069 ], [ 453522.118370831012726, 841190.277238639071584 ], [ 453529.526671183295548, 841194.510638838633895 ], [ 453532.701671333983541, 841194.510638838633895 ], [ 453537.993371585384011, 841196.627338940277696 ], [ 453549.635072138160467, 841199.802339090034366 ], [ 453553.868372338823974, 841201.91893919184804 ], [ 453565.51007289160043, 841199.802339090034366 ], [ 453572.918473243713379, 841193.452238788828254 ], [ 453577.151773445308208, 841188.16063853725791 ], [ 453578.210073495283723, 841184.98563838750124 ] ] } },
{ "type": "Feature", "properties": { "OBJECTID": 116, "Name": null, "ClassID": 0, "Surface": "DIRT", "Width": 8.0, "Shape_Leng": 330.42813461499998 }, "geometry": { "type": "LineString", "coordinates": [ [ 454612.488122620619833, 836277.455205291509628 ], [ 454602.187322131358087, 836233.676603212952614 ], [ 454603.474922192282975, 836173.15920033864677 ], [ 454606.050122315064073, 836135.81869856454432 ], [ 454625.364123232662678, 836097.190596729516983 ], [ 454644.67822415009141, 836050.836794527247548 ], [ 454647.253424271941185, 836008.345892509445548 ], [ 454648.541024332866073, 835958.12929012440145 ], [ 454648.541024332866073, 835956.841690063476562 ] ] } },
{ "type": "Feature", "properties": { "OBJECTID": 117, "Name": null, "ClassID": 0, "Surface": "DIRT", "Width": 8.0, "Shape_Leng": 240.98296478899999 }, "geometry": { "type": "LineString", "coordinates": [ [ 454600.899722070433199, 836232.389003152027726 ], [ 454554.545919869095087, 836222.08820266276598 ], [ 454540.382319196127355, 836206.636901928111911 ], [ 454519.780618217773736, 836152.557599360123277 ], [ 454526.218618523329496, 836124.230298014357686 ], [ 454569.997220602817833, 836115.216997586190701 ], [ 454609.912922498770058, 836124.230298014357686 ] ] } },
{ "type": "Feature", "properties": { "OBJECTID": 118, "Name": "Compact Road", "ClassID": 0, "Surface": "PAVED", "Width": 8.0, "Shape_Leng": 661.88456166799995 }, "geometry": { "type": "LineString", "coordinates": [ [ 458821.851522554643452, 838783.258124310523272 ], [ 458828.104122851975262, 838757.38072308152914 ], [ 458835.829723218455911, 838720.040221309289336 ], [ 458837.117323280312121, 838691.712919963523746 ], [ 458837.117323280312121, 838660.81041849590838 ], [ 458833.254523096606135, 838623.46991672180593 ], [ 458833.254523096606135, 838582.266614764928818 ], [ 458829.39172291290015, 838539.775612747296691 ], [ 458825.528922729194164, 838502.435110973194242 ], [ 458821.666122546419501, 838479.258309872820973 ], [ 458822.953722607344389, 838448.355808403342962 ], [ 458830.679322973825037, 838418.740906996652484 ], [ 458842.267723524942994, 838390.413605652749538 ], [ 458869.307424808852375, 838351.785403817892075 ], [ 458906.647926582023501, 838328.608602715656161 ], [ 458936.26282798871398, 838318.307702226564288 ], [ 458968.452929518185556, 838313.157301982864738 ], [ 459008.368731413967907, 838306.719301676377654 ], [ 459046.996833248995245, 838300.281301371753216 ], [ 459070.926834384910762, 838284.550200624391437 ] ] } },
{ "type": "Feature", "properties": { "OBJECTID": 119, "Name": "Compact Road", "ClassID": 0, "Surface": "PAVED", "Width": 10.0, "Shape_Leng": 5675.0771345700005 }, "geometry": { "type": "LineString", "coordinates": [ [ 459070.926834384910762, 838284.550200624391437 ], [ 459101.076235816814005, 838259.077999414876103 ], [ 459113.95223642885685, 838239.763898497447371 ], [ 459126.828237039968371, 838212.724197212606668 ], [ 459138.416737590916455, 838175.383695438504219 ], [ 459137.129137529991567, 838153.494394399225712 ], [ 459133.266337346285582, 838123.879492992535233 ], [ 459130.691137223504484, 838082.676191035658121 ], [ 459126.828237039968371, 838026.02158834412694 ], [ 459120.390236734412611, 837979.667886143550277 ], [ 459116.527436550706625, 837926.876083634793758 ], [ 459110.089436245150864, 837863.783480638638139 ], [ 459106.226636061444879, 837794.252877335995436 ], [ 459101.076235816814005, 837742.74867489002645 ], [ 459098.50103569496423, 837706.695773176848888 ], [ 459099.788635755889118, 837682.231272015720606 ], [ 459107.514236123301089, 837660.341970976442099 ], [ 459113.95223642885685, 837634.58996975235641 ], [ 459122.965436857193708, 837611.413068652153015 ], [ 459139.704337651841342, 837590.811367673799396 ], [ 459155.155538385733962, 837570.209766695275903 ], [ 459175.757239364087582, 837553.470865899696946 ], [ 459195.071340281516314, 837540.594865288585424 ], [ 459224.686241688206792, 837518.705564247444272 ], [ 459250.438242911361158, 837498.103863269090652 ], [ 459268.464743767865002, 837477.50226229056716 ], [ 459286.491244624368846, 837451.750161068513989 ], [ 459298.07964517455548, 837429.860860027372837 ], [ 459304.517645480111241, 837406.683958927169442 ], [ 459309.668045724742115, 837380.931957704946399 ], [ 459310.955645785667002, 837351.31705629825592 ], [ 459308.380445663817227, 837324.277355013415217 ], [ 459300.654845296405256, 837297.237653728574514 ], [ 459287.778844685293734, 837268.910352382808924 ], [ 459271.039943889714777, 837243.158251160755754 ], [ 459246.575442727655172, 837217.406149936839938 ], [ 459222.11094156652689, 837198.092149019241333 ], [ 459198.934140465222299, 837186.503648469224572 ], [ 459161.593638692051172, 837172.340047797188163 ], [ 459130.691137223504484, 837162.039247307926416 ], [ 459086.912535144947469, 837149.163146695122123 ], [ 459057.297633738256991, 837137.574746144935489 ], [ 459022.532332086935639, 837127.273945655673742 ], [ 458981.329030129127204, 837113.110244983807206 ], [ 458949.138928600586951, 837102.80944449454546 ], [ 458916.948827072046697, 837093.796144066378474 ], [ 458893.77192597091198, 837083.495343577116728 ], [ 458862.869424503296614, 837068.044142842292786 ], [ 458833.254523096606135, 837052.592842109501362 ], [ 458808.79002193454653, 837029.415941007435322 ], [ 458773.086620238609612, 836997.99323951639235 ], [ 458740.546818693168461, 836957.797137606889009 ], [ 458723.319917874410748, 836927.171536151319742 ], [ 458708.007117147557437, 836850.607432514429092 ], [ 458698.436616692692041, 836797.012529969215393 ], [ 458708.007117147557437, 836747.245827605947852 ], [ 458719.491717693395913, 836707.049725696444511 ], [ 458744.375118874944746, 836649.626622969284654 ], [ 458765.430219874717295, 836605.602220878005028 ], [ 458786.485320875421166, 836561.577918786555529 ], [ 458811.368622057139874, 836506.068916151300073 ], [ 458832.423823056742549, 836456.302213786169887 ], [ 458849.650723875500262, 836408.449711514636874 ], [ 458866.877624693326652, 836377.82401005923748 ], [ 458899.417426238767803, 836305.088206604123116 ], [ 458914.730226966552436, 836257.235604330897331 ], [ 458922.386627329513431, 836224.695902785286307 ], [ 458924.30072742048651, 836186.413800967857242 ], [ 458924.30072742048651, 836151.959999330341816 ], [ 458926.214827511459589, 836111.763797422870994 ], [ 458922.386627329513431, 836073.48179560340941 ], [ 458918.558427148498595, 836042.856094149872661 ], [ 458910.902026784606278, 836012.230492694303393 ], [ 458899.417426238767803, 835975.862490966916084 ], [ 458886.018625602126122, 835933.752288967370987 ], [ 458866.877624693326652, 835901.212487421929836 ], [ 458849.650723875500262, 835868.672785876318812 ], [ 458830.50972296576947, 835836.133084330707788 ], [ 458799.884021511301398, 835805.507382875308394 ], [ 458769.258420056663454, 835767.225381057709455 ], [ 458744.375118874944746, 835746.17018005810678 ], [ 458713.749417420476675, 835719.372778784483671 ], [ 458688.866116238757968, 835696.403577692806721 ], [ 458646.755814238451421, 835644.722775239497423 ], [ 458616.130212783813477, 835604.526673329994082 ], [ 458602.731512147001922, 835570.07277169264853 ], [ 458585.504511329345405, 835520.306169329211116 ], [ 458579.762211056426167, 835455.226666238158941 ], [ 458589.33281151112169, 835397.803563510999084 ], [ 458602.731512147001922, 835351.865061329677701 ], [ 458627.614813328720629, 835309.754859328269958 ], [ 458656.326314692385495, 835259.988156965002418 ], [ 458692.694316419772804, 835214.049754783511162 ], [ 458721.405817783437669, 835171.939452782273293 ], [ 458755.859719420783222, 835122.172750419005752 ], [ 458773.086620238609612, 835097.289449237287045 ], [ 458805.626321784220636, 835064.749747691676021 ], [ 458847.736623784527183, 834999.670244600623846 ], [ 458880.276325330138206, 834934.590741509571671 ], [ 458903.245626420713961, 834873.339438600465655 ], [ 458924.30072742048651, 834806.345835417509079 ], [ 458941.527628239244223, 834743.180532418191433 ], [ 458955.6162289083004, 834680.836529456079006 ], [ 458960.907829159870744, 834633.211427194997668 ], [ 458964.876629347912967, 834580.294624680653214 ], [ 458964.876629347912967, 834530.023722292855382 ], [ 458962.230829222127795, 834498.273620786145329 ], [ 458960.907829159870744, 834455.940218774601817 ], [ 458956.093228930607438, 834409.227016555145383 ], [ 458946.355728468857706, 834372.596314815804362 ], [ 458941.064128217287362, 834335.554513055831194 ], [ 458925.189027463085949, 834250.887709034606814 ], [ 458918.574427149258554, 834186.064705956727266 ], [ 458906.668226582929492, 834131.825003379955888 ], [ 458893.439025955274701, 834073.616500616073608 ], [ 458888.14732570387423, 834027.314398415386677 ], [ 458881.532725389115512, 833981.012196216732264 ], [ 458876.241025137715042, 833946.616294583305717 ], [ 458857.72012425865978, 833846.074389807879925 ], [ 458849.782623881474137, 833801.095187671482563 ], [ 458839.199323378503323, 833738.917984718456864 ], [ 458823.32422262430191, 833667.480281325057149 ], [ 458812.740922122262418, 833611.917678685858846 ], [ 458804.803421745076776, 833570.907176738604903 ], [ 458792.897121179848909, 833531.21957485191524 ], [ 458774.376220299862325, 833488.886172842234373 ], [ 458751.886619231663644, 833453.167371146380901 ], [ 458721.459517786279321, 833405.542268883436918 ], [ 458689.709416278637946, 833360.563066747039557 ] ] } },
{ "type": "Feature", "properties": { "OBJECTID": 120, "Name": null, "ClassID": 0, "Surface": "DIRT", "Width": 6.0, "Shape_Leng": 443.02067953 }, "geometry": { "type": "LineString", "coordinates": [ [ 459135.841537468135357, 838134.180393481627107 ], [ 459113.95223642885685, 838112.291092442348599 ], [ 459084.337335022166371, 838094.264591585844755 ], [ 459057.297633738256991, 838073.662990607321262 ], [ 459040.558832942508161, 838050.486089507117867 ], [ 459026.395132269710302, 838024.733988283202052 ], [ 459019.957131964154541, 838001.557087182998657 ], [ 459017.381931842304766, 837974.517385898157954 ], [ 459022.532332086935639, 837959.066185163334012 ], [ 459026.395132269710302, 837951.340584797784686 ], [ 459026.395132269710302, 837942.327284369617701 ], [ 459017.381931842304766, 837921.725683391094208 ], [ 459017.381931842304766, 837895.973582167178392 ], [ 459012.231531597673893, 837880.522281434386969 ], [ 459018.669531903229654, 837863.783480638638139 ], [ 459031.545532514341176, 837850.907480027526617 ], [ 459052.147233493626118, 837838.031379414722323 ], [ 459068.886134288273752, 837825.155378803610802 ], [ 459080.474534838460386, 837813.566878253594041 ], [ 459097.213435634039342, 837798.115677518770099 ], [ 459104.939036000519991, 837785.23957690782845 ] ] } },
{ "type": "Feature", "properties": { "OBJECTID": 121, "Name": null, "ClassID": 0, "Surface": "GRAVEL", "Width": 7.0, "Shape_Leng": 2913.13509028 }, "geometry": { "type": "LineString", "coordinates": [ [ 459116.527436550706625, 837629.439569508656859 ], [ 459111.377036306075752, 837604.975068345665932 ], [ 459106.226636061444879, 837574.072566878050566 ], [ 459104.939036000519991, 837548.32046565413475 ], [ 459107.514236123301089, 837532.869164921343327 ], [ 459112.664636367931962, 837523.855964493006468 ], [ 459130.691137223504484, 837510.979963881894946 ], [ 459144.854737896472216, 837500.679063392803073 ], [ 459170.606839119456708, 837491.665862964466214 ], [ 459202.796940648928285, 837486.515462718904018 ], [ 459224.686241688206792, 837486.515462718904018 ], [ 459240.137442422099411, 837486.515462718904018 ], [ 459259.451543339528143, 837478.789862351492047 ], [ 459269.75234382878989, 837465.913761740550399 ], [ 459271.039943889714777, 837449.174960944801569 ], [ 459278.765544257126749, 837432.436060151085258 ], [ 459282.628344440832734, 837415.697259355336428 ], [ 459285.203544562682509, 837402.821158744394779 ], [ 459285.203544562682509, 837393.80795831605792 ], [ 459285.203544562682509, 837379.644357644021511 ], [ 459282.628344440832734, 837365.48065697029233 ], [ 459281.340744378976524, 837343.591355931013823 ], [ 459285.203544562682509, 837313.976454524323344 ], [ 459282.628344440832734, 837298.525253789499402 ], [ 459278.765544257126749, 837279.21115287207067 ], [ 459269.75234382878989, 837266.335152260959148 ], [ 459255.588743155822158, 837252.171551588922739 ], [ 459231.124241993762553, 837241.870651099830866 ], [ 459209.234940954484046, 837231.569850610569119 ], [ 459191.208440097980201, 837234.145050732418895 ], [ 459165.456438874825835, 837241.870651099830866 ], [ 459144.854737896472216, 837256.034351771697402 ], [ 459131.978737285360694, 837271.485552506521344 ], [ 459117.815036612562835, 837275.348352689296007 ], [ 459097.213435634039342, 837276.635952750220895 ], [ 459072.748934471979737, 837267.622752321884036 ], [ 459045.709233187139034, 837262.472352078184485 ], [ 459025.107532208785415, 837263.759952139109373 ], [ 459003.218331169337034, 837267.622752321884036 ], [ 458985.19183031283319, 837276.635952750220895 ], [ 458963.302529273554683, 837284.361653117462993 ], [ 458933.687627866864204, 837297.237653728574514 ], [ 458906.647926582023501, 837306.250854156911373 ], [ 458880.895925358869135, 837310.113654339686036 ], [ 458866.732224686071277, 837306.250854156911373 ], [ 458848.705823830328882, 837297.237653728574514 ], [ 458834.542123157531023, 837286.936853239312768 ], [ 458826.816522791050375, 837270.197952445596457 ], [ 458826.816522791050375, 837257.32195183262229 ], [ 458830.679322973825037, 837238.007850915193558 ], [ 458842.267723524942994, 837222.556650182232261 ], [ 458856.43142419680953, 837207.105349447578192 ], [ 458871.88262493070215, 837200.667349142953753 ], [ 458879.608325297944248, 837196.804548958316445 ], [ 458887.333925665356219, 837181.353248225525022 ], [ 458904.072726460173726, 837167.189647551625967 ], [ 458905.360326521098614, 837144.012746451422572 ], [ 458904.072726460173726, 837127.273945655673742 ], [ 458904.072726460173726, 837102.80944449454546 ], [ 458901.497526337392628, 837077.057343270629644 ], [ 458904.072726460173726, 837064.181342659518123 ], [ 458910.510826765559614, 837046.154841803014278 ], [ 458922.09922731667757, 837028.128340946510434 ], [ 458941.413328234106302, 837017.827540457248688 ], [ 458953.001728784292936, 837011.389540152624249 ], [ 458967.165329457260668, 836995.938239417970181 ], [ 458974.891029823571444, 836985.637438928708434 ], [ 458985.19183031283319, 836977.911838561296463 ], [ 458998.067830924876034, 836967.61093807220459 ], [ 459005.79353129118681, 836957.310137582942843 ], [ 459014.806731719523668, 836950.872137278318405 ], [ 459026.395132269710302, 836950.872137278318405 ], [ 459034.1208326369524, 836952.159737339243293 ], [ 459046.996833248995245, 836958.597737643867731 ], [ 459056.010033676400781, 836965.035737950354815 ], [ 459072.748934471979737, 836974.0490383785218 ], [ 459083.049734961241484, 836983.062238806858659 ], [ 459089.487735266797245, 836989.500239111483097 ], [ 459110.089436245150864, 836993.363039296120405 ], [ 459124.253036918118596, 836992.075439235195518 ], [ 459131.978737285360694, 836992.075439235195518 ], [ 459150.005138141103089, 836990.78783917427063 ], [ 459177.044839425943792, 836990.78783917427063 ], [ 459198.934140465222299, 836990.78783917427063 ], [ 459228.549041871912777, 836990.78783917427063 ], [ 459246.575442727655172, 836990.78783917427063 ], [ 459264.601943584159017, 836992.075439235195518 ], [ 459280.053144318051636, 836998.513439539819956 ], [ 459300.654845296405256, 837004.951539846137166 ], [ 459321.256546275690198, 836999.801039600744843 ], [ 459335.420146947726607, 836988.212639050558209 ], [ 459349.583847620524466, 836988.212639050558209 ], [ 459366.322648415341973, 836993.363039296120405 ], [ 459377.91104896645993, 837001.088739663362503 ], [ 459389.499549516476691, 837008.814340028911829 ], [ 459402.375550128519535, 837019.115140518173575 ], [ 459429.415251412428916, 837037.14164137467742 ], [ 459441.00365196261555, 837042.292041620239615 ], [ 459451.304552452638745, 837048.730041924864054 ], [ 459466.755753186531365, 837053.88044217042625 ], [ 459478.344253736548126, 837057.743242353200912 ], [ 459498.945854715071619, 837057.743242353200912 ], [ 459523.410355877131224, 837060.318442475050688 ], [ 459536.286356488242745, 837062.893642598763108 ], [ 459556.888057467527688, 837059.0308424141258 ], [ 459577.489758445881307, 837051.305242048576474 ], [ 459586.502958874218166, 837051.305242048576474 ], [ 459626.418660769239068, 837046.154841803014278 ], [ 459648.307961809448898, 837046.154841803014278 ], [ 459672.772462971508503, 837044.867241742089391 ], [ 459692.086463889107108, 837046.154841803014278 ], [ 459711.40056480653584, 837046.154841803014278 ], [ 459729.427065662108362, 837047.442441863939166 ], [ 459746.165866456925869, 837046.154841803014278 ], [ 459765.479967374354601, 837034.566441252827644 ], [ 459773.205567741766572, 837025.553140824660659 ], [ 459782.218768170103431, 837012.677140213549137 ], [ 459786.081568352878094, 837002.376339724287391 ], [ 459786.081568352878094, 836990.78783917427063 ], [ 459777.068367925472558, 836977.911838561296463 ], [ 459765.479967374354601, 836968.898638132959604 ], [ 459750.028666640631855, 836963.748137889429927 ], [ 459726.851865540258586, 836958.597737643867731 ], [ 459710.11296474467963, 836953.44733740016818 ], [ 459697.236964133568108, 836947.009337093681097 ], [ 459674.060063032433391, 836935.420836543664336 ], [ 459661.18396242056042, 836927.695236176252365 ], [ 459649.595561870373785, 836922.544835932552814 ], [ 459636.719561259262264, 836913.531635504215956 ], [ 459628.993860892020166, 836904.51833507604897 ], [ 459619.980660463683307, 836891.642334464937449 ], [ 459610.967460035346448, 836882.62913403660059 ], [ 459603.2418596688658, 836869.753033423796296 ], [ 459598.0913594244048, 836855.589432751759887 ], [ 459592.940959179773927, 836849.151432445272803 ], [ 459582.64015869051218, 836836.275331834331155 ], [ 459581.352558629587293, 836819.536531038582325 ], [ 459587.790558935143054, 836802.797630244866014 ], [ 459592.940959179773927, 836791.209229694679379 ], [ 459601.954259607940912, 836777.045529020950198 ], [ 459607.104659852571785, 836768.032328592613339 ], [ 459614.830260219052434, 836751.293527798727155 ], [ 459628.993860892020166, 836737.129827124997973 ], [ 459632.856761075556278, 836721.678626392036676 ], [ 459638.007161320187151, 836712.665325963869691 ], [ 459645.7327616866678, 836699.789325350895524 ], [ 459653.458362054079771, 836689.488524861633778 ], [ 459662.47156248241663, 836680.475224433466792 ], [ 459668.909662787802517, 836668.886823883280158 ], [ 459676.635263155214489, 836657.298423333093524 ], [ 459683.073263460770249, 836645.709922783076763 ], [ 459688.223663705401123, 836632.833922171965241 ], [ 459695.94936407264322, 836619.957821559160948 ], [ 459701.099764317274094, 836610.944621132686734 ], [ 459704.962564500048757, 836599.356220580637455 ], [ 459708.825364683754742, 836589.055320091545582 ], [ 459712.688164867460728, 836578.754519602283835 ], [ 459713.975764928385615, 836562.015718808397651 ], [ 459715.263364989310503, 836550.427218256518245 ], [ 459717.838565112091601, 836540.126417767256498 ], [ 459717.838565112091601, 836527.25031715631485 ], [ 459710.11296474467963, 836515.661916606128216 ], [ 459704.962564500048757, 836509.223916299641132 ], [ 459698.524564194492996, 836501.498315934091806 ], [ 459689.51126376632601, 836487.334615260362625 ], [ 459684.360863521695137, 836474.458614649251103 ], [ 459683.769863493740559, 836467.957214340567589 ] ] } },
{ "type": "Feature", "properties": { "OBJECTID": 122, "Name": null, "ClassID": 0, "Surface": "GRAVEL", "Width": 10.0, "Shape_Leng": 319.83436034300001 }, "geometry": { "type": "LineString", "coordinates": [ [ 459683.769863493740559, 836467.957214340567589 ], [ 459683.073263460770249, 836460.294913975521922 ], [ 459677.922863216139376, 836446.131313303485513 ], [ 459679.210463277064264, 836430.680012568831444 ], [ 459681.785663399845362, 836420.379212079569697 ], [ 459681.785663399845362, 836404.9280113466084 ], [ 459683.073263460770249, 836389.476710611954331 ], [ 459683.073263460770249, 836375.313109939917922 ], [ 459685.648463582620025, 836366.299809511750937 ], [ 459686.936063644476235, 836354.711408961564302 ], [ 459690.798863827250898, 836336.684908105060458 ], [ 459690.798863827250898, 836318.658507248386741 ], [ 459692.086463889107108, 836300.632006391882896 ], [ 459692.086463889107108, 836281.318005476146936 ], [ 459690.798863827250898, 836267.154304802417755 ], [ 459692.086463889107108, 836254.278304191306233 ], [ 459692.086463889107108, 836245.265103762969375 ], [ 459692.086463889107108, 836229.813803028315306 ], [ 459694.661664010956883, 836209.212102049961686 ], [ 459697.236964133568108, 836197.623701499775052 ], [ 459699.812164255417883, 836177.022000521421432 ], [ 459702.387364378198981, 836157.707999603822827 ], [ 459702.387364378198981, 836151.269999299198389 ] ] } },
{ "type": "Feature", "properties": { "OBJECTID": 123, "Name": null, "ClassID": 0, "Surface": "PAVED", "Width": 8.0, "Shape_Leng": 3555.1546157299999 }, "geometry": { "type": "LineString", "coordinates": [ [ 459702.387364378198981, 836151.269999299198389 ], [ 459702.387364378198981, 836138.393898686394095 ], [ 459706.250164561904967, 836125.517898075282574 ], [ 459706.250164561904967, 836108.778997279703617 ], [ 459706.250164561904967, 836083.026896057650447 ], [ 459711.40056480653584, 836037.960793916136026 ], [ 459712.688164867460728, 836001.90789220482111 ], [ 459716.550965051166713, 835964.56739043071866 ], [ 459719.126165173016489, 835909.200387800112367 ], [ 459722.988965356722474, 835875.722686210647225 ], [ 459729.427065662108362, 835833.231684193015099 ], [ 459734.577465906739235, 835788.165582051500678 ], [ 459750.028666640631855, 835744.38707997277379 ], [ 459757.754367007873952, 835721.210178872570395 ], [ 459774.49316780269146, 835685.157277159392834 ], [ 459786.081568352878094, 835654.254775691777468 ], [ 459800.245269025675952, 835613.051373735070229 ], [ 459815.696469759568572, 835567.985271593555808 ], [ 459829.860170432366431, 835526.781969636678696 ], [ 459836.298170738853514, 835504.892668597400188 ], [ 459855.612271655350924, 835468.839766884222627 ], [ 459874.926272572949529, 835439.224865477532148 ], [ 459898.103173674084246, 835419.910764560103416 ], [ 459910.979174285195768, 835404.459563827142119 ], [ 459925.142874957993627, 835390.295863153412938 ], [ 459936.731275509111583, 835376.132262481376529 ], [ 459936.731275509111583, 835358.105761624872684 ], [ 459939.306475630961359, 835337.504160646349192 ], [ 459938.018875570036471, 835310.464459361508489 ], [ 459936.731275509111583, 835279.561957893893123 ], [ 459938.018875570036471, 835239.646255997940898 ], [ 459939.306475630961359, 835197.155253980308771 ], [ 459936.731275509111583, 835154.664351962506771 ], [ 459936.731275509111583, 835100.584949392825365 ], [ 459939.306475630961359, 835060.66924749687314 ], [ 459941.881675753742456, 835013.027845235541463 ], [ 459943.169275814667344, 834975.687343461439013 ], [ 459952.18257624283433, 834930.621241319924593 ], [ 459959.908176609314978, 834917.745140708982944 ], [ 459963.770976793020964, 834898.431139791384339 ], [ 459966.346176915802062, 834879.117038873955607 ], [ 459965.058576853945851, 834855.940137773752213 ], [ 459962.483376732096076, 834836.626136856153607 ], [ 459965.058576853945851, 834818.599635999649763 ], [ 459966.346176915802062, 834799.285635082051158 ], [ 459970.208977098576725, 834773.533533859997988 ], [ 459981.797477649524808, 834704.002930557355285 ], [ 459976.646977405063808, 834675.675629211589694 ], [ 459968.921377037651837, 834638.335027437657118 ], [ 459958.62057654839009, 834612.583026215434074 ], [ 459952.18257624283433, 834599.706925602629781 ], [ 459929.005675141699612, 834564.941623952239752 ], [ 459905.828774040564895, 834548.202823156490922 ], [ 459867.20067220646888, 834526.313522117212415 ], [ 459846.598971228115261, 834518.587921749800444 ], [ 459820.846970004960895, 834518.587921749800444 ], [ 459793.807268720120192, 834506.999421199783683 ], [ 459766.767567436210811, 834468.371319364756346 ], [ 459754.607366858050227, 834444.9458182528615 ], [ 459733.176065840758383, 834413.195816744118929 ], [ 459717.300965086556971, 834387.002015499398112 ], [ 459702.219764370471239, 834357.633214104920626 ], [ 459697.457164144143462, 834346.520613577216864 ], [ 459696.663464105688035, 834331.439412862062454 ], [ 459695.869664068333805, 834298.895511316135526 ], [ 459696.663464105688035, 834272.701710071414709 ], [ 459694.28216399345547, 834248.095408903434873 ], [ 459693.488463955000043, 834227.457907922565937 ], [ 459688.725963729433715, 834216.345407394692302 ], [ 459683.169663465581834, 834203.645406791940331 ], [ 459673.644663012586534, 834187.770306037738919 ], [ 459662.532162484712899, 834174.276505395770073 ], [ 459654.594662107527256, 834159.989004718139768 ], [ 459645.863361692987382, 834147.289004115387797 ], [ 459635.544561203569174, 834133.795203473418951 ], [ 459626.019560750573874, 834119.507702795788646 ], [ 459614.907060222700238, 834106.013902153819799 ], [ 459607.763259883970022, 834100.457701889798045 ], [ 459589.506959016434848, 834082.995101060718298 ], [ 459574.425758300349116, 834071.088800495490432 ], [ 459554.581957357935607, 834059.182599930092692 ], [ 459529.975656189024448, 834045.688799288123846 ], [ 459489.494254265911877, 834026.638798383995891 ], [ 459459.331752833910286, 834009.969997592270374 ], [ 459433.13795158918947, 833994.888696875423193 ], [ 459408.531650420278311, 833982.982396310195327 ], [ 459390.275349553674459, 833971.869895782321692 ], [ 459364.87524834740907, 833959.169895179569721 ], [ 459335.50644695200026, 833940.91359431296587 ], [ 459313.28144589625299, 833925.038593558594584 ], [ 459284.706344539299607, 833901.225992426276207 ], [ 459257.718843257054687, 833879.000991372391582 ], [ 459233.11254208907485, 833860.744690503925085 ], [ 459201.362440580502152, 833836.138389335945249 ], [ 459172.787439223378897, 833815.500788355246186 ], [ 459137.862337564118207, 833788.513287073001266 ], [ 459110.081036244519055, 833766.288186017423868 ], [ 459086.268535113893449, 833748.031985150650144 ], [ 459060.868433907628059, 833725.806884095072746 ], [ 459044.993433153256774, 833710.725583378225565 ], [ 458992.605830664746463, 833654.369280701503158 ], [ 458969.587029571644962, 833628.96917949616909 ], [ 458952.124428742565215, 833607.537878477945924 ], [ 458919.580627196468413, 833572.612876819446683 ], [ 458890.211825801990926, 833542.45027538575232 ], [ 458855.286724142730236, 833507.525173727422953 ], [ 458838.618023350834846, 833486.093972709029913 ], [ 458818.774222408421338, 833460.693871503695846 ], [ 458774.32412029709667, 833417.037569429725409 ], [ 458742.574018789455295, 833378.937467619776726 ], [ 458713.205217394046485, 833349.568666225299239 ], [ 458690.980216338299215, 833321.787364905700088 ], [ 458646.530114227905869, 833282.09976302087307 ], [ 458637.798813812434673, 833277.33726279437542 ] ] } },
{ "type": "Feature", "properties": { "OBJECTID": 124, "Name": null, "ClassID": 0, "Surface": "GRAVEL", "Width": 6.0, "Shape_Leng": 669.84036122199996 }, "geometry": { "type": "LineString", "coordinates": [ [ 459939.306475630961359, 835340.079360768198967 ], [ 459900.678373795934021, 835349.092561196535826 ], [ 459841.448570983484387, 835354.242961442098022 ], [ 459835.010570676997304, 835359.393361685797572 ], [ 459837.585770799778402, 835264.110657161101699 ], [ 459851.749371472746134, 835123.761850494891405 ], [ 459845.31137116625905, 835109.598149821162224 ], [ 459853.037071533501148, 835095.434549149125814 ], [ 459858.187471778132021, 835042.642746642231941 ], [ 459859.475071839056909, 834958.948542665690184 ], [ 459862.050271961838007, 834906.15674015879631 ], [ 459869.775872328318655, 834830.188136549666524 ], [ 459872.351072451099753, 834801.860835205763578 ] ] } },
{ "type": "Feature", "properties": { "OBJECTID": 125, "Name": null, "ClassID": 0, "Surface": "DIRT", "Width": 5.0, "Shape_Leng": 706.02158720399996 }, "geometry": { "type": "LineString", "coordinates": [ [ 459711.744764822535217, 834383.827015349641442 ], [ 459699.838464257307351, 834393.352015802636743 ], [ 459687.932163691148162, 834396.527015952393413 ], [ 459671.263362899422646, 834393.352015802636743 ], [ 459654.594662107527256, 834390.970715688541532 ], [ 459633.957061127759516, 834394.145715840160847 ], [ 459614.113260185346007, 834395.733215915039182 ], [ 459596.650759356096387, 834391.764515725895762 ], [ 459578.394458488561213, 834400.495716141536832 ], [ 459568.869458036497235, 834410.020816594362259 ], [ 459562.519457734189928, 834421.133317122235894 ], [ 459556.169457432813942, 834437.008317874744534 ], [ 459553.788157319650054, 834448.914618441835046 ], [ 459561.725657696835697, 834459.233418930321932 ], [ 459568.869458036497235, 834472.727119572460651 ], [ 459572.838258224539459, 834481.458419986069202 ], [ 459572.044458187185228, 834489.395920364186168 ], [ 459559.344457583501935, 834495.745920665562153 ], [ 459543.469356830231845, 834498.920920815318823 ], [ 459533.944356377236545, 834499.714720854535699 ], [ 459514.100555434823036, 834503.683421041816473 ], [ 459501.400554832071066, 834506.064721155911684 ], [ 459490.288054304197431, 834506.858421193435788 ], [ 459472.031753436662257, 834502.095920966938138 ], [ 459463.300453022122383, 834500.508420892059803 ], [ 459433.931651626713574, 834498.920920815318823 ], [ 459410.119150496087968, 834498.127220777794719 ], [ 459395.037849779240787, 834497.333420740440488 ], [ 459380.750349100679159, 834499.714720854535699 ], [ 459368.844048535451293, 834503.683421041816473 ], [ 459360.112748120911419, 834505.270921118557453 ], [ 459345.825247442349792, 834503.683421041816473 ], [ 459328.362746613100171, 834500.508420892059803 ], [ 459321.218946273438632, 834502.095920966938138 ], [ 459299.787645255215466, 834507.652221230790019 ], [ 459287.8813446899876, 834509.239721305668354 ], [ 459274.387644048780203, 834518.764721758663654 ], [ 459267.243843710049987, 834521.939721910282969 ], [ 459255.337543143890798, 834527.496022174134851 ], [ 459245.81254269182682, 834531.464722361415625 ], [ 459242.637542541138828, 834538.608522702008486 ], [ 459236.287542239762843, 834545.752323040738702 ], [ 459227.556241824291646, 834551.308523304760456 ], [ 459216.443741297349334, 834552.102323342114687 ], [ 459205.331240769475698, 834556.071023531258106 ], [ 459195.012440279126167, 834560.039823718369007 ], [ 459183.106139713898301, 834564.008623907342553 ], [ 459172.787439223378897, 834571.152324246242642 ], [ 459164.056138808839023, 834579.883624661713839 ], [ 459154.531138355843723, 834588.614925077185035 ], [ 459145.006137903779745, 834599.72742560505867 ] ] } },
{ "type": "Feature", "properties": { "OBJECTID": 126, "Name": null, "ClassID": 0, "Surface": "DIRT", "Width": 4.0, "Shape_Leng": 362.949707827 }, "geometry": { "type": "LineString", "coordinates": [ [ 459296.612645104527473, 834505.270921118557453 ], [ 459279.943844312801957, 834498.127220777794719 ], [ 459265.656343634240329, 834496.539720702916384 ], [ 459252.956343031488359, 834494.952220628038049 ], [ 459237.875042314641178, 834497.333420740440488 ], [ 459222.000041561201215, 834494.158420590683818 ], [ 459214.062441184185445, 834494.158420590683818 ], [ 459200.568740542978048, 834487.808420287445188 ], [ 459194.218740241602063, 834479.077119873836637 ], [ 459181.518639638088644, 834471.139619495719671 ], [ 459168.024938996881247, 834463.995919156819582 ], [ 459151.35613820515573, 834457.64581885561347 ], [ 459140.243637677282095, 834454.470818703994155 ], [ 459132.306037300266325, 834448.12081840261817 ], [ 459120.399836734868586, 834444.152118215337396 ], [ 459106.906036093831062, 834442.564618138596416 ], [ 459092.618535415269434, 834440.18331802636385 ], [ 459077.537234699353576, 834438.595817951485515 ], [ 459068.012234246358275, 834435.420817799866199 ], [ 459060.868433907628059, 834430.658317573368549 ], [ 459046.580933229066432, 834424.308317271992564 ], [ 459032.293332550674677, 834420.339517083019018 ], [ 459017.212131833657622, 834417.164516933262348 ], [ 458997.368330891244113, 834413.989516781643033 ], [ 458990.224530552513897, 834413.195816744118929 ], [ 458976.730729911476374, 834410.814516631886363 ], [ 458964.824529346078634, 834410.020816594362259 ], [ 458956.093228930607438, 834410.020816594362259 ], [ 458956.093228930607438, 834409.227016555145383 ] ] } },
{ "type": "Feature", "properties": { "OBJECTID": 127, "Name": null, "ClassID": 0, "Surface": "DIRT", "Width": 4.0, "Shape_Leng": 150.215088885 }, "geometry": { "type": "LineString", "coordinates": [ [ 459136.274837489239872, 834451.295818554237485 ], [ 459110.874736282974482, 834460.820919007062912 ], [ 459102.937235905788839, 834463.202119119465351 ], [ 459080.712234850041568, 834469.552119420841336 ], [ 459060.868433907628059, 834472.727119572460651 ], [ 459049.755933379754424, 834475.902119722217321 ], [ 459038.643432851880789, 834480.664619948714972 ], [ 459032.293332550674677, 834486.220920212566853 ], [ 459022.768332097679377, 834486.220920212566853 ], [ 459011.655831569805741, 834486.220920212566853 ], [ 459003.718331192620099, 834489.395920364186168 ], [ 458994.193330740556121, 834493.364720551297069 ] ] } },
{ "type": "Feature", "properties": { "OBJECTID": 128, "Name": null, "ClassID": 0, "Surface": "DIRT", "Width": 5.0, "Shape_Leng": 60.5950217396 }, "geometry": { "type": "LineString", "coordinates": [ [ 458795.542921305634081, 833525.927974602207541 ], [ 458844.491023629903793, 833490.209072904661298 ] ] } },
{ "type": "Feature", "properties": { "OBJECTID": 129, "Name": null, "ClassID": 0, "Surface": "GRAVEL", "Width": 14.0, "Shape_Leng": 44.764730419499998 }, "geometry": { "type": "LineString", "coordinates": [ [ 458763.79291979689151, 833470.365371963009238 ], [ 458800.83462155610323, 833445.229870768263936 ] ] } },
{ "type": "Feature", "properties": { "OBJECTID": 130, "Name": "Compact Road", "ClassID": 0, "Surface": "PAVED", "Width": 10.0, "Shape_Leng": 1263.0772285800001 }, "geometry": { "type": "LineString", "coordinates": [ [ 458689.709416278637946, 833360.563066747039557 ], [ 458653.990614581853151, 833306.323364170268178 ], [ 458637.798813812434673, 833277.33726279437542 ], [ 458598.428011942654848, 833219.010660024359822 ], [ 458560.063310120254755, 833160.802257258445024 ], [ 458520.375708235427737, 833094.65625411644578 ], [ 458483.334006476216018, 833043.062351666390896 ], [ 458439.677704402245581, 832975.593548461794853 ], [ 458396.02130232937634, 832916.062145633623004 ], [ 458355.010800381191075, 832865.791243245825171 ], [ 458315.323298496194184, 832823.457741236314178 ], [ 458254.46899560559541, 832761.280538283288479 ], [ 458213.458493657410145, 832724.238836523145437 ], [ 458163.187491269782186, 832684.551234638318419 ], [ 458108.94778869394213, 832643.540732691064477 ], [ 458067.937386745586991, 832609.144831055775285 ], [ 458024.280984671786427, 832572.103129297494888 ], [ 457988.562182975932956, 832545.644728040322661 ], [ 457960.780881656333804, 832515.21762659586966 ], [ 457943.582880839705467, 832480.821724962443113 ], [ 457938.291280588135123, 832454.363323705270886 ], [ 457932.999580336734653, 832414.675721820443869 ], [ 457927.707880085334182, 832384.248620374128222 ] ] } },
{ "type": "Feature", "properties": { "OBJECTID": 131, "Name": null, "ClassID": 0, "Surface": "DIRT", "Width": 8.0, "Shape_Leng": 531.66582100599999 }, "geometry": { "type": "LineString", "coordinates": [ [ 458196.260492840781808, 832712.332535957917571 ], [ 458210.812593531794846, 832675.290834197774529 ], [ 458206.843893343582749, 832652.801233129575849 ], [ 458205.520993280224502, 832630.311532061547041 ], [ 458208.166793406009674, 832606.499030930921435 ], [ 458202.875093154609203, 832580.040629673749208 ], [ 458190.968792589381337, 832557.551028605550528 ], [ 458175.093791835010052, 832539.030127726495266 ], [ 458152.604190766811371, 832524.478027034550905 ], [ 458130.11458969861269, 832520.509226847440004 ], [ 458098.364488190971315, 832516.540526658296585 ], [ 458071.906086934730411, 832516.540526658296585 ], [ 458054.708186117000878, 832507.280026217922568 ], [ 458021.635184546932578, 832491.405025463551283 ], [ 458005.760083792731166, 832479.498724898323417 ], [ 457984.59338278695941, 832467.592524332925677 ], [ 457966.072581907734275, 832459.655023956671357 ], [ 457902.572378891520202, 832438.488222951069474 ], [ 457888.020278200507164, 832439.811223013326526 ], [ 457861.561876943334937, 832463.623724143952131 ] ] } },
{ "type": "Feature", "properties": { "OBJECTID": 132, "Name": null, "ClassID": 0, "Surface": "GRAVEL", "Width": 8.0, "Shape_Leng": 1186.7850382199999 }, "geometry": { "type": "LineString", "coordinates": [ [ 453767.250782473944128, 841268.42834234982729 ], [ 453765.891182409599423, 841267.692742316052318 ], [ 453755.77798192948103, 841267.060642285272479 ], [ 453740.135381186380982, 841281.294142961502075 ], [ 453741.193781236186624, 841292.935843514278531 ], [ 453743.310481336899102, 841310.927544368430972 ], [ 453739.077081136405468, 841320.452544821426272 ], [ 453739.077081136405468, 841328.919245224446058 ], [ 453745.427081437781453, 841344.794245976954699 ], [ 453745.427081437781453, 841357.494246581569314 ], [ 453746.928781508468091, 841375.146347418427467 ], [ 453741.872181268408895, 841392.212548229843378 ], [ 453733.023080848157406, 841406.118248891085386 ], [ 453727.43538058269769, 841418.877749497070909 ], [ 453721.085380281321704, 841431.577750099822879 ], [ 453708.385379678569734, 841441.102750552818179 ], [ 453694.6269790250808, 841444.277750702574849 ], [ 453676.635278169997036, 841444.277750702574849 ], [ 453655.468577165156603, 841443.219450652599335 ], [ 453636.418576260097325, 841433.694450199604034 ], [ 453627.951875858008862, 841425.227749798446894 ], [ 453616.720275324769318, 841417.495749430730939 ], [ 453602.814474663697183, 841411.174949130043387 ], [ 453579.427573553286493, 841400.429548619315028 ], [ 453564.257572832517326, 841394.108748320490122 ], [ 453546.559371992014349, 841388.420048050582409 ], [ 453525.700671001337469, 841380.202947659417987 ], [ 453505.474170040339231, 841372.61804729886353 ], [ 453480.622768860310316, 841363.006446842104197 ], [ 453460.514367904514074, 841353.481446390971541 ], [ 453441.001966978423297, 841344.174445947632194 ], [ 453420.775366017594934, 841334.061145467683673 ], [ 453400.409765049815178, 841326.802545122802258 ], [ 453381.586464156396687, 841320.155344806611538 ], [ 453362.309663240797818, 841314.102544520050287 ], [ 453350.614462684839964, 841307.51374420709908 ], [ 453331.617961782962084, 841301.402543917298317 ], [ 453317.74626112356782, 841294.872143605723977 ], [ 453300.048060283064842, 841289.183443335816264 ], [ 453284.378859538584948, 841280.510942924767733 ], [ 453262.123258481733501, 841272.749342555180192 ], [ 453238.104157340712845, 841262.636042075231671 ], [ 453214.717256230302155, 841252.522741595283151 ], [ 453190.698155089281499, 841241.777441084384918 ], [ 453168.575354038737714, 841232.928240664303303 ], [ 453140.763852717354894, 841221.550840124487877 ], [ 453110.423951276578009, 841205.116739343851805 ], [ 453094.621950525790453, 841193.10723877325654 ], [ 453080.716249865479767, 841176.673137992620468 ], [ 453071.235049415379763, 841157.710737092420459 ], [ 453068.706649295054376, 841135.587936040014029 ], [ 453066.178349174559116, 841108.408434750512242 ], [ 453066.178349174559116, 841076.172333218157291 ], [ 453063.650049054995179, 841061.002432499080896 ], [ 453059.225448844954371, 841048.992931928485632 ], [ 453051.008448454551399, 841036.351331327110529 ], [ 453040.26304794382304, 841020.549330577254295 ], [ 453018.140246893279254, 840987.681129015982151 ], [ 453003.602446203120053, 840985.784928925335407 ], [ 452981.479645151644945, 840956.709227545186877 ], [ 452978.951245032250881, 840925.105226043611765 ] ] } },
{ "type": "Feature", "properties": { "OBJECTID": 133, "Name": null, "ClassID": 0, "Surface": "DIRT", "Width": 8.0, "Shape_Leng": 621.63055947400005 }, "geometry": { "type": "LineString", "coordinates": [ [ 453457.937167782336473, 840689.223414840176702 ], [ 453492.333069416694343, 840722.296416411176324 ], [ 453533.343571363948286, 840746.109017541632056 ], [ 453565.755072903819382, 840771.905918767675757 ], [ 453597.50507441163063, 840791.749719709157944 ], [ 453621.979075574316084, 840797.702819991856813 ], [ 453637.854176328517497, 840795.057019867002964 ], [ 453664.312577584758401, 840787.780919520184398 ], [ 453682.171978432685137, 840779.843419143930078 ], [ 453697.385479155927896, 840783.150719301775098 ], [ 453721.198080286383629, 840802.333020212128758 ], [ 453749.640881638042629, 840822.838321186602116 ], [ 453770.146082611754537, 840836.728921845555305 ], [ 453790.651283585466444, 840845.327922254800797 ], [ 453819.75558496825397, 840850.619622506201267 ], [ 453836.95348578505218, 840860.541522976011038 ], [ 453848.198286319151521, 840883.69262407720089 ], [ 453850.844186444766819, 840921.395825866609812 ], [ 453844.890986162237823, 840939.255226716399193 ], [ 453836.95348578505218, 840968.359428098425269 ], [ 453833.646185628138483, 840988.203229039907455 ], [ 453831.66178553365171, 841011.354330139234662 ], [ 453832.984785595908761, 841037.151231365278363 ] ] } },
{ "type": "Feature", "properties": { "OBJECTID": 135, "Name": null, "ClassID": 0, "Surface": "DIRT", "Width": 7.0, "Shape_Leng": 265.27733833899998 }, "geometry": { "type": "LineString", "coordinates": [ [ 453703.338679438456893, 840459.697003938257694 ], [ 453742.364781292155385, 840501.368905916810036 ], [ 453762.208582234568894, 840530.473107298836112 ], [ 453782.713783208280802, 840565.53050896525383 ], [ 453796.604483867995441, 840576.113809466362 ], [ 453832.984785595908761, 840580.082609655335546 ], [ 453878.625487764365971, 840588.020110033452511 ], [ 453901.115088832564652, 840588.020110033452511 ], [ 453903.099488927051425, 840597.280610471963882 ] ] } },
{ "type": "Feature", "properties": { "OBJECTID": 137, "Name": null, "ClassID": 0, "Surface": "DIRT", "Width": 5.0, "Shape_Leng": 571.61011534 }, "geometry": { "type": "LineString", "coordinates": [ [ 452873.787340036593378, 841022.847630685195327 ], [ 452871.005039905197918, 841046.961131831631064 ], [ 452868.686439794488251, 841069.683632910251617 ], [ 452866.831539706327021, 841089.159933835268021 ], [ 452862.194339485839009, 841102.144234452396631 ], [ 452848.746338847093284, 841110.491234848275781 ], [ 452836.689538274891675, 841116.519635135307908 ], [ 452822.777837614528835, 841120.229435311630368 ], [ 452804.692636755295098, 841118.838235246017575 ], [ 452792.172136160545051, 841116.055935112759471 ], [ 452772.232035213150084, 841115.128435069695115 ], [ 452755.538034420460463, 841116.055935112759471 ], [ 452735.597933473065495, 841124.866635531187057 ], [ 452722.613732856698334, 841138.314636170864105 ], [ 452705.455932041630149, 841153.153736874461174 ], [ 452687.834431204944849, 841162.428237315267324 ], [ 452667.430630235932767, 841166.601737514138222 ], [ 452650.272929420694709, 841169.847737668082118 ], [ 452630.796528495848179, 841170.775237713009119 ], [ 452609.001527460291982, 841168.456637602299452 ], [ 452590.45262657944113, 841166.137937491759658 ], [ 452565.875325411558151, 841156.863537050783634 ], [ 452537.12452404666692, 841145.734136523678899 ], [ 452521.357923297211528, 841133.213635928928852 ], [ 452500.490422306582332, 841119.765635289251804 ], [ 452486.578721645288169, 841105.390234606340528 ], [ 452460.146520390175283, 841088.232533792033792 ], [ 452435.569219222292304, 841077.103133263066411 ], [ 452418.875118429772556, 841071.074732976034284 ] ] } },
{ "type": "Feature", "properties": { "OBJECTID": 138, "Name": null, "ClassID": 0, "Surface": "DIRT", "Width": 4.0, "Shape_Leng": 108.454442485 }, "geometry": { "type": "LineString", "coordinates": [ [ 452869.613839838653803, 841060.872832491993904 ], [ 452896.973541137762368, 841060.409132469445467 ], [ 452912.276341864839196, 841052.062132073566318 ], [ 452923.869442415423691, 841047.424931854009628 ], [ 452934.998842944391072, 841049.74353196285665 ], [ 452950.765343693085015, 841046.961131831631064 ], [ 452970.705444640479982, 841059.945432448759675 ] ] } },
{ "type": "Feature", "properties": { "OBJECTID": 139, "Name": null, "ClassID": 0, "Surface": "DIRT", "Width": 4.0, "Shape_Leng": 78.052905041599999 }, "geometry": { "type": "LineString", "coordinates": [ [ 453069.478449331596494, 841143.415536412969232 ], [ 453050.465848429128528, 841144.343036456033587 ], [ 453034.699247679673135, 841145.734136523678899 ], [ 453024.497347195632756, 841149.443936698138714 ], [ 453006.875846358016133, 841152.226236831396818 ], [ 452992.500445675104856, 841150.371436743065715 ] ] } },
{ "type": "Feature", "properties": { "OBJECTID": 140, "Name": null, "ClassID": 0, "Surface": "DIRT", "Width": 5.0, "Shape_Leng": 162.835817671 }, "geometry": { "type": "LineString", "coordinates": [ [ 453745.586481445468962, 840378.272700069472194 ], [ 453741.412981246598065, 840410.269601590931416 ], [ 453729.819980695843697, 840439.947802999988198 ], [ 453715.444580013863742, 840459.424203924834728 ], [ 453711.270979815162718, 840471.944704519584775 ], [ 453712.662179881706834, 840492.348505489528179 ], [ 453714.517079969868064, 840533.156107427552342 ] ] } },
{ "type": "Feature", "properties": { "OBJECTID": 141, "Name": null, "ClassID": 0, "Surface": "GRAVEL", "Width": 12.0, "Shape_Leng": 288.80721470999998 }, "geometry": { "type": "LineString", "coordinates": [ [ 453985.500592840835452, 839578.015962060540915 ], [ 453952.342691265977919, 839566.535561515018344 ], [ 453915.830089530907571, 839561.773061288520694 ], [ 453892.81128843780607, 839565.74186147749424 ], [ 453861.854986967518926, 839579.235562117770314 ], [ 453837.248685798607767, 839603.841863287612796 ], [ 453822.961185120046139, 839630.829464567825198 ], [ 453816.611184818670154, 839663.373266113922 ], [ 453820.57988500688225, 839690.360867395997047 ], [ 453831.692485534586012, 839719.729668790474534 ], [ 453832.558885576203465, 839722.178168907761574 ] ] } },
{ "type": "Feature", "properties": { "OBJECTID": 142, "Name": null, "ClassID": 0, "Surface": "DIRT", "Width": 6.0, "Shape_Leng": 540.74443946199995 }, "geometry": { "type": "LineString", "coordinates": [ [ 454097.08849814068526, 839336.287150578573346 ], [ 454097.08849814068526, 839365.501751966774464 ], [ 454089.205197766423225, 839395.64375339820981 ], [ 454086.422897634096444, 839417.438754433766007 ], [ 454096.624798118136823, 839434.596455248072743 ], [ 454115.637399021536112, 839462.88355659134686 ], [ 454126.766799550503492, 839476.7952572517097 ], [ 454138.359900101087987, 839486.06975769251585 ], [ 454144.388300387188792, 839496.735358199104667 ], [ 454143.924500364810228, 839512.965658970177174 ], [ 454149.025500607676804, 839537.079260116443038 ], [ 454151.807800740003586, 839563.047761349007487 ], [ 454155.517600915394723, 839587.625062515959144 ], [ 454155.517600915394723, 839603.855363287031651 ], [ 454158.763701070100069, 839617.303263926878572 ], [ 454151.344100717455149, 839627.968964433297515 ], [ 454149.025500607676804, 839649.763965468853712 ], [ 454142.069700277410448, 839672.486366547644138 ], [ 454130.940299748443067, 839691.035267427563667 ], [ 454111.0001988010481, 839711.902768420055509 ], [ 454085.959197611548007, 839721.177268860861659 ], [ 454061.845596466213465, 839732.770369410514832 ], [ 454040.514295453205705, 839739.726169740781188 ], [ 454022.42909459490329, 839736.943869609385729 ], [ 454011.299794065766037, 839735.088969521224499 ], [ 453989.504793030209839, 839742.044769851490855 ] ] } },
{ "type": "Feature", "properties": { "OBJECTID": 143, "Name": null, "ClassID": 0, "Surface": "DIRT", "Width": 7.0, "Shape_Leng": 257.30237734399998 }, "geometry": { "type": "LineString", "coordinates": [ [ 454089.205197766423225, 839395.64375339820981 ], [ 454077.148397193290293, 839420.221054565161467 ], [ 454078.075897237285972, 839471.694257009774446 ], [ 454074.366097060963511, 839485.605957670137286 ], [ 454065.555396642535925, 839500.445158375427127 ], [ 454044.224095629528165, 839521.312659366056323 ], [ 454025.211494727060199, 839543.571360424160957 ], [ 454007.589993889443576, 839569.076161636039615 ], [ 454001.561593603342772, 839587.161362495273352 ], [ 454004.343893735669553, 839609.420063551515341 ], [ 454008.517393933609128, 839623.331664212048054 ], [ 454008.981193955987692, 839623.795464234426618 ] ] } },
{ "type": "Feature", "properties": { "OBJECTID": 145, "Name": null, "ClassID": 0, "Surface": "DIRT", "Width": 7.0, "Shape_Leng": 307.10760572300001 }, "geometry": { "type": "LineString", "coordinates": [ [ 454287.67870719358325, 838815.990025866776705 ], [ 454276.085606642067432, 838809.961625579744577 ], [ 454256.609205717220902, 838803.005825249478221 ], [ 454251.972005496732891, 838789.557824609801173 ], [ 454252.899405540898442, 838776.573623994365335 ], [ 454257.536705761216581, 838767.299123553559184 ], [ 454267.274806223809719, 838759.415823178365827 ], [ 454294.634507523849607, 838757.097223069518805 ], [ 454309.009908206760883, 838755.706023002043366 ], [ 454331.73230928555131, 838740.866922298446298 ], [ 454342.86170981451869, 838730.665021812543273 ], [ 454347.035210012458265, 838712.579820953309536 ], [ 454353.06361029855907, 838698.668120292946696 ], [ 454357.700810519047081, 838678.264319324865937 ], [ 454361.410610695369542, 838658.787918400019407 ], [ 454363.265510783530772, 838640.239017518237233 ], [ 454359.092010584659874, 838622.153816659003496 ], [ 454344.252909880131483, 838599.895115602761507 ], [ 454344.71660990267992, 838599.43141558021307 ] ] } },
{ "type": "Feature", "properties": { "OBJECTID": 146, "Name": null, "ClassID": 0, "Surface": "DIRT", "Width": 4.0, "Shape_Leng": 571.75056294900003 }, "geometry": { "type": "LineString", "coordinates": [ [ 454362.338010739535093, 838649.513517959043384 ], [ 454433.751414131373167, 838665.743818730115891 ], [ 454494.03541699424386, 838682.437819521874189 ], [ 454552.464419770054519, 838705.62402062304318 ], [ 454583.997621267102659, 838713.507320998236537 ], [ 454616.458222809247673, 838728.810121724382043 ], [ 454637.325723800808191, 838743.649222429841757 ], [ 454673.032425496727228, 838749.677622716873884 ], [ 454704.101826972328126, 838752.46002284809947 ], [ 454731.925228293985128, 838756.16982302442193 ], [ 454746.764428998343647, 838765.907923487946391 ], [ 454775.978930385783315, 838779.819624148309231 ], [ 454801.483731597661972, 838790.485324654728174 ], [ 454840.900133470073342, 838807.179325446486473 ], [ 454869.650934834964573, 838824.800826285034418 ], [ 454894.692036024294794, 838838.248726923018694 ], [ 454894.692036024294794, 838839.176226967945695 ] ] } },
{ "type": "Feature", "properties": { "OBJECTID": 147, "Name": null, "ClassID": 0, "Surface": "DIRT", "Width": 7.0, "Shape_Leng": 384.543398362 }, "geometry": { "type": "LineString", "coordinates": [ [ 454222.922804117202759, 838195.14329637773335 ], [ 454274.248906555585563, 838227.559797916561365 ], [ 454321.252808787859976, 838232.962598172947764 ], [ 454359.612310609780252, 838257.815199354663491 ], [ 454377.441411457024515, 838292.392800996080041 ], [ 454385.545511841773987, 838331.83280286937952 ], [ 454387.166311918757856, 838369.111804639920592 ], [ 454383.384411739185452, 838398.286606026813388 ], [ 454370.417811122722924, 838432.864207668229938 ], [ 454353.669310327619314, 838455.555708745494485 ], [ 454337.461009557358921, 838466.901509284973145 ] ] } },
{ "type": "Feature", "properties": { "OBJECTID": 148, "Name": "Compact Road", "ClassID": 0, "Surface": "PAVED", "Width": 12.0, "Shape_Leng": 3650.2854696300001 }, "geometry": { "type": "LineString", "coordinates": [ [ 454661.670824957080185, 836139.046398717910051 ], [ 454669.730025339871645, 836092.934496527537704 ], [ 454672.431325468234718, 836054.574994705617428 ], [ 454672.431325468234718, 836026.480693371966481 ], [ 454668.109125263057649, 835986.500391472131014 ], [ 454660.005024877376854, 835957.865790111944079 ], [ 454643.256524082273245, 835921.667388392612338 ], [ 454619.484422952868044, 835885.468986673280597 ], [ 454580.044421079568565, 835844.408084724098444 ], [ 454550.869519693776965, 835811.99168318323791 ], [ 454523.855818411335349, 835782.276581771671772 ], [ 454514.130817948840559, 835772.011281285434961 ], [ 454480.093516332097352, 835734.192079488188028 ], [ 454457.402015254832804, 835709.879778333008289 ], [ 454441.734014510177076, 835685.567377177998424 ], [ 454428.227213868871331, 835659.093875922262669 ], [ 454418.502213407307863, 835632.080174637958407 ], [ 454410.938413047231734, 835599.123373072594404 ], [ 454404.455112739466131, 835551.038970788940787 ], [ 454395.270412303507328, 835500.253168376162648 ], [ 454387.706611944362521, 835450.00756599009037 ], [ 454381.223311636596918, 835416.510564399883151 ], [ 454352.048410250805318, 835348.97626119107008 ], [ 454334.219409403391182, 835326.284660113975406 ], [ 454312.608408377505839, 835295.489058651030064 ], [ 454279.111406786367297, 835256.5892568025738 ], [ 454256.960105733945966, 835230.115855546668172 ], [ 454233.728304631076753, 835199.860454108566046 ], [ 454212.117303604260087, 835173.386952850967646 ], [ 454182.942502218298614, 835136.108051080256701 ], [ 454158.630101063288748, 835099.369349336251616 ], [ 454138.640000114217401, 835066.412547770887613 ], [ 454130.535799729637802, 835047.502946872264147 ], [ 454119.190099189989269, 835020.489245589822531 ], [ 454111.08589880540967, 834997.797644510865211 ], [ 454094.877698035910726, 834949.713242227211595 ], [ 454080.290297342464328, 834908.652340278029442 ], [ 454067.863996752537787, 834869.752538429573178 ], [ 454058.138996290974319, 834835.715236812829971 ], [ 454047.333495777100325, 834803.298835273832083 ], [ 454037.068295289762318, 834774.664233913645148 ], [ 454030.584994981996715, 834758.456033144146204 ], [ 454021.400394545868039, 834743.868532450869679 ], [ 454006.272693826816976, 834720.636731347069144 ], [ 453987.362992929294705, 834694.703630115836859 ], [ 453964.671491851098835, 834670.931528985500336 ], [ 453936.577190516516566, 834653.102428140118718 ], [ 453900.91908882278949, 834632.031727138906717 ], [ 453854.455486616119742, 834615.283226342871785 ], [ 453811.773784589022398, 834609.880426086485386 ], [ 453772.873982741497457, 834609.34022606164217 ], [ 453729.651980687864125, 834617.44432644546032 ], [ 453690.752278841100633, 834630.410927060991526 ], [ 453645.369176684878767, 834649.320527959614992 ], [ 453599.986074529588223, 834667.149528807029128 ], [ 453547.039172014221549, 834689.841129884123802 ], [ 453500.035269781947136, 834708.210430756211281 ], [ 453458.974367831833661, 834725.499231578782201 ], [ 453421.15516603551805, 834737.925532167777419 ], [ 453405.487165290862322, 834745.489432526752353 ], [ 453379.298564047552645, 834755.648733010515571 ], [ 453351.810362741351128, 834766.463733524084091 ], [ 453325.67406150046736, 834778.180034080520272 ], [ 453295.932860087603331, 834789.896234637126327 ], [ 453259.882758375257254, 834801.612535193562508 ], [ 453228.338956877589226, 834810.625035621225834 ], [ 453181.023254630155861, 834820.98943611420691 ], [ 453144.973252917639911, 834824.143836263567209 ], [ 453108.0219511622563, 834825.946336349472404 ], [ 453073.774449535645545, 834825.946336349472404 ], [ 453034.569947673939168, 834823.693136241286993 ], [ 452987.254245426505804, 834818.736336005851626 ], [ 452933.629842879250646, 834812.878135727718472 ], [ 452896.227941102348268, 834808.82253553532064 ], [ 452865.212539630010724, 834804.919635349884629 ], [ 452829.985937956720591, 834800.711235150694847 ], [ 452785.374035837128758, 834796.205034935846925 ], [ 452744.817733910866082, 834790.797534679993987 ], [ 452668.211330272257328, 834782.686234293505549 ], [ 452631.26002851780504, 834777.729334058240056 ], [ 452606.926327361725271, 834774.575033908709884 ], [ 452581.691226162947714, 834768.71683363057673 ], [ 452553.752424836158752, 834757.901833117008209 ], [ 452530.319923723116517, 834746.636232582852244 ], [ 452504.634322502650321, 834731.765531875193119 ], [ 452487.961121710948646, 834716.444331148639321 ], [ 452471.738620940595865, 834702.474930483847857 ], [ 452452.361720019951463, 834682.647329542785883 ], [ 452428.027918864041567, 834652.906028129160404 ], [ 452387.47161693777889, 834600.182925626635551 ], [ 452361.786015718244016, 834569.990924192592502 ], [ 452329.340914176777005, 834535.292822543531656 ], [ 452300.050312785431743, 834510.95902138762176 ], [ 452273.012711501680315, 834491.131520446389914 ], [ 452233.808309639804065, 834468.600219376385212 ], [ 452194.1532077556476, 834448.77271843329072 ], [ 452172.072606706991792, 834439.309517985209823 ] ] } },
{ "type": "Feature", "properties": { "OBJECTID": 149, "Name": null, "ClassID": 0, "Surface": "DIRT", "Width": 7.0, "Shape_Leng": 286.01372556000001 }, "geometry": { "type": "LineString", "coordinates": [ [ 454397.971812431700528, 835512.139168940484524 ], [ 454376.360811404883862, 835486.746267735958099 ], [ 454367.176110968925059, 835457.571466349065304 ], [ 454365.015010866336524, 835427.316064912825823 ], [ 454353.129010302014649, 835401.923163706436753 ], [ 454338.541609608568251, 835376.530262500047684 ], [ 454314.229208454489708, 835362.483061833307147 ], [ 454284.51410704292357, 835345.734561037272215 ], [ 454274.789206581190228, 835333.308260448276997 ], [ 454272.628106478601694, 835312.777859471738338 ], [ 454271.007206400856376, 835290.086258394643664 ], [ 454269.386406323872507, 835277.119657779112458 ] ] } },
{ "type": "Feature", "properties": { "OBJECTID": 150, "Name": null, "ClassID": 0, "Surface": "GRAVEL", "Width": 8.0, "Shape_Leng": 640.47679461099995 }, "geometry": { "type": "LineString", "coordinates": [ [ 454034.366895161569118, 834768.180933605879545 ], [ 454008.43379392940551, 834787.090534502640367 ], [ 453992.225493160076439, 834795.734934914857149 ], [ 453980.879792621359229, 834795.734934914857149 ], [ 453972.235392210073769, 834806.000135401263833 ], [ 453955.486791415140033, 834820.04733606800437 ], [ 453938.198090593330562, 834833.554136710241437 ], [ 453924.150889926590025, 834842.738837147131562 ], [ 453905.241289027966559, 834848.141637403517962 ], [ 453874.44558756519109, 834851.923537582159042 ], [ 453850.673586436547339, 834849.762437479570508 ], [ 453820.958385025151074, 834843.279137171804905 ], [ 453808.532084435224533, 834850.302737506106496 ], [ 453785.840583357028663, 834855.165137736126781 ], [ 453763.149082279764116, 834850.302737506106496 ], [ 453749.642181637696922, 834836.795836864039302 ], [ 453733.433980868197978, 834816.805635914206505 ], [ 453717.225680097937584, 834795.194634888321161 ], [ 453696.695279123261571, 834776.285033989697695 ], [ 453682.648078455589712, 834761.157333271577954 ], [ 453677.785678224638104, 834750.892132783308625 ], [ 453683.728678506799042, 834740.086632270365953 ], [ 453689.131378763355315, 834725.499231578782201 ], [ 453686.97027866076678, 834707.129930704832077 ], [ 453671.84257794264704, 834692.542530013248324 ], [ 453638.885876377113163, 834673.632829114794731 ], [ 453599.445774503983557, 834641.216427573934197 ], [ 453569.19047306664288, 834619.065126523375511 ], [ 453557.304372502490878, 834613.122126240283251 ] ] } },
{ "type": "Feature", "properties": { "OBJECTID": 151, "Name": null, "ClassID": 0, "Surface": "DIRT", "Width": 9.0, "Shape_Leng": 1098.6913799900001 }, "geometry": { "type": "LineString", "coordinates": [ [ 453534.612871424295008, 834694.703630115836859 ], [ 453537.854471578262746, 834664.988428704440594 ], [ 453538.935071629472077, 834648.780227934941649 ], [ 453548.659972091205418, 834630.410927060991526 ], [ 453557.304372502490878, 834613.122126240283251 ], [ 453556.764072476886213, 834598.534725546836853 ], [ 453541.63637175783515, 834585.027824906632304 ], [ 453517.864370629191399, 834561.255723776295781 ], [ 453497.333869653753936, 834543.426622930914164 ], [ 453476.803468679077923, 834520.194821827113628 ], [ 453460.054967883042991, 834505.067121107131243 ], [ 453447.088367267511785, 834493.181120542809367 ], [ 453436.823166779242456, 834483.996420107781887 ], [ 453429.259266420267522, 834467.247919311746955 ], [ 453416.292665804736316, 834444.556418234482408 ], [ 453402.245565136894584, 834424.025917258113623 ], [ 453392.520564675331116, 834402.955216258764267 ], [ 453368.748563546687365, 834391.069215692579746 ], [ 453332.550061826594174, 834393.230315795168281 ], [ 453310.939160800538957, 834408.358016515150666 ], [ 453287.707359696738422, 834422.405117182061076 ], [ 453269.337958824820817, 834441.855018105357885 ], [ 453252.049158003181219, 834467.788219338282943 ], [ 453235.840957233682275, 834478.053419824689627 ], [ 453178.571854513138533, 834493.181120542809367 ], [ 453136.970652537420392, 834501.825520953163505 ], [ 453098.070850689895451, 834506.688021184876561 ], [ 453047.8253483036533, 834514.792121570557356 ], [ 453020.811647020280361, 834528.839222237467766 ], [ 452994.338145762681961, 834552.611323365941644 ], [ 452975.968844890594482, 834579.084824623540044 ], [ 452958.680044068954885, 834607.719325983896852 ], [ 452944.09264337643981, 834640.135827522724867 ], [ 452925.723242503590882, 834673.09262908808887 ], [ 452914.91774199064821, 834709.831230834126472 ], [ 452889.52484078425914, 834735.224232040345669 ], [ 452876.018040142953396, 834759.536533195525408 ], [ 452867.373639732599258, 834784.929434400051832 ], [ 452865.212539630010724, 834804.919635349884629 ] ] } },
{ "type": "Feature", "properties": { "OBJECTID": 152, "Name": null, "ClassID": 0, "Surface": "GRAVEL", "Width": 7.0, "Shape_Leng": 1245.52479694 }, "geometry": { "type": "LineString", "coordinates": [ [ 452185.140707327984273, 834445.167718263342977 ], [ 452164.86260636523366, 834473.557119611650705 ], [ 452147.738805551081896, 834507.804621238261461 ], [ 452148.189405572600663, 834522.675321944057941 ], [ 452154.498205872252584, 834538.447222692891955 ], [ 452161.257606193423271, 834563.231623871251941 ], [ 452170.720706642605364, 834592.071625240147114 ], [ 452191.900107649154961, 834620.461026588454843 ], [ 452214.88200874067843, 834647.047927850857377 ], [ 452226.147709275595844, 834664.171728665009141 ], [ 452230.653909489512444, 834685.801729692146182 ], [ 452238.765209875069559, 834708.783630784600973 ], [ 452253.635810581035912, 834726.358031619340181 ], [ 452267.605211244896054, 834745.734932539984584 ], [ 452272.562111480161548, 834744.383032474666834 ], [ 452303.204612935893238, 834793.050634786486626 ], [ 452319.877813727594912, 834817.835035962983966 ], [ 452334.297814412973821, 834832.255036648362875 ], [ 452346.915315011516213, 834840.816937055438757 ], [ 452362.236615739762783, 834848.928237440064549 ], [ 452379.360416552983224, 834861.545738039538264 ], [ 452395.132217301987112, 834880.021338917315006 ], [ 452415.861018287017941, 834901.200739923864603 ], [ 452439.293619399890304, 834925.083941057324409 ], [ 452464.078020576387644, 834942.658341892063618 ], [ 452492.016721903346479, 834963.837742898613214 ], [ 452502.381122396327555, 834976.00464347563684 ], [ 452510.943022802472115, 834994.480244353413582 ], [ 452520.406223252415657, 835015.659645359963179 ], [ 452532.122423809021711, 835030.980946088209748 ], [ 452551.048724707216024, 835039.542846493422985 ], [ 452569.97502560634166, 835037.740346409380436 ], [ 452597.463126911781728, 835027.826545936986804 ], [ 452617.290727853775024, 835024.672145787626505 ], [ 452640.272628945298493, 835026.474645873531699 ], [ 452663.705130058340728, 835016.11034538038075 ], [ 452694.798231535591185, 834998.535944545641541 ], [ 452716.428332562558353, 834990.424644161015749 ], [ 452744.817733910866082, 834993.128444289788604 ], [ 452767.79963500238955, 834997.184044482186437 ], [ 452795.287836308591068, 834999.437144588679075 ], [ 452825.029037721455097, 834988.622144075110555 ], [ 452839.44913840573281, 834972.399643305689096 ], [ 452848.010938812978566, 834950.318942256271839 ], [ 452850.264138919301331, 834917.423340693116188 ], [ 452844.856638662517071, 834892.188239496201277 ], [ 452847.560338791459799, 834873.262038595974445 ], [ 452852.517239026725292, 834848.928237440064549 ], [ 452865.212539630010724, 834804.919635349884629 ] ] } },
{ "type": "Feature", "properties": { "OBJECTID": 153, "Name": null, "ClassID": 0, "Surface": "DIRT", "Width": 10.0, "Shape_Leng": 356.07981882399997 }, "geometry": { "type": "LineString", "coordinates": [ [ 452177.029506942257285, 834441.562718091532588 ], [ 452181.085107135586441, 834426.241417363286018 ], [ 452180.183907092548907, 834414.074516786262393 ], [ 452182.887607220560312, 834391.993815736845136 ], [ 452194.1532077556476, 834368.110714603215456 ], [ 452206.770808354951441, 834352.338813854381442 ], [ 452214.431408719159663, 834337.918813169002533 ], [ 452217.135108847171068, 834323.949412506073713 ], [ 452219.388308954425156, 834301.418111436069012 ], [ 452221.641409061849117, 834281.59061049297452 ], [ 452232.907009596936405, 834259.059309422969818 ], [ 452241.468910003080964, 834240.583708545193076 ], [ 452240.567709960974753, 834228.867407988756895 ], [ 452247.777710302732885, 834213.996707282960415 ], [ 452255.888910688459873, 834200.478006640449166 ], [ 452258.592710816301405, 834191.014806190505624 ], [ 452256.790210731327534, 834183.354205828160048 ], [ 452271.660811437293887, 834151.810404328629375 ], [ 452282.926511972211301, 834127.026003152132034 ], [ 452293.741512485779822, 834114.408502552658319 ] ] } },
{ "type": "Feature", "properties": { "OBJECTID": 154, "Name": null, "ClassID": 0, "Surface": "GRAVEL", "Width": 7.0, "Shape_Leng": 1051.0522779800001 }, "geometry": { "type": "LineString", "coordinates": [ [ 452117.99750413838774, 834422.636417193338275 ], [ 452127.460704588331282, 834400.105116123333573 ], [ 452131.516304780729115, 834382.080115266144276 ], [ 452131.065704759210348, 834362.703214345499873 ], [ 452122.503804353065789, 834336.566913105547428 ], [ 452115.744404031895101, 834319.89381231367588 ], [ 452094.565003026276827, 834301.868711456656456 ], [ 452070.681801891885698, 834285.646210685372353 ], [ 452045.446800692938268, 834274.831210171803832 ], [ 452022.915499622933567, 834261.763109551742673 ], [ 452013.001799152232707, 834246.892408845946193 ], [ 452017.958599387668073, 834231.571108117699623 ], [ 452034.181200157850981, 834217.151107432320714 ], [ 452053.558101078495383, 834205.43490687571466 ], [ 452069.780601848848164, 834191.46550621278584 ], [ 452082.398102448321879, 834170.736705228686333 ], [ 452093.213102961890399, 834140.995403815060854 ], [ 452098.170003197155893, 834114.408502552658319 ], [ 452107.633103646337986, 834073.852200627326965 ], [ 452105.830603561364114, 834047.715899385511875 ], [ 452092.311902918852866, 834026.536498378962278 ], [ 452063.471801549196243, 834004.906497351825237 ], [ 452037.786200328730047, 833990.035796646028757 ], [ 452013.001799152232707, 833974.263895895332098 ], [ 451987.76669795345515, 833954.886994976550341 ], [ 451976.95169743988663, 833946.77579458989203 ], [ 451955.321696411818266, 833943.621394440531731 ], [ 451930.98789525590837, 833939.565794248133898 ], [ 451906.654094100929797, 833929.201393755152822 ], [ 451880.517792859114707, 833917.93569322116673 ], [ 451853.930891596712172, 833903.065092515200377 ], [ 451836.356490761972964, 833898.558792300522327 ], [ 451813.825289691798389, 833901.262592429295182 ], [ 451793.997688749805093, 833895.855092171579599 ], [ 451769.21328757237643, 833886.842591743916273 ], [ 451720.996385281905532, 833867.91629084572196 ], [ 451695.310684062540531, 833858.002490373328328 ], [ 451669.174482820555568, 833842.68128964677453 ], [ 451652.501282028853893, 833821.501888640224934 ], [ 451631.772481044754386, 833795.365587398409843 ], [ 451616.90188033785671, 833772.383686307817698 ] ] } },
{ "type": "Feature", "properties": { "OBJECTID": 155, "Name": "Compact Road", "ClassID": 0, "Surface": "PAVED", "Width": 11.0, "Shape_Leng": 3278.77723195 }, "geometry": { "type": "LineString", "coordinates": [ [ 452172.072606706991792, 834439.309517985209823 ], [ 452117.99750413838774, 834422.636417193338275 ], [ 452057.163101249374449, 834404.160716315731406 ], [ 452003.538598702289164, 834388.839515587314963 ], [ 451939.549795662984252, 834369.91321468912065 ], [ 451864.745992110110819, 834344.678213490173221 ], [ 451825.090890226885676, 834320.795012354850769 ], [ 451788.139588471502066, 834296.010611178353429 ], [ 451764.70708735845983, 834275.281810194253922 ], [ 451726.854485560208559, 834235.176108289510012 ], [ 451696.662584126926959, 834193.268006298691034 ], [ 451676.835083184763789, 834157.668604606762528 ], [ 451663.316282542422414, 834123.421002980321646 ], [ 451656.106282199732959, 834097.735401760786772 ], [ 451651.60008198581636, 834077.457200797274709 ], [ 451644.840681664645672, 834027.437798421829939 ], [ 451640.334381450898945, 833980.572696195915341 ], [ 451634.025681151077151, 833921.090093370527029 ], [ 451627.716880851425231, 833856.65069030970335 ], [ 451622.759980616159737, 833818.798088511452079 ], [ 451616.90188033785671, 833772.383686307817698 ], [ 451608.790579953230917, 833729.123584251850843 ], [ 451602.03117963206023, 833696.227982690557837 ], [ 451582.654278711415827, 833618.269678987562656 ], [ 451568.234278026036918, 833572.75657682493329 ], [ 451553.814277341589332, 833528.595274727791548 ], [ 451542.999276828020811, 833497.05147323012352 ], [ 451528.128676121123135, 833455.143271239474416 ], [ 451514.609875479713082, 833412.333869205787778 ], [ 451500.189874794334173, 833373.129367344081402 ], [ 451486.671074151992798, 833319.955564817413688 ], [ 451470.448573381640017, 833271.288062507286668 ], [ 451457.380372760817409, 833238.842960964888334 ], [ 451440.707271968945861, 833200.990459168329835 ], [ 451424.935371220111847, 833173.05165784060955 ], [ 451411.416570577770472, 833145.563456535339355 ], [ 451395.644669828936458, 833118.976555272936821 ], [ 451369.508468587882817, 833075.265853196382523 ], [ 451348.779667602851987, 833041.468951590359211 ], [ 451329.853366703726351, 833007.672049986198545 ], [ 451280.284564349800348, 832923.855646004900336 ], [ 451258.203863300383091, 832882.398144034668803 ], [ 451241.98136253003031, 832854.459342708811164 ], [ 451231.616962037980556, 832842.292442129924893 ], [ 451209.536360989324749, 832802.6374402474612 ], [ 451198.270660454407334, 832783.260539326816797 ], [ 451177.541959469206631, 832747.21043761447072 ], [ 451156.813158485107124, 832713.413536008447409 ], [ 451138.337457607500255, 832682.771034553647041 ], [ 451117.158056601881981, 832646.720932841300964 ], [ 451094.176155510358512, 832609.319031065329909 ], [ 451071.194254417903721, 832571.466529266908765 ], [ 451039.199852898716927, 832516.490126656368375 ], [ 451015.767351785674691, 832479.538824900984764 ], [ 450999.54485101532191, 832450.698823530226946 ], [ 450963.9453493244946, 832390.3150206618011 ], [ 450946.370948489755392, 832360.573719250038266 ], [ 450919.333447204902768, 832311.906116938218474 ], [ 450894.098446006886661, 832271.34981501288712 ], [ 450877.87594523653388, 832241.608513599261642 ], [ 450852.640844037756324, 832201.953511716797948 ], [ 450831.461443031206727, 832164.551609938964248 ], [ 450814.850542242638767, 832136.962508630007505 ], [ 450798.441541463136673, 832111.836207436397672 ], [ 450781.00704063475132, 832084.658806145191193 ], [ 450762.546939758583903, 832059.532504951581359 ], [ 450733.831138394773006, 832024.150703269988298 ], [ 450708.192137177102268, 831994.922201883047819 ], [ 450678.963635788299143, 831965.693600494414568 ], [ 450655.37573466822505, 831943.644099447876215 ], [ 450617.429932865314186, 831909.800497839227319 ], [ 450592.816431696526706, 831888.263696815818548 ], [ 450578.209931002929807, 831877.503096304833889 ], [ 450563.587930308654904, 831858.522395404055715 ], [ 450543.589429358020425, 831835.960094332695007 ], [ 450525.129328481853008, 831819.551093552261591 ], [ 450501.028627336956561, 831801.603692701086402 ] ] } },
{ "type": "Feature", "properties": { "OBJECTID": 156, "Name": null, "ClassID": 0, "Surface": "DIRT", "Width": 8.0, "Shape_Leng": 623.73581704799994 }, "geometry": { "type": "LineString", "coordinates": [ [ 451623.210580637678504, 833826.909388897940516 ], [ 451584.006178775802255, 833814.291888298466802 ], [ 451565.98117791954428, 833805.72998789139092 ], [ 451555.616777427494526, 833789.056787099689245 ], [ 451550.65987719129771, 833770.130586201325059 ], [ 451553.814277341589332, 833749.852385237812996 ], [ 451557.419277512468398, 833728.672984231263399 ], [ 451555.166177405975759, 833702.536682989448309 ], [ 451547.956177063286304, 833676.400381747633219 ], [ 451539.394276656210423, 833641.251680079847574 ], [ 451532.634876335971057, 833618.720379007980227 ], [ 451526.77677605766803, 833596.639677960425615 ], [ 451524.974275971762836, 833574.559076910838485 ], [ 451516.862975586205721, 833506.063973657786846 ], [ 451504.245474986732006, 833472.717672074213624 ], [ 451490.726674345321953, 833445.229470768943429 ], [ 451477.658573724329472, 833425.401969825848937 ], [ 451465.491673146374524, 833400.617568649351597 ], [ 451455.577872675843537, 833377.185067536309361 ], [ 451451.972872504033148, 833340.233765780925751 ], [ 451454.676672632806003, 833292.918063534423709 ], [ 451470.448573381640017, 833271.288062507286668 ] ] } },
{ "type": "Feature", "properties": { "OBJECTID": 157, "Name": null, "ClassID": 0, "Surface": "GRAVEL", "Width": 7.0, "Shape_Leng": 525.77947452700005 }, "geometry": { "type": "LineString", "coordinates": [ [ 451481.714173916727304, 833306.436864176765084 ], [ 451490.276074323803186, 833287.510563276708126 ], [ 451481.714173916727304, 833262.27546207793057 ], [ 451476.306673659943044, 833232.984860686585307 ], [ 451472.701673489063978, 833223.972360258921981 ], [ 451468.646073296666145, 833214.509159808978438 ], [ 451463.689173060469329, 833169.446657668799162 ], [ 451457.831072782166302, 833125.285355571657419 ], [ 451452.423572525382042, 833091.488453967496753 ], [ 451447.016072268597782, 833063.549652639776468 ], [ 451434.39847166929394, 833031.555251119658351 ], [ 451426.287271284498274, 833013.079550242051482 ], [ 451409.6140704927966, 832988.295149065554142 ], [ 451392.490369679406285, 832963.961347909644246 ], [ 451368.607168545015156, 832938.275746690109372 ], [ 451344.723967410624027, 832918.448145747184753 ], [ 451314.081465954892337, 832895.466244656592607 ], [ 451289.297064777463675, 832890.058744398877025 ], [ 451258.203863300383091, 832882.398144034668803 ] ] } },
{ "type": "Feature", "properties": { "OBJECTID": 158, "Name": null, "ClassID": 0, "Surface": "GRAVEL", "Width": 7.0, "Shape_Leng": 1335.0261710100001 }, "geometry": { "type": "LineString", "coordinates": [ [ 451250.993862958624959, 832869.780643435195088 ], [ 451227.561361845582724, 832866.626243285834789 ], [ 451205.931360818445683, 832856.261842794716358 ], [ 451168.980059063062072, 832835.082441788166761 ], [ 451138.337457607500255, 832818.409340996295214 ], [ 451092.824355445802212, 832791.822439733892679 ], [ 451090.120555317029357, 832794.075539840385318 ], [ 451058.576753819361329, 832778.754239112138748 ], [ 451038.298652855679393, 832766.136738512665033 ], [ 451015.767351785674691, 832749.463637720793486 ], [ 450990.081650565378368, 832726.932336650788784 ], [ 450969.803549602627754, 832708.456635773181915 ], [ 450951.778548746369779, 832689.530434874817729 ], [ 450935.105347954668105, 832667.900333847850561 ], [ 450908.518446691334248, 832637.708432413637638 ], [ 450893.647845985367894, 832614.275931300595403 ], [ 450881.480945407412946, 832592.195230251178145 ], [ 450877.425245215184987, 832575.972729481756687 ], [ 450869.764644850976765, 832534.064527491107583 ], [ 450865.709044658578932, 832501.168925927951932 ], [ 450863.005244529806077, 832484.495725136250257 ], [ 450859.400244358927011, 832479.538824900984764 ], [ 450849.937143908813596, 832463.76692415215075 ], [ 450844.980243673548102, 832453.402623658999801 ], [ 450842.27644354570657, 832441.68632310256362 ], [ 450844.980243673548102, 832432.223222652450204 ], [ 450845.881443716585636, 832420.506922096014023 ], [ 450844.980243673548102, 832400.679421154782176 ], [ 450840.92464348115027, 832384.456820383667946 ], [ 450833.714643138460815, 832364.629319442436099 ], [ 450813.436442175880075, 832325.42491758055985 ], [ 450800.368341554887593, 832318.214917238801718 ], [ 450775.133240356110036, 832314.609917066991329 ], [ 450752.151339264586568, 832311.906116938218474 ], [ 450732.323838322423398, 832306.048016659915447 ], [ 450714.74943748768419, 832293.430516060441732 ], [ 450698.977536738850176, 832276.757315268740058 ], [ 450692.668836439028382, 832258.281714390963316 ], [ 450687.261236182413995, 832242.059213621541858 ], [ 450682.755035968497396, 832201.502911694347858 ], [ 450676.896935690194368, 832200.151011630892754 ], [ 450673.291935519315302, 832171.761610282585025 ], [ 450671.940035454928875, 832145.625309040769935 ], [ 450671.489435433410108, 832121.291507884860039 ], [ 450667.884335261769593, 832110.927107391878963 ], [ 450651.661834491416812, 832094.254006600007415 ], [ 450632.284933571703732, 832080.284605937078595 ], [ 450614.259932715445757, 832070.370805466547608 ], [ 450590.376731581054628, 832069.920205444097519 ], [ 450578.209931002929807, 832073.525205615907907 ], [ 450560.635530168190598, 832069.018905401229858 ], [ 450543.962329376488924, 832058.654604909941554 ], [ 450522.33232834842056, 832042.88270416110754 ], [ 450505.208527535200119, 832029.814503539353609 ], [ 450484.029126529581845, 832020.802003111690283 ], [ 450457.892825287766755, 832011.789502684026957 ], [ 450441.219724495895207, 832000.523902148008347 ], [ 450438.966624389402568, 831986.554501485079527 ] ] } },
{ "type": "Feature", "properties": { "OBJECTID": 159, "Name": null, "ClassID": 0, "Surface": "DIRT", "Width": 6.0, "Shape_Leng": 170.337040806 }, "geometry": { "type": "LineString", "coordinates": [ [ 450801.269541597925127, 832319.116117281839252 ], [ 450813.436442175880075, 832302.443016488105059 ], [ 450826.504542795941234, 832285.769815696403384 ], [ 450833.263943117111921, 832270.899214990437031 ], [ 450830.109642967581749, 832247.917313899844885 ], [ 450825.152742732316256, 832222.231612678617239 ], [ 450820.19584249611944, 832192.490411266684532 ], [ 450819.745242475531995, 832176.718510517850518 ], [ 450831.461443031206727, 832164.551609938964248 ] ] } },
{ "type": "Feature", "properties": { "OBJECTID": 160, "Name": null, "ClassID": 0, "Surface": "DIRT", "Width": 4.0, "Shape_Leng": 397.444751166 }, "geometry": { "type": "LineString", "coordinates": [ [ 450788.652040998451412, 832316.863017173483968 ], [ 450769.725740099325776, 832322.721117451786995 ], [ 450752.151339264586568, 832324.523617537692189 ], [ 450726.465738045051694, 832327.227417666465044 ], [ 450716.101337552070618, 832326.326117623597383 ], [ 450707.539437145926058, 832342.548718394711614 ], [ 450698.977536738850176, 832357.869919121265411 ], [ 450690.866236353293061, 832371.839319786056876 ], [ 450686.810636160895228, 832391.216220704838634 ], [ 450681.853735925629735, 832410.593121625483036 ], [ 450673.742535540834069, 832425.463822331279516 ], [ 450663.82873506937176, 832438.531922953203321 ], [ 450652.112534512765706, 832454.754423722624779 ], [ 450633.636833635158837, 832471.878224536776543 ], [ 450620.118032993748784, 832484.495725136250257 ], [ 450609.753632500767708, 832494.860125629231334 ], [ 450603.444932201877236, 832506.576426185667515 ], [ 450598.037431944161654, 832520.545826848596334 ], [ 450586.321131387725472, 832538.570827703922987 ], [ 450577.308630960062146, 832550.287128260359168 ], [ 450572.351730724796653, 832568.76272913813591 ], [ 450567.845530510880053, 832579.127129631116986 ], [ 450561.536730211228132, 832582.281529780477285 ], [ 450555.678629932925105, 832580.929629717022181 ], [ 450545.314229439944029, 832574.620829416438937 ] ] } },
{ "type": "Feature", "properties": { "OBJECTID": 161, "Name": null, "ClassID": 0, "Surface": "DIRT", "Width": 7.0, "Shape_Leng": 644.44268701700003 }, "geometry": { "type": "LineString", "coordinates": [ [ 450748.996939115226269, 832324.974317559972405 ], [ 450722.410037851892412, 832304.696116596460342 ], [ 450697.625636674463749, 832288.473615825176239 ], [ 450673.291935519315302, 832277.208015291020274 ], [ 450657.970634791068733, 832270.448614969849586 ], [ 450634.538133678026497, 832279.010515376925468 ], [ 450625.074933229014277, 832281.714215504005551 ], [ 450610.204332522116601, 832277.208015291020274 ], [ 450584.068031281232834, 832269.547314926981926 ], [ 450564.240530339069664, 832265.942314755171537 ], [ 450544.863629419356585, 832267.744814841076732 ], [ 450520.079228241927922, 832260.08421447686851 ], [ 450482.226626443676651, 832251.972914092242718 ], [ 450441.219724495895207, 832251.071714049205184 ], [ 450406.07092282641679, 832262.337314583361149 ], [ 450388.045921970158815, 832275.40551520511508 ], [ 450368.669021050445735, 832293.881116082891822 ], [ 450349.7427201513201, 832301.992416467517614 ], [ 450327.211419081315398, 832300.64051640406251 ], [ 450320.902718781493604, 832280.813015460968018 ], [ 450318.649518674239516, 832259.18291443400085 ], [ 450321.353318803012371, 832242.509813642129302 ], [ 450329.91521920915693, 832234.39851325750351 ], [ 450342.532719808630645, 832238.003513427451253 ], [ 450361.459020707756281, 832243.861713707447052 ], [ 450384.891521820798516, 832252.423614112660289 ], [ 450402.916522677056491, 832255.127314241603017 ], [ 450441.219724495895207, 832251.071714049205184 ] ] } },
{ "type": "Feature", "properties": { "OBJECTID": 162, "Name": null, "ClassID": 0, "Surface": "GRAVEL", "Width": 7.0, "Shape_Leng": 1097.69092507 }, "geometry": { "type": "LineString", "coordinates": [ [ 450132.991809856146574, 832169.05781015381217 ], [ 450153.720610840246081, 832175.817210474982858 ], [ 450169.041811568662524, 832183.477810839191079 ], [ 450184.363112295977771, 832197.447211502119899 ], [ 450202.388113152235746, 832223.1329127214849 ], [ 450218.610713922418654, 832238.003513427451253 ], [ 450239.790114928968251, 832260.5348144993186 ], [ 450256.463215720839798, 832280.813015460968018 ], [ 450267.728816255927086, 832292.078615996986628 ], [ 450280.797016876749694, 832293.881116082891822 ], [ 450297.920817689970136, 832299.739216361194849 ], [ 450311.890118353068829, 832311.004916895180941 ], [ 450322.705218867398798, 832324.523617537692189 ], [ 450330.365819230675697, 832330.832417838275433 ], [ 450343.884619873017073, 832330.381817815825343 ], [ 450361.008320686407387, 832330.832417838275433 ], [ 450377.681521478109062, 832335.338718051090837 ], [ 450382.187721692025661, 832346.153718564659357 ], [ 450379.033421542495489, 832355.616819014772773 ], [ 450367.317120986059308, 832366.431819528341293 ], [ 450357.403320515528321, 832370.036819700151682 ], [ 450348.841420108452439, 832376.34561999887228 ], [ 450340.730219722725451, 832383.555620342493057 ], [ 450344.33521989453584, 832398.876921068876982 ], [ 450351.094620215706527, 832412.39562171138823 ], [ 450354.249020365066826, 832427.266322417184711 ], [ 450365.064020878635347, 832443.038223166018724 ], [ 450376.329621413722634, 832452.95192363858223 ], [ 450393.002722205594182, 832462.865724109113216 ], [ 450409.675922998227179, 832468.273224364966154 ], [ 450435.812224239110947, 832474.131324643269181 ], [ 450454.287825116887689, 832476.835124772042036 ], [ 450483.127926486544311, 832482.242625029757619 ], [ 450500.251627299934626, 832489.452625371515751 ], [ 450515.572928028181195, 832507.027026206254959 ], [ 450524.134828434325755, 832527.305127169936895 ], [ 450537.65362907666713, 832558.398328647017479 ], [ 450545.314229439944029, 832574.620829416438937 ], [ 450549.820429654791951, 832596.701530465856194 ], [ 450548.468629590235651, 832609.319031065329909 ], [ 450538.554829119704664, 832620.13403157889843 ], [ 450533.147328862920403, 832632.751532178372145 ], [ 450530.443528734147549, 832645.819732798263431 ], [ 450524.134828434325755, 832662.042233569547534 ], [ 450525.937328520230949, 832679.166034381836653 ], [ 450537.65362907666713, 832703.049135517328978 ], [ 450548.017929568886757, 832724.679136544466019 ], [ 450553.425529825501144, 832744.957337507978082 ], [ 450547.56732954736799, 832759.377338191494346 ], [ 450535.400428969413042, 832771.093638747930527 ], [ 450517.826028134673834, 832781.458039240911603 ], [ 450496.196027107536793, 832788.217439562082291 ], [ 450477.720426229760051, 832787.31613951921463 ], [ 450456.991625245660543, 832781.007339220494032 ], [ 450443.472824603319168, 832768.840538641437888 ], [ 450445.275324689224362, 832749.012937700375915 ], [ 450448.880324860103428, 832728.734836736693978 ], [ 450457.892825287766755, 832706.203535666689277 ], [ 450465.102825630456209, 832679.166034381836653 ] ] } },
{ "type": "Feature", "properties": { "OBJECTID": 163, "Name": null, "ClassID": 0, "Surface": "DIRT", "Width": 5.0, "Shape_Leng": 391.07872141600001 }, "geometry": { "type": "LineString", "coordinates": [ [ 450472.763525994494557, 832785.964239455759525 ], [ 450459.244725352153182, 832799.483040096238256 ], [ 450443.472824603319168, 832808.946140546351671 ], [ 450429.954023960977793, 832816.156140889972448 ], [ 450418.688423425890505, 832827.872441446408629 ], [ 450414.182223211973906, 832842.292442129924893 ], [ 450412.379623126238585, 832859.866842964664102 ], [ 450407.873422912321985, 832871.583143521100283 ], [ 450398.860922484658659, 832886.003144206479192 ], [ 450383.990221777930856, 832903.126945020630956 ], [ 450367.767721007578075, 832915.744445620104671 ], [ 450348.390820086933672, 832918.448145747184753 ], [ 450331.717719295062125, 832920.701345855370164 ], [ 450315.945818546228111, 832920.701345855370164 ], [ 450298.371417711488903, 832922.503845939412713 ], [ 450284.40201704762876, 832922.503845939412713 ], [ 450272.685716491192579, 832914.84314557723701 ], [ 450263.222616042010486, 832923.855646004900336 ], [ 450247.901315313763916, 832927.911346197128296 ], [ 450220.413214008323848, 832934.220046496018767 ], [ 450188.418712488375604, 832936.923846624791622 ], [ 450160.029311140067875, 832929.263246260583401 ] ] } },
{ "type": "Feature", "properties": { "OBJECTID": 164, "Name": null, "ClassID": 0, "Surface": "DIRT", "Width": 4.0, "Shape_Leng": 211.62017968399999 }, "geometry": { "type": "LineString", "coordinates": [ [ 450410.57712304033339, 832863.47184313647449 ], [ 450413.731523190625012, 832897.719444762915373 ], [ 450414.632823233492672, 832920.701345855370164 ], [ 450416.435323319397867, 832942.331346882507205 ], [ 450414.182223211973906, 832954.94884748198092 ], [ 450411.929023104719818, 832968.467648124322295 ], [ 450405.620322804898024, 832978.832048615440726 ], [ 450394.805322291329503, 832987.844549043104053 ], [ 450381.737121670506895, 832999.560749599710107 ], [ 450373.175221264362335, 833015.332650348544121 ], [ 450373.175221264362335, 833030.65395107679069 ], [ 450376.780221435241401, 833044.172751719132066 ], [ 450387.595221948809922, 833054.537152212113142 ] ] } },
{ "type": "Feature", "properties": { "OBJECTID": 165, "Name": null, "ClassID": 0, "Surface": "DIRT", "Width": 5.0, "Shape_Leng": 824.587851441 }, "geometry": { "type": "LineString", "coordinates": [ [ 450160.029311140067875, 832929.263246260583401 ], [ 450161.381211204454303, 832957.201947588473558 ], [ 450167.23931148275733, 832978.381348595023155 ], [ 450170.844311653636396, 833001.363249685615301 ], [ 450176.251911911182106, 833026.147750863805413 ], [ 450175.801211889833212, 833044.172751719132066 ], [ 450173.548111782409251, 833075.265853196382523 ], [ 450176.702511932700872, 833098.698454309254885 ], [ 450178.505012017674744, 833122.13095542229712 ], [ 450179.406212060712278, 833143.310356428846717 ], [ 450179.856912082061172, 833168.094757605344057 ], [ 450187.96811246778816, 833187.47165852598846 ], [ 450211.400613579899073, 833223.52166023850441 ], [ 450217.709413879550993, 833238.39236094430089 ], [ 450221.314414051361382, 833255.065461736172438 ], [ 450227.172514329664409, 833275.343662699684501 ], [ 450238.438214864581823, 833285.708063190802932 ], [ 450249.253215378150344, 833300.57866389863193 ], [ 450257.815115785226226, 833312.294964455068111 ], [ 450267.728816255927086, 833326.714965138584375 ], [ 450284.852617069147527, 833345.641266038641334 ], [ 450294.766417539678514, 833357.808166615664959 ], [ 450299.72331777587533, 833375.833167472854257 ], [ 450296.568917625583708, 833393.858168328180909 ], [ 450296.118317604064941, 833413.685669269412756 ], [ 450296.568917625583708, 833427.204469911754131 ], [ 450294.315817518159747, 833444.328270725905895 ], [ 450289.809517304413021, 833456.94577132537961 ], [ 450283.5007170047611, 833472.717672074213624 ], [ 450273.136316512711346, 833493.446473058313131 ], [ 450267.278216234408319, 833508.767673786729574 ], [ 450266.377016191370785, 833523.638374492526054 ], [ 450272.235116469673812, 833561.040276268497109 ], [ 450277.642616726458073, 833578.614677103236318 ], [ 450282.148916941136122, 833591.682777725160122 ], [ 450277.192016704939306, 833600.244678130373359 ], [ 450273.58701653406024, 833608.806578537449241 ], [ 450280.797016876749694, 833623.677279245108366 ], [ 450285.303217090666294, 833635.844079822301865 ], [ 450295.217017561197281, 833646.208480315282941 ], [ 450303.778917968273163, 833660.628580998629332 ], [ 450309.63701824657619, 833680.456081941723824 ], [ 450314.143318460322917, 833692.172282498329878 ], [ 450315.04451850336045, 833694.876082625240088 ] ] } },
{ "type": "Feature", "properties": { "OBJECTID": 166, "Name": null, "ClassID": 0, "Surface": "DIRT", "Width": 5.0, "Shape_Leng": 472.375933562 }, "geometry": { "type": "LineString", "coordinates": [ [ 450443.923424624837935, 832770.192338705062866 ], [ 450406.521522847935557, 832766.136738512665033 ], [ 450377.230921456590295, 832762.982338363304734 ], [ 450353.798320343717933, 832758.025438128039241 ], [ 450341.180819744244218, 832752.617937870323658 ], [ 450320.452018760144711, 832752.167337849736214 ], [ 450310.988918310962617, 832753.519237913191319 ], [ 450293.865117496810853, 832749.463637720793486 ], [ 450279.895716833882034, 832741.352337336167693 ], [ 450262.321315999142826, 832723.327336480841041 ], [ 450246.098815228790045, 832708.456635773181915 ], [ 450229.425714436918497, 832702.147935474291444 ], [ 450202.83881317358464, 832703.499735537916422 ], [ 450174.900011846795678, 832715.216036094352603 ], [ 450157.32561101205647, 832732.790436929091811 ], [ 450137.498110069893301, 832746.759837592020631 ], [ 450123.078009385615587, 832760.278638234362006 ], [ 450109.559308743104339, 832777.853039069101214 ], [ 450099.645508272573352, 832796.328639946877956 ], [ 450083.423007501289248, 832808.495540525764227 ], [ 450061.342306452803314, 832813.903040781617165 ], [ 450034.755405190400779, 832815.254940846934915 ] ] } },
{ "type": "Feature", "properties": { "OBJECTID": 167, "Name": null, "ClassID": 0, "Surface": "GRAVEL", "Width": 8.0, "Shape_Leng": 2608.6249182199999 }, "geometry": { "type": "LineString", "coordinates": [ [ 450150.566210690885782, 832051.44450456649065 ], [ 450143.356210348196328, 832092.90210653655231 ], [ 450139.300610155798495, 832128.501508226618171 ], [ 450134.343709920533001, 832157.79220961779356 ], [ 450127.133709577843547, 832187.082811009138823 ], [ 450114.966808999888599, 832205.558511886745691 ], [ 450097.843008186668158, 832215.922912379726768 ], [ 450067.200506730936468, 832217.274812443181872 ], [ 450044.669205660931766, 832207.361011972650886 ], [ 450026.644204804673791, 832197.447211502119899 ], [ 450003.211603691801429, 832180.323510687798262 ], [ 449972.118502215482295, 832162.298409832641482 ], [ 449944.17970088776201, 832143.82280895486474 ], [ 449913.987799453549087, 832124.896508056670427 ], [ 449884.246498041786253, 832107.322107221931219 ], [ 449862.165796992368996, 832092.90210653655231 ], [ 449802.683294167742133, 832055.500204760581255 ], [ 449772.040692712180316, 832034.320803754031658 ], [ 449754.015691855922341, 832022.604503197595477 ], [ 449734.638790935277939, 832017.197002939879894 ], [ 449716.613790079019964, 832018.098302982747555 ], [ 449711.65688984375447, 832032.067603647708893 ], [ 449702.644389416091144, 832046.037004310637712 ], [ 449689.576188795268536, 832052.7964046318084 ], [ 449669.298087831586599, 832048.740804439410567 ], [ 449645.41488669719547, 832042.432004138827324 ], [ 449621.982385584153235, 832036.573903860524297 ], [ 449605.759884813800454, 832042.432004138827324 ], [ 449589.537384043447673, 832046.938304353505373 ], [ 449575.567983379587531, 832040.62950405292213 ], [ 449564.302282844670117, 832036.123303839936852 ], [ 449549.431682138703763, 832034.771403774619102 ], [ 449535.462281474843621, 832034.771403774619102 ], [ 449521.042280790396035, 832041.98140411823988 ], [ 449510.677880297414958, 832056.401404801756144 ], [ 449499.862879783846438, 832069.469605423510075 ], [ 449489.047879270277917, 832078.93270587362349 ], [ 449474.177178564481437, 832085.692106194794178 ], [ 449454.349677622318268, 832090.198306407779455 ], [ 449437.676476830616593, 832094.254006600007415 ], [ 449421.904676081612706, 832093.803406579419971 ], [ 449401.175875096581876, 832087.494606278836727 ], [ 449378.644574026577175, 832075.327705701813102 ], [ 449357.4651730209589, 832062.259605081751943 ], [ 449340.341372206807137, 832050.993904545903206 ], [ 449324.569471457973123, 832055.950804781168699 ], [ 449319.161971201188862, 832066.76580529473722 ], [ 449318.711371179670095, 832078.93270587362349 ], [ 449316.458271073177457, 832097.859006771817803 ], [ 449311.501370836980641, 832111.828407434746623 ], [ 449304.741970516741276, 832123.995308013632894 ], [ 449298.433170217089355, 832143.372208934277296 ], [ 449293.476369981653988, 832169.508410174399614 ], [ 449288.519469745457172, 832203.305411780253053 ], [ 449282.210669445805252, 832233.046713192015886 ], [ 449279.957569339312613, 832254.676714221015573 ], [ 449278.155069253407419, 832271.34981501288712 ], [ 449266.438768696971238, 832285.31921567581594 ], [ 449242.105067540891469, 832294.331716103479266 ], [ 449180.819964630529284, 832305.597416639328003 ], [ 449162.794963774271309, 832307.850516745820642 ], [ 449137.559862575493753, 832299.739216361194849 ], [ 449109.621061248704791, 832291.628015974536538 ], [ 449080.781059878878295, 832294.782416125759482 ], [ 449054.194158615544438, 832302.443016488105059 ], [ 449018.144056904129684, 832317.764317216351628 ], [ 448986.60035540536046, 832327.227417666465044 ], [ 448950.099653671495616, 832335.338718051090837 ], [ 448897.827051188796759, 832343.900518458336592 ], [ 448861.777049476280808, 832351.56121882237494 ], [ 448840.597648470662534, 832359.672419207170606 ], [ 448817.165047357790172, 832365.981219507753849 ], [ 448803.19564669393003, 832369.135619657114148 ], [ 448785.621345859020948, 832376.34561999887228 ], [ 448768.497545045800507, 832386.710020491853356 ], [ 448755.880044447258115, 832399.778121111914515 ], [ 448739.206843654625118, 832417.352521946653724 ], [ 448728.391843141056597, 832425.463822331279516 ], [ 448713.971842456609011, 832429.970022546127439 ], [ 448681.977440936490893, 832425.914422353729606 ], [ 448654.939839652739465, 832424.562522290274501 ], [ 448624.747938218526542, 832424.111922267824411 ], [ 448603.568537211976945, 832422.309422181919217 ], [ 448537.777234087698162, 832422.760022204369307 ], [ 448500.825932332314551, 832421.408122139051557 ], [ 448458.46713032014668, 832418.704422011971474 ], [ 448418.812028436921537, 832413.747521774843335 ], [ 448384.113926788792014, 832406.537521433085203 ], [ 448332.742624348960817, 832397.525021005421877 ], [ 448293.988822508603334, 832394.821220876649022 ], [ 448263.796821074560285, 832388.963120598345995 ], [ 448227.746819362044334, 832377.69752006419003 ], [ 448187.641117457300425, 832363.728119399398565 ], [ 448138.522915123961866, 832349.758718736469746 ], [ 448095.262913068756461, 832350.20931875705719 ], [ 448053.805311099626124, 832353.814318928867579 ], [ 448012.347809131257236, 832355.616819014772773 ] ] } },
{ "type": "Feature", "properties": { "OBJECTID": 168, "Name": null, "ClassID": 0, "Surface": "GRAVEL", "Width": 7.0, "Shape_Leng": 277.595848563 }, "geometry": { "type": "LineString", "coordinates": [ [ 448012.347809131257236, 832355.616819014772773 ], [ 448009.193408980965614, 832380.401220191270113 ], [ 447999.279608510434628, 832411.043821647763252 ], [ 447986.662107910960913, 832432.223222652450204 ], [ 447973.594007289968431, 832457.458223851397634 ], [ 447956.019606455229223, 832480.440124943852425 ], [ 447934.389605428092182, 832492.156425500288606 ], [ 447901.493903866037726, 832502.971426013857126 ], [ 447867.697002260014415, 832512.885126484557986 ], [ 447842.011301040649414, 832519.644526805728674 ], [ 447828.041900376789272, 832530.00892729870975 ] ] } },
{ "type": "Feature", "properties": { "OBJECTID": 169, "Name": null, "ClassID": 0, "Surface": "DIRT", "Width": 5.0, "Shape_Leng": 270.11156882 }, "geometry": { "type": "LineString", "coordinates": [ [ 447828.041900376789272, 832530.00892729870975 ], [ 447809.56629949901253, 832553.44142840988934 ], [ 447801.454999114386737, 832582.732129802927375 ], [ 447806.862499371170998, 832607.065930956974626 ], [ 447832.998800612054765, 832625.992131857201457 ], [ 447848.320101340301335, 832648.072832904756069 ], [ 447857.783201789483428, 832664.745933696627617 ], [ 447867.246302238665521, 832680.517834447324276 ], [ 447884.820703073404729, 832701.697235452011228 ], [ 447895.635803587734699, 832712.962935987859964 ], [ 447891.580103394575417, 832725.12983656488359 ], [ 447887.073903180658817, 832733.691736971959472 ], [ 447885.271403094753623, 832756.222938042134047 ] ] } },
{ "type": "Feature", "properties": { "OBJECTID": 170, "Name": null, "ClassID": 0, "Surface": "PAVED", "Width": 8.0, "Shape_Leng": 2564.8104782700002 }, "geometry": { "type": "LineString", "coordinates": [ [ 448012.347809131257236, 832355.616819014772773 ], [ 448013.699709194712341, 832335.338718051090837 ], [ 448011.446509088389575, 832323.171817474067211 ], [ 447992.520308189094067, 832318.214917238801718 ], [ 447963.680206819437444, 832317.313617195934057 ], [ 447929.883305214345455, 832306.048016659915447 ], [ 447905.098904036916792, 832301.992416467517614 ], [ 447866.795702217146754, 832305.597416639328003 ], [ 447831.196300527080894, 832319.116117281839252 ], [ 447800.553799071349204, 832337.141218136996031 ], [ 447767.658097508363426, 832356.518119057640433 ], [ 447742.873696331866086, 832372.740619827061892 ], [ 447710.428594790399075, 832390.3150206618011 ], [ 447686.545493655838072, 832404.284421326592565 ], [ 447668.069792778231204, 832412.39562171138823 ], [ 447645.989191729575396, 832414.648821817710996 ], [ 447628.865390916354954, 832411.043821647763252 ], [ 447614.445390231907368, 832397.074420982971787 ], [ 447591.914089160971344, 832374.092519892379642 ], [ 447570.734688155353069, 832364.178719421848655 ], [ 447549.555287149734795, 832362.37621933594346 ], [ 447517.560885629616678, 832354.715618971735239 ], [ 447503.591484966687858, 832342.548718394711614 ], [ 447493.677684495225549, 832323.171817474067211 ], [ 447494.128384516574442, 832302.893616510555148 ], [ 447500.437084816396236, 832275.856115225702524 ], [ 447508.548385201953351, 832250.621014026924968 ], [ 447511.702785351313651, 832239.355413492769003 ], [ 447512.153385372832417, 832220.879812614992261 ], [ 447506.745885116048157, 832196.546011459082365 ], [ 447501.338384859263897, 832178.521010603755713 ], [ 447478.356483767740428, 832161.397209789603949 ], [ 447457.627682782709599, 832146.075909061357379 ], [ 447427.932481372728944, 832126.194108117371798 ], [ 447397.678379936143756, 832104.657307093963027 ], [ 447366.398778449743986, 832077.479905804619193 ], [ 447350.502577695064247, 832060.558104999363422 ], [ 447333.067976866848767, 832034.919103782624006 ], [ 447326.914676574990153, 832014.407802807167172 ], [ 447319.735676233656704, 831994.409401858225465 ], [ 447308.967275721952319, 831961.591400299221277 ], [ 447300.762775332666934, 831938.516299203038216 ], [ 447292.04557491838932, 831921.59449839964509 ], [ 447275.123774114996195, 831901.595997449010611 ], [ 447255.125273164361715, 831881.084796475246549 ], [ 447238.716272385790944, 831861.599095549434423 ], [ 447232.050172069109976, 831845.190094770863652 ], [ 447227.435171850025654, 831825.191693820059299 ], [ 447225.896771776489913, 831807.75709299184382 ], [ 447219.230671459808946, 831790.322592165321112 ], [ 447202.821670680306852, 831774.42639140971005 ], [ 447181.284869657829404, 831766.221891019493341 ], [ 447154.620268391445279, 831770.836891239508986 ], [ 447136.672867538407445, 831780.066891677677631 ], [ 447116.674466588534415, 831798.527092553675175 ], [ 447096.163165614940226, 831810.833793139085174 ], [ 447074.626364591531456, 831822.627793699502945 ], [ 447037.7061628382653, 831828.781093990430236 ], [ 447014.631061742082238, 831824.67889379709959 ], [ 446998.222060962580144, 831815.961593382060528 ], [ 446979.761960085481405, 831804.167692821472883 ], [ 446955.148458916693926, 831781.092491725459695 ], [ 446934.12445791810751, 831760.581290751695633 ], [ 446910.023756773211062, 831739.557289753109217 ], [ 446890.025255823507905, 831715.969288632273674 ], [ 446873.103455020114779, 831679.049086879938841 ], [ 446865.411754654720426, 831654.948385734111071 ], [ 446866.437354703433812, 831620.592084102332592 ], [ 446872.590754995122552, 831588.799682592973113 ], [ 446883.359155506826937, 831564.186181424185634 ], [ 446895.665856091305614, 831542.649380400776863 ], [ 446895.665856091305614, 831541.623780351132154 ], [ 446913.100456919521093, 831523.676479499787092 ], [ 446934.12445791810751, 831501.626878451555967 ], [ 446948.995058624073863, 831485.73067769780755 ], [ 446960.276259160600603, 831471.885577039793134 ], [ 446966.429659452289343, 831458.040476381778717 ], [ 446970.019059622660279, 831441.118775578215718 ], [ 446970.019059622660279, 831422.658674702048302 ], [ 446964.378459354862571, 831411.377474166452885 ], [ 446950.533458697609603, 831395.481273410841823 ], [ 446928.996657674200833, 831385.738372948020697 ], [ 446903.357556456699967, 831382.661672802641988 ], [ 446875.667355141602457, 831382.661672802641988 ], [ 446843.874953631311655, 831387.789473045617342 ], [ 446812.595352145843208, 831399.070673581212759 ], [ 446783.366850757040083, 831408.813574044033885 ], [ 446766.445049953646958, 831417.018074434250593 ], [ 446730.550348249264061, 831429.837575042620301 ], [ 446697.219646665267646, 831440.605975553393364 ], [ 446665.427245155908167, 831451.374376066029072 ], [ 446634.147543669678271, 831463.168276624754071 ], [ 446598.252941965125501, 831475.475077209994197 ], [ 446567.998840527608991, 831486.756277745589614 ], [ 446490.568936849944293, 831514.95917908474803 ], [ 446468.519335802644491, 831522.650879450142384 ], [ 446436.726934293285012, 831526.240379622206092 ] ] } },
{ "type": "Feature", "properties": { "OBJECTID": 171, "Name": null, "ClassID": 0, "Surface": "PAVED", "Width": 4.0, "Shape_Leng": 170.086036189 }, "geometry": { "type": "LineString", "coordinates": [ [ 447971.340907183475792, 832318.214917238801718 ], [ 447941.599605770781636, 832342.999318415299058 ], [ 447908.703904207795858, 832363.728119399398565 ], [ 447877.610702731646597, 832384.456820383667946 ], [ 447832.097500569187105, 832415.550021860748529 ] ] } },
{ "type": "Feature", "properties": { "OBJECTID": 172, "Name": null, "ClassID": 0, "Surface": "DIRT", "Width": 5.0, "Shape_Leng": 383.02426258999998 }, "geometry": { "type": "LineString", "coordinates": [ [ 449081.682259921915829, 832294.331716103479266 ], [ 449088.89236026443541, 832281.263615483418107 ], [ 449084.836660071276128, 832266.392914777621627 ], [ 449066.811659215018153, 832244.312313728034496 ], [ 449045.181658187881112, 832224.034112764522433 ], [ 449024.002257182262838, 832202.854711757972836 ], [ 449019.495956967584789, 832185.731010945513844 ], [ 449019.495956967584789, 832160.946609769016504 ], [ 449014.088456710800529, 832120.840907864272594 ], [ 449004.174756240099669, 832090.649006430059671 ], [ 448978.489055019803345, 832044.685204247012734 ], [ 448953.704653843306005, 832002.77700225636363 ], [ 448939.735253179445863, 831992.412601763382554 ], [ 448915.401452023535967, 831973.035700842738152 ] ] } },
{ "type": "Feature", "properties": { "OBJECTID": 173, "Name": null, "ClassID": 0, "Surface": "GRAVEL", "Width": 8.0, "Shape_Leng": 649.36838836200002 }, "geometry": { "type": "LineString", "coordinates": [ [ 449716.16309005767107, 832018.098302982747555 ], [ 449720.669390271417797, 832008.635102534666657 ], [ 449730.132490721531212, 831996.468201955780387 ], [ 449735.539990978315473, 831983.850701356306672 ], [ 449741.398191256448627, 831965.37510047852993 ], [ 449752.663791791535914, 831954.56009996496141 ], [ 449772.491292733699083, 831953.658799922093749 ], [ 449799.979494038969278, 831950.954999793320894 ], [ 449824.763895216397941, 831946.448799580335617 ], [ 449852.252096521668136, 831941.491899345070124 ], [ 449873.43149752728641, 831934.732499023899436 ], [ 449895.962698597460985, 831921.213798381388187 ], [ 449908.580299196764827, 831904.089997569099069 ], [ 449923.90149992518127, 831879.305596390739083 ], [ 449943.27840084489435, 831856.774295320734382 ], [ 449962.204701744019985, 831842.354294635355473 ], [ 449992.847203199751675, 831823.878593757748604 ], [ 450012.674804141744971, 831814.866093330085278 ], [ 450035.65670523326844, 831818.921793522313237 ], [ 450051.879206003621221, 831827.483593929558992 ], [ 450068.101706773974001, 831835.144294293597341 ], [ 450098.744308229535818, 831849.56429497897625 ], [ 450109.559308743104339, 831858.126195384189487 ], [ 450127.133709577843547, 831859.928695470094681 ], [ 450149.664910648018122, 831852.718695128336549 ], [ 450176.251911911182106, 831840.551794549450278 ], [ 450202.388113152235746, 831827.032993908971548 ], [ 450219.511913965456188, 831810.3598931171 ], [ 450231.228214521892369, 831790.081692153587937 ], [ 450237.536914821714163, 831782.87169180996716 ] ] } },
{ "type": "Feature", "properties": { "OBJECTID": 174, "Name": null, "ClassID": 0, "Surface": "DIRT", "Width": 6.0, "Shape_Leng": 689.992623869 }, "geometry": { "type": "LineString", "coordinates": [ [ 450578.209931002929807, 831877.503096304833889 ], [ 450551.622929739765823, 831904.540597589686513 ], [ 450526.838528563268483, 831929.324998766183853 ], [ 450509.264127728529274, 831948.251299666240811 ], [ 450494.844127043150365, 831964.924400458112359 ], [ 450474.566026080399752, 831980.245701186358929 ], [ 450438.966624389402568, 831986.554501485079527 ], [ 450417.787223382852972, 831976.64070101454854 ], [ 450397.959622441790998, 831965.37510047852993 ], [ 450382.638421713374555, 831946.448799580335617 ], [ 450361.909620729275048, 831927.071898659691215 ], [ 450344.785819916054606, 831908.596197782084346 ], [ 450324.057018931023777, 831885.6142966914922 ], [ 450297.019517647102475, 831853.619895171374083 ], [ 450283.951417026109993, 831837.847994422540069 ], [ 450269.982016363181174, 831822.97739371471107 ], [ 450249.253215378150344, 831796.390492452308536 ], [ 450237.536914821714163, 831782.87169180996716 ], [ 450235.734414735808969, 831768.451691126450896 ], [ 450220.863814029842615, 831754.932890484109521 ], [ 450217.709413879550993, 831744.117889970541 ], [ 450226.271314286626875, 831730.599089328199625 ], [ 450241.592615013942122, 831713.925988536328077 ], [ 450251.956915507093072, 831709.870388343930244 ], [ 450266.377016191370785, 831707.16658821515739 ], [ 450282.148916941136122, 831707.16658821515739 ], [ 450292.513217433355749, 831702.209687979891896 ], [ 450303.328317946754396, 831699.956587871536613 ], [ 450310.988918310962617, 831696.351587701588869 ], [ 450316.847018588334322, 831694.999687636271119 ], [ 450335.322719465941191, 831692.295987509191036 ], [ 450349.7427201513201, 831691.394687466323376 ], [ 450357.403320515528321, 831685.536587188020349 ], [ 450364.613320857286453, 831675.622786717489362 ] ] } },
{ "type": "Feature", "properties": { "OBJECTID": 175, "Name": null, "ClassID": 0, "Surface": "GRAVEL", "Width": 7.0, "Shape_Leng": 745.120019576 }, "geometry": { "type": "LineString", "coordinates": [ [ 450831.461443031206727, 832164.551609938964248 ], [ 450903.561646455898881, 832187.215011015534401 ], [ 450923.56014740653336, 832200.547311648726463 ], [ 450928.687947649508715, 832242.082613622769713 ], [ 450938.430748112499714, 832243.10811367072165 ], [ 450955.865348940715194, 832244.133713720366359 ], [ 450973.299849768169224, 832240.54421354830265 ], [ 450997.400550913065672, 832236.954713378101587 ], [ 451017.911851887591183, 832239.518613500520587 ], [ 451028.167452374473214, 832252.338214108720422 ], [ 451042.012553032487631, 832260.029914474114776 ], [ 451068.677154298871756, 832261.568214546889067 ], [ 451106.110156076960266, 832260.54271449893713 ], [ 451134.313057416118681, 832258.491514401510358 ], [ 451162.003258731216192, 832253.876514181494713 ], [ 451186.10395987611264, 832256.440414303913713 ], [ 451219.947561483830214, 832267.72161483950913 ], [ 451251.739962994121015, 832277.977215327322483 ], [ 451283.019564479589462, 832287.207315765321255 ], [ 451341.98936728015542, 832300.539616398513317 ], [ 451360.449468157254159, 832310.795216886326671 ], [ 451372.243468717671931, 832341.049318322911859 ], [ 451380.447969106957316, 832363.098819369450212 ], [ 451393.780269740149379, 832382.584520295262337 ], [ 451407.625370398163795, 832400.531921148300171 ], [ 451420.957671031355858, 832411.300321659073234 ], [ 451424.034371177665889, 832423.094222219660878 ], [ 451421.47047105524689, 832444.631023243069649 ] ] } },
{ "type": "Feature", "properties": { "OBJECTID": 176, "Name": null, "ClassID": 0, "Surface": "DIRT", "Width": 5.0, "Shape_Leng": 847.89783981899996 }, "geometry": { "type": "LineString", "coordinates": [ [ 451389.677969545125961, 832375.918419979512691 ], [ 451419.419270957820117, 832395.404020903632045 ], [ 451437.366671810857952, 832401.557421196252108 ], [ 451458.9034728333354, 832405.659721391275525 ], [ 451483.004173978231847, 832403.608521293848753 ], [ 451513.770975439809263, 832397.455221001058817 ], [ 451545.050676925107837, 832387.199620515108109 ], [ 451575.817478386685252, 832375.405619954690337 ], [ 451601.456579604186118, 832360.022219223901629 ], [ 451615.814380286261439, 832338.998118225485086 ], [ 451633.761781139299273, 832313.871917031705379 ], [ 451661.451882453635335, 832290.796715935692191 ], [ 451693.757083988748491, 832263.619414644315839 ], [ 451721.447285303846002, 832242.082613622769713 ], [ 451745.035186423920095, 832229.775813037529588 ], [ 451764.008087324909866, 832229.263013012707233 ], [ 451783.493788250721991, 832237.980313427746296 ], [ 451819.901189980097115, 832255.414914255961776 ], [ 451847.591391295194626, 832270.285514961928129 ], [ 451872.204892463982105, 832281.566715497523546 ], [ 451895.792793584987521, 832287.207315765321255 ], [ 451913.227394413203001, 832291.309515960514545 ], [ 451939.891995679587126, 832293.360616058111191 ], [ 451952.198696264065802, 832299.001216325908899 ], [ 451948.609196092933416, 832319.512517299503088 ], [ 451936.30249550845474, 832340.536518298089504 ], [ 451926.559695046395063, 832365.662819491699338 ], [ 451915.278494509868324, 832384.635620392858982 ], [ 451917.842394632287323, 832399.506321098655462 ], [ 451932.200195314362645, 832404.634121343493462 ], [ 451951.685896239243448, 832407.71082148887217 ], [ 451970.145997116342187, 832416.428121903911233 ], [ 451995.272298309952021, 832424.632622292265296 ], [ 452006.040698820725083, 832427.196522414684296 ] ] } },
{ "type": "Feature", "properties": { "OBJECTID": 177, "Name": null, "ClassID": 0, "Surface": "DIRT", "Width": 4.0, "Shape_Leng": 1097.2755486799999 }, "geometry": { "type": "LineString", "coordinates": [ [ 451935.276895459741354, 832292.847916033118963 ], [ 451971.171597165055573, 832289.2584158629179 ], [ 451985.016697822138667, 832290.796715935692191 ], [ 452003.476798699237406, 832298.488516300916672 ], [ 452025.013599722646177, 832304.641816593706608 ], [ 452034.756400184705853, 832297.462916253134608 ], [ 452049.114300866611302, 832286.181715717539191 ], [ 452069.112801817245781, 832272.849415082484484 ], [ 452079.881102328188717, 832263.10661462135613 ], [ 452092.18790291249752, 832260.029914474114776 ], [ 452108.596903691999614, 832261.568214546889067 ], [ 452130.133704715408385, 832269.259914912283421 ], [ 452152.696005786769092, 832269.259914912283421 ], [ 452161.926106225699186, 832273.362215107306838 ], [ 452179.360607053153217, 832279.002815375104547 ], [ 452202.94860817398876, 832286.6945157404989 ], [ 452213.717008685693145, 832293.360616058111191 ], [ 452232.177109561860561, 832307.205716716125607 ], [ 452250.124410414136946, 832320.53801734931767 ], [ 452260.3800109019503, 832331.819217884913087 ], [ 452284.993512070737779, 832342.58761839568615 ], [ 452318.837113678455353, 832343.613218445330858 ], [ 452342.9378148233518, 832336.947018127888441 ], [ 452384.985816820524633, 832319.512517299503088 ], [ 452406.522617843002081, 832307.205716716125607 ], [ 452423.444418646395206, 832307.718516739085317 ], [ 452436.263919255696237, 832305.154616618528962 ], [ 452447.545119791291654, 832304.641816593706608 ], [ 452462.41572049818933, 832305.154616618528962 ], [ 452470.107420863583684, 832308.231316763907671 ], [ 452479.850321325473487, 832309.769616836681962 ], [ 452485.490921594202518, 832303.103516520932317 ], [ 452497.28482215385884, 832301.565116446465254 ], [ 452511.642722835764289, 832310.282416861504316 ], [ 452521.89832332264632, 832318.999717274680734 ], [ 452531.641123785637319, 832323.101917469874024 ], [ 452540.358424199745059, 832321.050817372277379 ], [ 452551.639624735340476, 832325.153117567300797 ], [ 452563.946325319819152, 832332.84481793269515 ], [ 452570.099725612439215, 832340.536518298089504 ], [ 452575.227525856345892, 832350.792118785902858 ], [ 452592.662126684561372, 832355.407119004055858 ], [ 452606.507127341814339, 832363.098819369450212 ], [ 452618.301127902232111, 832371.30331975966692 ], [ 452636.761228778399527, 832388.7379205878824 ], [ 452651.119129460304976, 832404.121321318671107 ], [ 452660.861929923295975, 832416.940821927040815 ], [ 452674.707030581310391, 832435.913722828030586 ], [ 452682.911530970595777, 832450.784423535689712 ], [ 452698.294931701384485, 832462.065624071285129 ], [ 452719.831732724793255, 832471.295624509453773 ], [ 452735.21523345541209, 832478.987324874848127 ], [ 452747.009134015068412, 832489.243025360628963 ], [ 452757.777534526772797, 832490.268525410443544 ], [ 452772.135435208678246, 832487.19182526320219 ], [ 452789.569936037063599, 832482.576825045049191 ], [ 452805.466136791743338, 832476.936224777251482 ], [ 452822.900737619958818, 832472.834024582058191 ], [ 452839.309738399460912, 832475.397924704477191 ], [ 452857.769839276559651, 832486.679025240242481 ], [ 452871.614939933642745, 832496.934725726023316 ], [ 452893.151740957051516, 832509.75422633625567 ], [ 452892.638940932229161, 832509.241426311433315 ] ] } },
{ "type": "Feature", "properties": { "OBJECTID": 178, "Name": null, "ClassID": 0, "Surface": "DIRT", "Width": 6.0, "Shape_Leng": 307.80311129400002 }, "geometry": { "type": "LineString", "coordinates": [ [ 451488.644774246029556, 832403.095821268856525 ], [ 451513.770975439809263, 832386.1740204654634 ], [ 451538.897276633419096, 832361.56051929667592 ], [ 451568.125778021290898, 832333.357617957517505 ], [ 451589.662579044699669, 832304.641816593706608 ], [ 451586.073078873567283, 832288.745615838095546 ], [ 451567.100177972577512, 832276.951715277507901 ], [ 451558.382977558299899, 832264.132114669308066 ], [ 451551.203977217897773, 832244.646513743326068 ], [ 451550.178477169014513, 832231.826913135126233 ], [ 451556.331777460873127, 832221.05851262435317 ], [ 451565.561877899803221, 832199.009011575952172 ], [ 451576.330278410576284, 832178.497710602357984 ], [ 451584.021978775970638, 832161.575909798964858 ] ] } },
{ "type": "Feature", "properties": { "OBJECTID": 179, "Name": null, "ClassID": 0, "Surface": "GRAVEL", "Width": 7.0, "Shape_Leng": 237.398213822 }, "geometry": { "type": "LineString", "coordinates": [ [ 450923.56014740653336, 832200.034511625766754 ], [ 450935.866847991012037, 832188.24061106517911 ], [ 450953.301448818296194, 832174.395510407164693 ], [ 450975.351049865595996, 832163.62710989639163 ], [ 450999.964451035484672, 832151.833109335973859 ], [ 451020.988552033901215, 832136.449708605185151 ], [ 451031.244152520783246, 832120.553507849574089 ], [ 451050.729853446595371, 832094.914406631141901 ], [ 451065.087654128670692, 832081.069305974990129 ], [ 451072.779354494065046, 832105.682807143777609 ], [ 451080.471054858528078, 832127.732408190146089 ] ] } },
{ "type": "Feature", "properties": { "OBJECTID": 180, "Name": null, "ClassID": 0, "Surface": "DIRT", "Width": 4.0, "Shape_Leng": 265.99969941000001 }, "geometry": { "type": "LineString", "coordinates": [ [ 451065.600454152561724, 832079.531005900353193 ], [ 451093.290655467659235, 832062.609205096960068 ], [ 451113.80185644235462, 832052.353604611009359 ], [ 451146.107057976536453, 832029.791303539648652 ], [ 451170.2077591214329, 832011.843902686610818 ], [ 451184.052859778515995, 831997.998802028596401 ], [ 451202.512960655614734, 831993.896601833403111 ], [ 451217.383661362342536, 831985.692101445049047 ], [ 451231.741462043486536, 831974.410900907590985 ], [ 451243.022662580013275, 831971.847000787034631 ], [ 451256.354963213205338, 831977.487601054832339 ], [ 451268.661663797684014, 831988.768801590427756 ], [ 451279.942864333279431, 831994.922201883047819 ], [ 451291.736864893697202, 831993.896601833403111 ] ] } },
{ "type": "Feature", "properties": { "OBJECTID": 181, "Name": null, "ClassID": 0, "Surface": "DIRT", "Width": 3.0, "Shape_Leng": 225.97118491200001 }, "geometry": { "type": "LineString", "coordinates": [ [ 450111.827908851206303, 831859.035195428878069 ], [ 450094.906108046881855, 831871.854696037247777 ], [ 450076.95880719460547, 831871.854696037247777 ], [ 450053.370906074531376, 831864.162995671853423 ], [ 450040.551405465230346, 831863.650195647031069 ], [ 450024.655104710720479, 831870.82919598929584 ], [ 450002.605603663250804, 831886.725396743044257 ], [ 449982.607102713547647, 831900.05769737623632 ], [ 449957.993601543828845, 831911.338897911831737 ], [ 449932.354600326158106, 831915.953898131847382 ], [ 449915.945599546656013, 831912.364397961646318 ], [ 449906.202799084596336, 831908.262197766453028 ] ] } },
{ "type": "Feature", "properties": { "OBJECTID": 182, "Name": null, "ClassID": 0, "Surface": "DIRT", "Width": 4.0, "Shape_Leng": 366.470911113 }, "geometry": { "type": "LineString", "coordinates": [ [ 450012.861204150132835, 831814.936093334108591 ], [ 449995.939403346739709, 831807.24429296888411 ], [ 449973.37710227444768, 831809.295493066310883 ], [ 449949.276301129721105, 831813.910493284463882 ], [ 449923.637299912050366, 831811.346593163907528 ], [ 449895.434398572891951, 831806.731592943891883 ], [ 449873.89759754948318, 831813.910493284463882 ], [ 449866.205797184258699, 831823.140493722632527 ], [ 449859.539696867577732, 831837.498394405469298 ], [ 449847.232896283268929, 831849.29239496588707 ], [ 449818.517194919288158, 831861.599095549434423 ], [ 449800.057094042189419, 831872.367496062070131 ], [ 449784.673693312332034, 831889.289296865463257 ], [ 449775.44359287340194, 831905.185497621074319 ], [ 449761.085792191326618, 831916.979498179629445 ], [ 449751.855691753327847, 831927.235098667442799 ], [ 449743.138391339220107, 831944.156799471005797 ], [ 449735.446690973825753, 831960.053100226446986 ], [ 449738.01059109531343, 831974.92370093241334 ], [ 449737.497791071422398, 831974.410900907590985 ] ] } },
{ "type": "Feature", "properties": { "OBJECTID": 183, "Name": null, "ClassID": 0, "Surface": "DIRT", "Width": 6.0, "Shape_Leng": 871.94511485400005 }, "geometry": { "type": "LineString", "coordinates": [ [ 450220.537514014169574, 831754.940690483897924 ], [ 450199.513413015753031, 831738.531689705327153 ], [ 450169.772111603058875, 831714.430988559499383 ], [ 450133.877509898506105, 831684.689687147736549 ], [ 450106.187308583408594, 831660.588986001908779 ], [ 450076.95880719460547, 831637.001084882766008 ], [ 450050.807005952112377, 831614.951483834534883 ], [ 450026.706304808147252, 831592.901882788166404 ], [ 450004.656703760847449, 831574.441781910136342 ], [ 449967.736502006649971, 831542.649380400776863 ], [ 449944.148500886745751, 831520.086979329586029 ], [ 449927.739600107073784, 831495.47347816079855 ], [ 449904.664399011060596, 831453.425476163625717 ], [ 449891.332098377868533, 831428.811974992975593 ], [ 449875.948697647079825, 831410.351874116808176 ], [ 449863.129197038710117, 831389.840673143044114 ], [ 449845.181796185672283, 831372.406072314828634 ], [ 449830.823995503596961, 831360.61217175424099 ], [ 449823.644995163194835, 831345.74147104844451 ], [ 449823.644995163194835, 831324.717470049858093 ], [ 449827.747295358218253, 831296.001768685877323 ], [ 449832.875095601193607, 831275.490467712283134 ], [ 449839.541195917874575, 831267.285967322066426 ], [ 449865.693097160197794, 831245.236466273665428 ], [ 449890.819298353977501, 831225.237965324893594 ], [ 449915.432799522764981, 831200.11166413128376 ], [ 449933.89290039986372, 831183.189963327720761 ], [ 449950.301901178434491, 831168.83206264488399 ], [ 449965.172601885162294, 831155.499762011691928 ], [ 449980.556002615951002, 831136.526861110702157 ], [ 449991.837203151546419, 831119.092360282316804 ] ] } },
{ "type": "Feature", "properties": { "OBJECTID": 184, "Name": null, "ClassID": 0, "Surface": "DIRT", "Width": 7.0, "Shape_Leng": 1880.4291611399999 }, "geometry": { "type": "LineString", "coordinates": [ [ 448730.908843261189759, 832424.632622292265296 ], [ 448733.985543406568468, 832441.554323095828295 ], [ 448722.191542847082019, 832454.373923705890775 ], [ 448705.782542067579925, 832480.012924922630191 ], [ 448698.090841702185571, 832506.164726166054606 ], [ 448690.911941360682249, 832524.112127017229795 ], [ 448686.296941141597927, 832544.110527968034148 ], [ 448678.092440752312541, 832569.749629184603691 ], [ 448667.836740264669061, 832588.722530087456107 ], [ 448639.633838925510645, 832615.387131353840232 ], [ 448621.68653807323426, 832634.360032254830003 ], [ 448601.688037123531103, 832656.409533301368356 ], [ 448582.202336197718978, 832671.79303403198719 ], [ 448572.459535734727979, 832675.382434202358127 ], [ 448559.640035126358271, 832687.176434762775898 ], [ 448550.409934687428176, 832710.25153585895896 ], [ 448530.924233761616051, 832744.095137465745211 ], [ 448524.770933469757438, 832766.657438537105918 ], [ 448517.591933128423989, 832789.732639633119106 ], [ 448508.874732715077698, 832807.679940486326814 ], [ 448500.157432300969958, 832829.216741509735584 ], [ 448491.95293191075325, 832834.344541752710938 ], [ 448478.107831253670156, 832844.600142240524292 ], [ 448470.416130888275802, 832854.855742726475 ], [ 448463.23723054677248, 832877.930943822488189 ], [ 448461.186030449345708, 832903.56994504109025 ], [ 448466.826630717143416, 832925.106746064499021 ], [ 448470.416130888275802, 832943.566846940666437 ], [ 448469.903330863453448, 832960.488647744059563 ], [ 448465.80113066919148, 832981.512648742645979 ], [ 448452.981530060060322, 832990.742749180644751 ], [ 448436.059829256497324, 832993.30664930306375 ], [ 448419.65082847699523, 832996.896149473264813 ], [ 448407.856827916577458, 833006.126149911433458 ], [ 448388.371126990765333, 833026.637450886890292 ], [ 448376.577226431109011, 833045.097551763057709 ], [ 448363.757725821807981, 833075.864353224635124 ], [ 448357.091525505296886, 833094.324454100802541 ], [ 448349.399825139902532, 833122.527455441653728 ], [ 448344.78482492081821, 833150.730356780812144 ], [ 448332.990824360400438, 833175.343857949599624 ], [ 448319.658523727208376, 833197.906259020790458 ], [ 448302.224022899754345, 833213.80245977640152 ], [ 448278.636021778918803, 833223.545260239392519 ], [ 448251.458620487712324, 833224.570860287174582 ], [ 448224.281319197267294, 833225.596360336989164 ], [ 448200.693318076431751, 833230.724260579794645 ], [ 448175.054316858761013, 833239.441460993140936 ], [ 448162.234816250391304, 833255.850461773574352 ], [ 448157.107016006484628, 833271.746662529185414 ], [ 448160.696416176855564, 833292.257963502779603 ], [ 448169.413716590963304, 833317.38416469655931 ], [ 448173.515916786156595, 833336.357065597549081 ], [ 448180.182117102667689, 833363.021666863933206 ], [ 448184.797117321752012, 833389.68626813031733 ], [ 448180.694917126558721, 833418.914869518950582 ], [ 448175.054316858761013, 833436.862170370295644 ], [ 448168.900916567072272, 833453.783971175551414 ], [ 448156.081415957771242, 833477.371872294694185 ], [ 448151.466415738686919, 833497.370273245498538 ], [ 448139.159615154378116, 833536.341675095260143 ], [ 448129.416814691387117, 833567.621276581659913 ], [ 448120.186714253388345, 833599.413678091019392 ], [ 448111.469513839110732, 833632.744479674845934 ], [ 448103.777713473886251, 833667.613581331446767 ], [ 448100.188313303515315, 833691.714282475411892 ], [ 448095.573213083669543, 833722.481183936819434 ], [ 448091.471012889407575, 833751.196885300800204 ], [ 448089.41991279181093, 833785.040386907756329 ], [ 448097.111613157205284, 833814.781688321381807 ], [ 448100.188313303515315, 833839.395189490169287 ], [ 448096.086013108491898, 833858.368090391159058 ], [ 448077.625912231393158, 833883.494391584768891 ], [ 448062.755311525426805, 833910.158992851153016 ], [ 448052.499611037783325, 833926.055193606764078 ], [ 448037.629010331816971, 833948.617494678124785 ], [ 448020.194409503601491, 833976.307695994153619 ], [ 448013.015509163029492, 833985.53779643215239 ] ] } },
{ "type": "Feature", "properties": { "OBJECTID": 185, "Name": null, "ClassID": 0, "Surface": "DIRT", "Width": 4.0, "Shape_Leng": 1306.4770992599999 }, "geometry": { "type": "LineString", "coordinates": [ [ 448101.213813351467252, 833683.509782087057829 ], [ 448075.574812133796513, 833708.636083278805017 ], [ 448052.499611037783325, 833727.096184156835079 ], [ 448028.911709917709231, 833746.581885082647204 ], [ 448008.913308967836201, 833762.478085836395621 ], [ 447991.991508164443076, 833780.425386689603329 ], [ 447984.812607822939754, 833806.064387906342745 ], [ 447984.812607822939754, 833834.780189272016287 ], [ 447988.40200799331069, 833860.419190488755703 ], [ 447989.427608042024076, 833888.109391804784536 ], [ 447995.068208309821784, 833918.363493241369724 ], [ 448001.734308626502752, 833944.00249445810914 ], [ 448007.887708919122815, 833975.28209594450891 ], [ 448013.015509163029492, 833985.53779643215239 ], [ 448001.221608602441847, 834006.048997405916452 ], [ 447987.376507944427431, 834040.918099062517285 ], [ 447978.146407506428659, 834059.890999963507056 ], [ 447964.301306848414242, 834081.427800986915827 ], [ 447918.151004657149315, 834149.114904200658202 ], [ 447903.280403950251639, 834176.292305491864681 ], [ 447879.692502830177546, 834210.64860712364316 ], [ 447862.257902001962066, 834228.083107952028513 ], [ 447841.233901003375649, 834238.338808439671993 ], [ 447814.569299736991525, 834251.158309048041701 ], [ 447789.955798568204045, 834261.926709558814764 ], [ 447763.803997325710952, 834272.695110071450472 ], [ 447741.75439627841115, 834282.437910534441471 ], [ 447707.398094646632671, 834300.898011410608888 ], [ 447680.220693355426192, 834319.870912311598659 ], [ 447652.017792016267776, 834343.458813432604074 ], [ 447634.583191188052297, 834362.431714333593845 ], [ 447612.533590140752494, 834380.891815209761262 ], [ 447590.996789118275046, 834406.018116403371096 ], [ 447574.075088313780725, 834431.144417596980929 ], [ 447567.921688022091985, 834458.834518911316991 ], [ 447566.896087973378599, 834494.216420592740178 ], [ 447567.921688022091985, 834522.419421931728721 ], [ 447569.97278811968863, 834546.007323052734137 ], [ 447570.998388168402016, 834576.261424489319324 ], [ 447570.998388168402016, 834599.84932561032474 ], [ 447573.049488265067339, 834619.847826559096575 ], [ 447571.511088192462921, 834643.435727680101991 ], [ 447570.998388168402016, 834665.998028751462698 ], [ 447568.947188070975244, 834687.022129749879241 ], [ 447570.485588143579662, 834703.94383055344224 ], [ 447580.741188630461693, 834731.634031869471073 ], [ 447580.741188630461693, 834732.659631917253137 ] ] } },
{ "type": "Feature", "properties": { "OBJECTID": 186, "Name": null, "ClassID": 0, "Surface": "DIRT", "Width": 3.0, "Shape_Leng": 572.89957316699997 }, "geometry": { "type": "LineString", "coordinates": [ [ 448100.188313303515315, 833837.856889417394996 ], [ 448114.546113984659314, 833860.931990513578057 ], [ 448127.365714593790472, 833887.596591779962182 ], [ 448148.389715592376888, 833905.543892631307244 ], [ 448162.234816250391304, 833911.184492900967598 ], [ 448188.899417516775429, 833920.41459333896637 ], [ 448218.640718929469585, 833925.542393581941724 ], [ 448246.843620268628001, 833933.746893972158432 ], [ 448278.636021778918803, 833940.412994287908077 ], [ 448312.479623386636376, 833946.56639458052814 ], [ 448340.16972470190376, 833952.719794873148203 ], [ 448369.398326089605689, 833962.462595336139202 ], [ 448391.447827137075365, 833973.230995846912265 ], [ 448406.831327867694199, 833983.999396359547973 ], [ 448417.08692835457623, 833990.665596675127745 ], [ 448422.214728598482907, 834005.023397358134389 ], [ 448424.778628719970584, 834026.560198379680514 ], [ 448430.932029012590647, 834056.814299816265702 ], [ 448437.08532930444926, 834088.093901302665472 ], [ 448447.853729816153646, 834120.91190286166966 ], [ 448470.416130888275802, 834148.602104177698493 ], [ 448486.312331642955542, 834176.805005516856909 ], [ 448487.337931691668928, 834178.343405589461327 ] ] } },
{ "type": "Feature", "properties": { "OBJECTID": 187, "Name": null, "ClassID": 0, "Surface": "DIRT", "Width": 3.0, "Shape_Leng": 347.73240751499998 }, "geometry": { "type": "LineString", "coordinates": [ [ 448410.420728038065135, 833985.53779643215239 ], [ 448437.08532930444926, 833967.077595554292202 ], [ 448455.032730157487094, 833952.206994848325849 ], [ 448467.852230765856802, 833938.874694215133786 ], [ 448484.261231545358896, 833924.004093509167433 ], [ 448515.540833031758666, 833909.133392803370953 ], [ 448551.435534736141562, 833905.031192608177662 ], [ 448575.53623588103801, 833910.158992851153016 ], [ 448607.841437415219843, 833912.210092948749661 ], [ 448638.608238876797259, 833926.567993631586432 ], [ 448661.170639947988093, 833932.208493899554014 ], [ 448680.656340873800218, 833934.259693996980786 ], [ 448702.193141897208989, 833938.874694215133786 ], [ 448726.293843041174114, 833944.515294482931495 ] ] } },
{ "type": "Feature", "properties": { "OBJECTID": 188, "Name": null, "ClassID": 0, "Surface": "DIRT", "Width": 3.0, "Shape_Leng": 388.47291048 }, "geometry": { "type": "LineString", "coordinates": [ [ 448094.547713034786284, 833861.444790538400412 ], [ 448102.752213425002992, 833888.622191827744246 ], [ 448095.573213083669543, 833920.927393363788724 ], [ 448083.779312524013221, 833939.387494239956141 ], [ 448075.574812133796513, 833966.052095506340265 ], [ 448051.98691101372242, 833988.101696552708745 ], [ 448036.09071025904268, 834005.536197381094098 ], [ 448021.220009552314878, 834015.791797868907452 ], [ 448007.374908894300461, 834040.918099062517285 ], [ 448002.759908675216138, 834066.044400256127119 ], [ 447993.529808237217367, 834091.683401472866535 ], [ 447975.069707360118628, 834113.220202496275306 ], [ 447954.045706361532211, 834134.757003519684076 ], [ 447937.123905558139086, 834156.293804543092847 ], [ 447921.227704802528024, 834167.06220505386591 ], [ 447905.331504047848284, 834172.190005296841264 ] ] } },
{ "type": "Feature", "properties": { "OBJECTID": 190, "Name": null, "ClassID": 0, "Surface": "DIRT", "Width": 4.0, "Shape_Leng": 1823.5762868300001 }, "geometry": { "type": "LineString", "coordinates": [ [ 448178.643817029893398, 833356.86836657114327 ], [ 448167.875416518189013, 833360.457766741514206 ], [ 448153.517515836283565, 833355.329966498538852 ], [ 448142.236315300688148, 833345.587166035547853 ], [ 448129.416814691387117, 833338.920965719968081 ], [ 448115.058914009481668, 833338.408165695145726 ], [ 448103.265013448894024, 833339.43376574292779 ], [ 448080.189812352880836, 833347.638266133144498 ], [ 448056.601911232806742, 833351.740566328167915 ], [ 448035.065110210329294, 833352.253266353160143 ], [ 448007.887708919122815, 833352.766066376119852 ], [ 447980.710307627916336, 833352.766066376119852 ], [ 447960.711906678043306, 833349.176566205918789 ], [ 447940.200605704449117, 833347.638266133144498 ], [ 447918.151004657149315, 833344.048765962943435 ], [ 447886.871403170749545, 833339.43376574292779 ], [ 447861.232401953078806, 833340.972165817394853 ], [ 447837.644400833174586, 833346.099966060370207 ], [ 447813.030999664217234, 833349.176566205918789 ], [ 447779.18739805649966, 833352.253266353160143 ], [ 447755.599496936425567, 833354.304466450586915 ], [ 447731.498795791529119, 833356.86836657114327 ], [ 447704.32139450032264, 833363.53446688875556 ], [ 447678.16959325876087, 833364.560066936537623 ], [ 447656.632792235352099, 833369.687867179512978 ], [ 447641.762091528624296, 833375.328467449173331 ], [ 447621.763690578751266, 833377.892367569729686 ], [ 447605.867489824071527, 833377.892367569729686 ], [ 447573.562288289889693, 833371.738967277109623 ], [ 447547.410387047566473, 833366.098367009311914 ], [ 447522.284185853786767, 833354.304466450586915 ], [ 447500.747384831309319, 833343.023265913128853 ], [ 447487.415084198117256, 833333.280365450307727 ], [ 447472.544383491389453, 833330.716465329751372 ], [ 447457.6737827854231, 833330.716465329751372 ], [ 447440.751981982029974, 833326.614265134558082 ], [ 447424.855781226418912, 833318.922564769163728 ], [ 447411.52348059322685, 833310.20526435598731 ], [ 447397.678379936143756, 833298.924063818529248 ], [ 447383.833279278129339, 833288.66846333257854 ], [ 447367.9370785234496, 833276.361762747168541 ], [ 447341.785277280956507, 833255.850461773574352 ], [ 447321.274076306261122, 833237.390360897406936 ], [ 447297.173375162295997, 833222.006960166618228 ], [ 447264.35537360329181, 833208.161859508603811 ], [ 447211.02617107052356, 833205.597959386184812 ], [ 447180.77206963300705, 833197.393458995968103 ], [ 447124.366166953928769, 833187.650658534839749 ], [ 447099.752665785141289, 833186.625058485195041 ], [ 447091.548165394924581, 833207.136259458959103 ], [ 447077.703064737841487, 833238.415960945188999 ], [ 447066.934664226137102, 833262.003862066194415 ], [ 447058.730163836851716, 833284.053463112562895 ], [ 447058.730163836851716, 833303.539064038544893 ], [ 447038.731762886978686, 833306.615764183923602 ], [ 447021.809962082654238, 833317.896964721381664 ], [ 447006.42656135186553, 833358.406666643917561 ], [ 447003.862661230377853, 833380.96906771697104 ], [ 446991.043160622008145, 833404.044168813154101 ], [ 446978.736360036768019, 833447.117770858108997 ], [ 446963.865759330801666, 833483.525172587484121 ], [ 446950.020658672787249, 833520.958274364471436 ], [ 446934.637257941998541, 833547.110075607895851 ], [ 446912.587656894698739, 833587.619777532294393 ], [ 446894.127556018531322, 833613.771578773856163 ], [ 446870.53955489769578, 833643.512880185618997 ], [ 446847.977253826335073, 833672.228581549599767 ], [ 446836.183253265917301, 833684.022582110017538 ], [ 446814.646452243439853, 833684.535382134839892 ], [ 446795.160751317627728, 833690.175982402637601 ], [ 446772.598450246267021, 833702.4826829880476 ], [ 446748.497749101370573, 833723.506683986634016 ] ] } },
{ "type": "Feature", "properties": { "OBJECTID": 191, "Name": null, "ClassID": 0, "Surface": "DIRT", "Width": 5.0, "Shape_Leng": 579.81274923399997 }, "geometry": { "type": "LineString", "coordinates": [ [ 448411.446328086778522, 833002.023949718102813 ], [ 448395.550127332098782, 832990.229949157685041 ], [ 448392.473427185788751, 832966.129248011857271 ], [ 448394.524527283385396, 832950.233047258108854 ], [ 448400.165127551183105, 832932.285746404901147 ], [ 448387.858426966704428, 832909.210545308887959 ], [ 448371.449426187202334, 832897.416644748300314 ], [ 448352.989325310103595, 832889.724844383075833 ], [ 448327.35022409260273, 832891.776044480502605 ], [ 448302.224022899754345, 832897.929344773292542 ], [ 448284.789422071538866, 832900.493244895711541 ], [ 448270.944321413524449, 832899.467744845896959 ], [ 448252.48422053642571, 832891.776044480502605 ], [ 448232.998519611544907, 832877.930943822488189 ], [ 448214.538418734446168, 832868.700843384489417 ], [ 448195.565517833456397, 832859.470842946320772 ], [ 448182.233217200264335, 832855.881342776119709 ], [ 448168.388116542249918, 832855.881342776119709 ], [ 448148.902515617199242, 832862.547543091699481 ], [ 448136.595715031959116, 832862.547543091699481 ], [ 448122.750614374876022, 832851.779142580926418 ], [ 448110.956713814288378, 832838.446841947734356 ], [ 448098.649913229979575, 832819.473941046744585 ], [ 448096.086013108491898, 832794.347639853134751 ], [ 448086.343212645500898, 832772.810838829725981 ], [ 448077.625912231393158, 832756.914638075977564 ], [ 448062.242511500604451, 832747.171837612986565 ], [ 448040.705710478127003, 832741.018437320366502 ], [ 448007.374908894300461, 832720.507136346772313 ], [ 448007.374908894300461, 832719.994436321780086 ] ] } },
{ "type": "Feature", "properties": { "OBJECTID": 192, "Name": null, "ClassID": 0, "Surface": "DIRT", "Width": 5.0, "Shape_Leng": 1055.96529166 }, "geometry": { "type": "LineString", "coordinates": [ [ 447501.772884880192578, 832178.497710602357984 ], [ 447520.745785781182349, 832178.497710602357984 ], [ 447542.282586803659797, 832174.395510407164693 ], [ 447562.793887778185308, 832167.729310089722276 ], [ 447590.996789118275046, 832156.448109554126859 ], [ 447613.046390165574849, 832146.19250906817615 ], [ 447628.429790895432234, 832144.654208993539214 ], [ 447640.223791455850005, 832154.909809481352568 ], [ 447656.632792235352099, 832171.831610284745693 ], [ 447677.143993210047483, 832189.778911137953401 ], [ 447693.040193964727223, 832203.111211771145463 ], [ 447708.936394719406962, 832213.879612281918526 ], [ 447723.294295401312411, 832214.905212331563234 ], [ 447740.728896229527891, 832201.060111673548818 ], [ 447751.497296741232276, 832187.215011015534401 ], [ 447769.957397618331015, 832171.831610284745693 ], [ 447813.543699688278139, 832148.243609165772796 ], [ 447855.079001661390066, 832127.732408190146089 ], [ 447915.587104534730315, 832100.55500689893961 ], [ 447937.636705582030118, 832089.786606388166547 ], [ 447960.711906678043306, 832083.120506072416902 ], [ 447981.735907676629722, 832085.171606170013547 ], [ 447994.555408285930753, 832098.503906803205609 ], [ 448016.092209308408201, 832111.836207436397672 ], [ 448035.065110210329294, 832117.47680770419538 ], [ 448049.423010892234743, 832112.861807484179735 ], [ 448065.832011671736836, 832113.374507509171963 ], [ 448084.804812572896481, 832107.734007241204381 ], [ 448101.726613376289606, 832096.965606728568673 ], [ 448115.058914009481668, 832085.171606170013547 ], [ 448140.698015226982534, 832055.430304756388068 ], [ 448153.517515836283565, 832035.431803805753589 ], [ 448195.565517833456397, 832000.050002126023173 ], [ 448216.589518832042813, 831976.974801030009985 ], [ 448248.382020342163742, 831952.87409988604486 ], [ 448281.712721925228834, 831936.977899130433798 ], [ 448310.428423289209604, 831928.77339874021709 ], [ 448332.478024336509407, 831920.056098327040672 ], [ 448343.246424848213792, 831908.262197766453028 ], [ 448353.502025335095823, 831900.05769737623632 ], [ 448381.192226650193334, 831894.929897133260965 ], [ 448398.114027453586459, 831898.006597278639674 ] ] } },
{ "type": "Feature", "properties": { "OBJECTID": 193, "Name": null, "ClassID": 0, "Surface": "DIRT", "Width": 6.0, "Shape_Leng": 599.67339034099996 }, "geometry": { "type": "LineString", "coordinates": [ [ 446864.898954629898071, 831656.486685806885362 ], [ 446855.156154166907072, 831668.280686367303133 ], [ 446846.951653777621686, 831690.843087440356612 ], [ 446852.079454021528363, 831710.328688364475965 ], [ 446850.028353923931718, 831718.020488729700446 ], [ 446836.696053290739655, 831720.071588827297091 ], [ 446824.902052730321884, 831716.482088657096028 ], [ 446813.10815216973424, 831698.534787805750966 ], [ 446802.339751658961177, 831672.38298656232655 ], [ 446790.545751098543406, 831650.333385515958071 ], [ 446776.187950416468084, 831624.694284297525883 ], [ 446764.906749880872667, 831603.157483274117112 ], [ 446748.497749101370573, 831591.876382738351822 ], [ 446715.679747542366385, 831581.620682252570987 ], [ 446697.732446690090001, 831575.980081984773278 ], [ 446673.631745545193553, 831573.928981887176633 ], [ 446651.582144497893751, 831576.492882007732987 ], [ 446632.60924359690398, 831584.184582373127341 ], [ 446614.661942744627595, 831593.414682811126113 ], [ 446593.637841746211052, 831601.106383176520467 ], [ 446577.228940966539085, 831609.310883566737175 ], [ 446562.871040284633636, 831614.438683809712529 ], [ 446548.513139602728188, 831612.900383736938238 ], [ 446530.565838750451803, 831608.285283518955112 ], [ 446494.158337021246552, 831591.876382738351822 ], [ 446473.647136046551168, 831570.339581716805696 ], [ 446447.495334804058075, 831547.264380620792508 ], [ 446436.726934293285012, 831531.368179865181446 ], [ 446436.726934293285012, 831526.240379622206092 ] ] } },
{ "type": "Feature", "properties": { "OBJECTID": 194, "Name": null, "ClassID": 0, "Surface": "DIRT", "Width": 6.0, "Shape_Leng": 2490.48302934 }, "geometry": { "type": "LineString", "coordinates": [ [ 446766.445049953646958, 831417.018074434250593 ], [ 446764.393949856050313, 831428.299174970015883 ], [ 446753.62554934527725, 831435.990975335240364 ], [ 446742.34434880875051, 831446.246575821191072 ], [ 446727.473748102784157, 831452.912676138803363 ], [ 446707.475247153081, 831462.142776576802135 ], [ 446684.400146056897938, 831468.296176869422197 ], [ 446667.478345253504813, 831470.347276967018843 ], [ 446646.454344254918396, 831471.372777014970779 ], [ 446629.019743426702917, 831473.936677137389779 ], [ 446610.559642549604177, 831484.192377625033259 ], [ 446599.791242037899792, 831490.858477940782905 ], [ 446582.356741210445762, 831504.703578598797321 ], [ 446566.973240478895605, 831515.984779134392738 ], [ 446553.640939845703542, 831522.138079427182674 ], [ 446536.719239042140543, 831525.214779572561383 ], [ 446517.746338141150773, 831524.702079547569156 ], [ 446498.260637215338647, 831527.778679694980383 ], [ 446484.415536558255553, 831532.39377991296351 ], [ 446469.544935851357877, 831534.957680035382509 ], [ 446455.187035169452429, 831532.906479937955737 ], [ 446443.905834633857012, 831527.778679694980383 ], [ 446436.726934293285012, 831526.240379622206092 ], [ 446413.139033172279596, 831524.189279524609447 ], [ 446399.806732539087534, 831519.574179304763675 ], [ 446383.39773175958544, 831511.369678914546967 ], [ 446369.039831077679992, 831500.088578378781676 ], [ 446347.503030055202544, 831480.602877452969551 ], [ 446333.657929397188127, 831466.75777679681778 ], [ 446317.248928617686033, 831453.938276186585426 ], [ 446298.276027716696262, 831443.682675700634718 ], [ 446271.098626426421106, 831439.067575480788946 ], [ 446246.485225256532431, 831442.144275626167655 ], [ 446229.563424453139305, 831450.348776016384363 ], [ 446204.437123259529471, 831465.732176747173071 ], [ 446187.002622432075441, 831472.911177087575197 ], [ 446164.440221359953284, 831477.013377282768488 ], [ 446136.237320020794868, 831477.013377282768488 ], [ 446101.368218364194036, 831479.06457738019526 ], [ 446067.524616756476462, 831480.602877452969551 ], [ 446034.193915173411369, 831482.141177527606487 ], [ 446013.169814174994826, 831486.24347772076726 ], [ 445992.658613201230764, 831492.90957803837955 ], [ 445979.326312568038702, 831502.139678476378322 ], [ 445964.968411885201931, 831513.933679036796093 ], [ 445955.738411447033286, 831529.317079767584801 ], [ 445948.559511106461287, 831544.187680473551154 ], [ 445944.457210911437869, 831562.647781349718571 ], [ 445941.380510765127838, 831594.440282860770822 ], [ 445937.27831057086587, 831619.053684029728174 ], [ 445930.099310229532421, 831635.9754848331213 ], [ 445921.894809839315712, 831659.563385954126716 ], [ 445913.690409449860454, 831686.22798722051084 ], [ 445901.896408889442682, 831707.252088218927383 ], [ 445884.974608086049557, 831727.250489169731736 ], [ 445862.925007038749754, 831736.480589607730508 ], [ 445838.824305893853307, 831740.582789802923799 ], [ 445810.108604529872537, 831745.197790021076798 ], [ 445780.880103142000735, 831748.787290191277862 ], [ 445758.830502094700933, 831747.761790143325925 ], [ 445733.704300900921226, 831738.018889680504799 ], [ 445720.371900267899036, 831727.763289192691445 ], [ 445707.552399658598006, 831715.456588609144092 ], [ 445694.732899050228298, 831696.996387731283903 ], [ 445687.553998708724976, 831682.12578702531755 ], [ 445678.323898270726204, 831661.101786026731133 ], [ 445667.042697735130787, 831644.179985223338008 ], [ 445657.299897272139788, 831625.719884347170591 ], [ 445643.454796614125371, 831610.849183639511466 ], [ 445623.456395664252341, 831598.029683031141758 ], [ 445608.585694958455861, 831587.261282520368695 ], [ 445598.33009447157383, 831574.954581934958696 ], [ 445587.561693959869444, 831558.032781131565571 ], [ 445580.382793618366122, 831537.008780132979155 ], [ 445571.665493205189705, 831518.548679256811738 ], [ 445564.486492863856256, 831502.652478501200676 ], [ 445552.692592303268611, 831485.73067769780755 ], [ 445535.770791499875486, 831474.962277185171843 ], [ 445513.721190452575684, 831469.321676917374134 ], [ 445475.262688625603914, 831468.808876894414425 ], [ 445444.495787164196372, 831469.321676917374134 ], [ 445426.548486311919987, 831469.834476942196488 ], [ 445389.628284558653831, 831488.294577818363905 ], [ 445364.501983365043998, 831499.062978330999613 ], [ 445341.426882268860936, 831502.139678476378322 ], [ 445320.402781270444393, 831500.601378403604031 ], [ 445297.840480199083686, 831499.062978330999613 ], [ 445272.201378980651498, 831497.524678258225322 ], [ 445248.100677836686373, 831495.47347816079855 ], [ 445220.923276545479894, 831494.960778135806322 ], [ 445200.412075570784509, 831496.499078208580613 ], [ 445181.951974694617093, 831501.626878451555967 ], [ 445168.61967406142503, 831509.318578816950321 ], [ 445151.18507323320955, 831520.599779352545738 ], [ 445134.263372429646552, 831533.419279962778091 ], [ 445112.726571406237781, 831545.726080546155572 ], [ 445061.961268994957209, 831580.595182202756405 ], [ 445031.707167558372021, 831601.106383176520467 ], [ 445004.529766267165542, 831620.079284079372883 ], [ 444973.762864805757999, 831639.564985003322363 ], [ 444919.920862248167396, 831672.38298656232655 ], [ 444881.975160446017981, 831693.406987560912967 ], [ 444848.131558838300407, 831718.020488729700446 ], [ 444810.185757036320865, 831743.146689923480153 ], [ 444778.906155550852418, 831765.196290971711278 ], [ 444747.626554065383971, 831786.733091993257403 ] ] } },
{ "type": "Feature", "properties": { "OBJECTID": 195, "Name": null, "ClassID": 0, "Surface": "DIRT", "Width": 6.0, "Shape_Leng": 890.05809345099999 }, "geometry": { "type": "LineString", "coordinates": [ [ 446455.187035169452429, 831554.443280961364508 ], [ 446420.317933513782918, 831553.417780911549926 ], [ 446397.242832417599857, 831558.032781131565571 ], [ 446371.090931175276637, 831561.622281301766634 ], [ 446338.785729641094804, 831565.21168147213757 ], [ 446315.710628544911742, 831572.390681812539697 ], [ 446287.507627204991877, 831579.569582154974341 ], [ 446255.202425670810044, 831592.389082763344049 ], [ 446232.640124599449337, 831600.593583153560758 ], [ 446215.205523771233857, 831609.823683591559529 ], [ 446202.89882318675518, 831628.283784467726946 ], [ 446194.18152277264744, 831647.769485393539071 ], [ 446179.310922066681087, 831666.742386294528842 ], [ 446170.593621652573347, 831684.176887122914195 ], [ 446147.005720531567931, 831699.047587828710675 ], [ 446116.238819070160389, 831706.739288194105029 ], [ 446089.061417779885232, 831715.969288632273674 ], [ 446063.422416562214494, 831724.173789022490382 ], [ 446039.834515441209078, 831730.327189315110445 ], [ 446013.682614199817181, 831733.403889460489154 ], [ 445998.299213469028473, 831743.659489948302507 ], [ 445986.505212908610702, 831756.478990556672215 ], [ 445970.609012153930962, 831775.964691482484341 ], [ 445934.201610424555838, 831825.191693820059299 ], [ 445916.767009596340358, 831844.16459472104907 ], [ 445895.230208572931588, 831872.367496062070131 ], [ 445880.359607866965234, 831894.417097108438611 ], [ 445869.078407331369817, 831906.211097668856382 ], [ 445854.207806624472141, 831923.132798472419381 ], [ 445848.567206356674433, 831930.311798812821507 ], [ 445839.337105918675661, 831938.003499178215861 ], [ 445824.979305236600339, 831952.361299861222506 ], [ 445815.236404773779213, 831958.514700153842568 ], [ 445787.033503434620798, 831961.591400299221277 ], [ 445764.471102362498641, 831965.18090046942234 ], [ 445751.65160175319761, 831970.821400737389922 ], [ 445738.319301120005548, 831986.717701492831111 ] ] } },
{ "type": "Feature", "properties": { "OBJECTID": 196, "Name": null, "ClassID": 0, "Surface": "DIRT", "Width": 4.0, "Shape_Leng": 641.52321670399999 }, "geometry": { "type": "LineString", "coordinates": [ [ 445868.565607306547463, 831907.749397741630673 ], [ 445880.359607866965234, 831937.490699155256152 ], [ 445892.153608427383006, 831974.92370093241334 ], [ 445908.56250920612365, 832016.459002904593945 ], [ 445915.228709523566067, 832037.483003903180361 ], [ 445919.84370974265039, 832061.070905024185777 ], [ 445927.022710083052516, 832080.043805925175548 ], [ 445944.457210911437869, 832093.37610655836761 ], [ 445967.019611982628703, 832107.221207216382027 ], [ 445969.070712080225348, 832128.245208214968443 ], [ 445973.685712299309671, 832154.397009456530213 ], [ 445974.711312348023057, 832182.600010797381401 ], [ 445972.660212251357734, 832197.470611503347754 ], [ 445978.813512543216348, 832215.417912354692817 ], [ 445987.018012932501733, 832235.416413305327296 ], [ 445990.607513103634119, 832250.799814036116004 ], [ 445987.018012932501733, 832260.54271449893713 ], [ 445991.633113152347505, 832276.438915254548192 ], [ 446001.888713639229536, 832291.8223159853369 ], [ 446017.784914393909276, 832305.154616618528962 ], [ 446031.630015051923692, 832310.282416861504316 ], [ 446044.962315685115755, 832313.359117006883025 ], [ 446056.756216245703399, 832316.435817154124379 ], [ 446062.909616537392139, 832322.589217446744442 ], [ 446065.986316683702171, 832351.817718833684921 ], [ 446063.422416562214494, 832370.790619734674692 ], [ 446069.575816853903234, 832392.327420758083463 ], [ 446076.754717195406556, 832413.351421756669879 ], [ 446077.780217244289815, 832425.145322317257524 ], [ 446073.678017049096525, 832433.862622730433941 ], [ 446072.139716976322234, 832446.682123340666294 ], [ 446070.601316902786493, 832465.655024241656065 ], [ 446069.575816853903234, 832466.680624289438128 ] ] } },
{ "type": "Feature", "properties": { "OBJECTID": 197, "Name": null, "ClassID": 0, "Surface": "DIRT", "Width": 6.0, "Shape_Leng": 2150.3082293500001 }, "geometry": { "type": "LineString", "coordinates": [ [ 446239.306224916130304, 831445.220975773409009 ], [ 446242.382925062440336, 831427.273674920201302 ], [ 446248.536325354129076, 831404.198473824188113 ], [ 446258.79192584194243, 831392.404573263600469 ], [ 446274.175326571799815, 831387.276773020625114 ], [ 446291.609927400015295, 831386.76397299580276 ], [ 446309.557228252291679, 831382.661672802641988 ], [ 446323.91512893512845, 831375.995572485029697 ], [ 446345.451929957605898, 831364.201571924611926 ], [ 446357.758630542084575, 831355.997071534395218 ], [ 446375.706031394191086, 831347.792571146041155 ], [ 446397.755532441660762, 831334.973070535808802 ], [ 446407.498432904481888, 831326.255770122632384 ], [ 446409.036732978187501, 831315.487369611859322 ], [ 446408.011232929304242, 831299.59116885624826 ], [ 446409.549533002078533, 831280.618267955258489 ], [ 446417.754033391363919, 831266.773267297074199 ], [ 446430.573534000664949, 831257.543166859075427 ], [ 446447.495334804058075, 831253.44086666405201 ], [ 446468.006535778753459, 831250.87696654163301 ], [ 446486.466636655852199, 831248.313066421076655 ], [ 446502.87563743442297, 831247.800366396084428 ], [ 446515.695138043724, 831241.646966103464365 ], [ 446528.001938628032804, 831226.776265397667885 ], [ 446540.30863921251148, 831209.854564594104886 ], [ 446553.640939845703542, 831187.292163522914052 ], [ 446564.922140382230282, 831157.550862109288573 ], [ 446574.665040845051408, 831133.962960988283157 ], [ 446581.331141161732376, 831111.400559917092323 ], [ 446588.510041502304375, 831086.787158748134971 ], [ 446590.048441574908793, 831067.8142578471452 ], [ 446591.073941623792052, 831033.457856215536594 ], [ 446588.510041502304375, 831012.433855216950178 ], [ 446587.484541453421116, 830988.845954095944762 ], [ 446584.920641331933439, 830965.770852999761701 ], [ 446584.407841307111084, 830922.697250954806805 ], [ 446578.254441015422344, 830896.545349711552262 ], [ 446568.511640552431345, 830875.008548690006137 ], [ 446559.794340138323605, 830853.471747666597366 ], [ 446555.179339919239283, 830837.575546910986304 ], [ 446556.204839968122542, 830812.962045742198825 ], [ 446559.794340138323605, 830793.989244841039181 ], [ 446560.307140163145959, 830776.554644012823701 ], [ 446558.768740089610219, 830756.556143064051867 ], [ 446555.179339919239283, 830739.634442260488868 ], [ 446551.589839749038219, 830719.635941309854388 ], [ 446545.436439456418157, 830691.433039970695972 ], [ 446542.359839309938252, 830675.53683921508491 ], [ 446541.84703928604722, 830662.204538581892848 ], [ 446548.000339577905834, 830647.846637899056077 ], [ 446555.179339919239283, 830636.56543736346066 ], [ 446565.434940406121314, 830613.490336267277598 ], [ 446577.74164099059999, 830586.825735000893474 ], [ 446585.433441355824471, 830574.006134392693639 ], [ 446594.663441794924438, 830557.597133614122868 ], [ 446603.380742209032178, 830539.137032736092806 ], [ 446619.789742987602949, 830534.009232493117452 ], [ 446635.685943743214011, 830528.881432250142097 ], [ 446637.224243815988302, 830515.549131616950035 ], [ 446642.352044059894979, 830486.833430252969265 ], [ 446644.915944181382656, 830460.681629009544849 ], [ 446645.941544230096042, 830443.759828206151724 ], [ 446646.967144278809428, 830432.478627670556307 ], [ 446651.069344474002719, 830420.171927085146308 ], [ 446654.146044619381428, 830406.839626451954246 ], [ 446651.069344474002719, 830397.09672598913312 ], [ 446650.556544449180365, 830376.585525015369058 ], [ 446653.633244595490396, 830360.176524236798286 ], [ 446661.32494496088475, 830349.408123724162579 ], [ 446671.067845423705876, 830340.178023286163807 ], [ 446685.425646105781198, 830334.024722993373871 ], [ 446695.168546568602324, 830325.307422580197453 ], [ 446700.296346811577678, 830316.077322142198682 ], [ 446701.834646885283291, 830305.308921629562974 ], [ 446700.296346811577678, 830289.412720875814557 ], [ 446701.321846860460937, 830276.593220265582204 ], [ 446700.809146836400032, 830265.824819754809141 ], [ 446698.75794673897326, 830247.877518901601434 ], [ 446699.783546787686646, 830231.981318147853017 ], [ 446704.911347030662, 830216.085117392241955 ], [ 446718.756447688676417, 830202.240016734227538 ], [ 446733.114348370581865, 830193.009916296228766 ], [ 446737.729348589666188, 830179.677615663036704 ], [ 446741.318748760037124, 830155.064114494249225 ], [ 446744.90824893116951, 830124.297313032671809 ], [ 446739.780448687262833, 830107.888312254101038 ], [ 446733.114348370581865, 830095.581511668860912 ], [ 446716.705347591079772, 830089.941011400893331 ], [ 446692.604646446183324, 830086.351511230692267 ], [ 446670.04224537499249, 830083.787611108273268 ], [ 446649.531044400297105, 830078.659810865297914 ], [ 446634.147543669678271, 830071.480810524895787 ], [ 446615.687442793510854, 830061.738010061904788 ], [ 446597.227341916412115, 830053.53350967168808 ], [ 446574.665040845051408, 830045.841809306293726 ], [ 446553.128239821642637, 830043.277909183874726 ], [ 446519.797438238747418, 830047.892909403890371 ], [ 446505.952337580733001, 830059.686909964308143 ], [ 446492.107236923649907, 830073.532010622322559 ], [ 446476.723836192861199, 830085.325911181047559 ], [ 446458.776535340584815, 830097.11991174146533 ], [ 446440.316434463486075, 830108.913812302052975 ], [ 446423.39463366009295, 830117.118312692269683 ], [ 446405.96003283187747, 830125.322813080623746 ], [ 446385.448831857182086, 830134.040113495662808 ], [ 446366.475930956192315, 830141.731813861057162 ], [ 446349.041330127976835, 830144.295713981613517 ], [ 446332.632429348304868, 830144.808514006435871 ], [ 446317.248928617686033, 830145.83411405608058 ], [ 446303.403827960602939, 830146.346914079040289 ], [ 446287.507627204991877, 830137.116813641041517 ], [ 446280.841526889242232, 830127.886713203042746 ], [ 446276.226526669226587, 830117.118312692269683 ] ] } },
{ "type": "Feature", "properties": { "OBJECTID": 199, "Name": null, "ClassID": 0, "Surface": "DIRT", "Width": 6.0, "Shape_Leng": 1079.5764454 }, "geometry": { "type": "LineString", "coordinates": [ [ 446317.761728642508388, 830145.321314031258225 ], [ 446304.429428009316325, 830129.425113275647163 ], [ 446292.635427448898554, 830106.349912179633975 ], [ 446279.815926840528846, 830080.198110938072205 ], [ 446270.073126377537847, 830074.044710645452142 ], [ 446249.561925402842462, 830066.353010280057788 ], [ 446224.948424234054983, 830054.046309696510434 ], [ 446211.103323576040566, 830048.405709428712726 ], [ 446204.437123259529471, 830042.252309136092663 ], [ 446198.796522991731763, 830032.509508673101664 ], [ 446196.232622870244086, 830019.177208039909601 ], [ 446182.387622212059796, 830000.20430713891983 ], [ 446171.106421676464379, 829988.923106603324413 ], [ 446158.799621092155576, 829980.205806188285351 ], [ 446142.903420337475836, 829977.641906067728996 ], [ 446128.03281963057816, 829981.744206260889769 ], [ 446109.059918729588389, 829984.308106383308768 ], [ 446089.061417779885232, 829981.231406237930059 ], [ 446071.626916951499879, 829977.641906067728996 ], [ 446056.243416220881045, 829978.154706090688705 ], [ 446040.347215466201305, 829980.718606213107705 ], [ 446027.527714856900275, 829983.282506335526705 ], [ 446008.554813955910504, 829989.948706651106477 ], [ 445995.735313346609473, 829988.923106603324413 ], [ 445986.505212908610702, 829984.820906408131123 ], [ 445977.275212470442057, 829970.975805750116706 ], [ 445971.634612202644348, 829952.515704873949289 ], [ 445961.379011714830995, 829937.645004166290164 ], [ 445959.840611642226577, 829928.415003728121519 ], [ 445961.891811739653349, 829908.929302802309394 ], [ 445964.455711861141026, 829899.18650234118104 ], [ 445963.942911837249994, 829885.854201707988977 ], [ 445963.942911837249994, 829879.18800139054656 ], [ 445973.685712299309671, 829864.830100707709789 ], [ 445990.607513103634119, 829848.421099929139018 ], [ 446002.914213688112795, 829832.012199150398374 ], [ 446018.810414442792535, 829815.603198369964957 ], [ 446032.142715075984597, 829799.70699761621654 ], [ 446042.911115587688982, 829786.374696983024478 ], [ 446042.911115587688982, 829777.144596543163061 ], [ 446048.039015831425786, 829763.29949588701129 ], [ 446054.705116148106754, 829750.479995276778936 ], [ 446063.422416562214494, 829734.583794523030519 ], [ 446066.499116708524525, 829720.738693865016103 ], [ 446062.396816513501108, 829708.431993279606104 ], [ 446058.807416343130171, 829695.099692646414042 ], [ 446057.269016269594431, 829678.69069186784327 ], [ 446050.090115929022431, 829653.564390674233437 ], [ 446039.321715417318046, 829639.71929001621902 ], [ 446023.938214686699212, 829636.642589870840311 ], [ 446002.914213688112795, 829639.206489991396666 ], [ 445984.454112811014056, 829636.129789846017957 ], [ 445970.609012153930962, 829623.823089260607958 ], [ 445964.968411885201931, 829609.977988604456186 ], [ 445958.815111593343318, 829595.620187921449542 ], [ 445953.687311349436641, 829583.826187361031771 ], [ 445944.970010935328901, 829574.083386898040771 ], [ 445928.048210131935775, 829574.083386898040771 ], [ 445917.792609645053744, 829570.493886727839708 ], [ 445903.434708963148296, 829566.391586532816291 ], [ 445888.56410825625062, 829556.135986046865582 ], [ 445877.795707745477557, 829547.931485656648874 ], [ 445866.001707185059786, 829540.752585316076875 ], [ 445858.822806843556464, 829532.035284901037812 ], [ 445844.464906161651015, 829525.369184585288167 ], [ 445829.594305455684662, 829519.215784292668104 ], [ 445822.415305114351213, 829515.113484097644687 ] ] } },
{ "type": "Feature", "properties": { "OBJECTID": 200, "Name": null, "ClassID": 0, "Surface": "DIRT", "Width": 5.0, "Shape_Leng": 383.40788474800001 }, "geometry": { "type": "LineString", "coordinates": [ [ 445722.935900390148163, 831728.788889242336154 ], [ 445714.731399999931455, 831745.197790021076798 ], [ 445706.526899610646069, 831768.272991117089987 ], [ 445698.835099245421588, 831783.14359182305634 ], [ 445687.553998708724976, 831795.96319243311882 ], [ 445679.34949831943959, 831803.654892798513174 ], [ 445680.887798392213881, 831819.038293529301882 ], [ 445693.194598977454007, 831828.781093990430236 ], [ 445715.24410002399236, 831834.42169426009059 ], [ 445736.78090104740113, 831838.011194430291653 ], [ 445742.934301340021193, 831847.241194868460298 ], [ 445746.011001485399902, 831859.547995451837778 ], [ 445745.49820146150887, 831886.212596718221903 ], [ 445743.959901388734579, 831907.236597716808319 ], [ 445739.344801168888807, 831919.03059827722609 ], [ 445730.627600754611194, 831932.875698935240507 ], [ 445727.038100584410131, 831943.644099447876215 ], [ 445733.191500877030194, 831962.104200324043632 ], [ 445736.78090104740113, 831971.847000787034631 ], [ 445738.319301120005548, 831986.717701492831111 ], [ 445732.165900828316808, 831997.998802028596401 ], [ 445723.9614004381001, 832014.407802807167172 ], [ 445722.423100365325809, 832030.816803587600589 ], [ 445722.423100365325809, 832046.200204318389297 ] ] } },
{ "type": "Feature", "properties": { "OBJECTID": 202, "Name": null, "ClassID": 0, "Surface": "PAVED", "Width": 6.0, "Shape_Leng": 703.90367135099996 }, "geometry": { "type": "LineString", "coordinates": [ [ 446047.526215806603432, 831481.115677477791905 ], [ 446036.757815295830369, 831467.270576819777489 ], [ 446019.323214467614889, 831449.323275968432426 ], [ 446002.40151366405189, 831437.529275408014655 ], [ 445980.86471264064312, 831425.222574822604656 ], [ 445956.25121147185564, 831410.351874116808176 ], [ 445936.252710522152483, 831402.147373726591468 ], [ 445911.12640932854265, 831397.019573483616114 ], [ 445881.38520791567862, 831395.481273410841823 ], [ 445849.080006381496787, 831397.532373508438468 ], [ 445824.466505211777985, 831400.609073653817177 ], [ 445802.416904164478183, 831403.685773801058531 ], [ 445780.36730311717838, 831407.787973994389176 ], [ 445753.189901826903224, 831413.428574262186885 ], [ 445698.322399220429361, 831426.248074872419238 ], [ 445673.196098026819527, 831426.248074872419238 ], [ 445646.018696736544371, 831420.60747460462153 ], [ 445621.405195566825569, 831410.351874116808176 ], [ 445587.04889393504709, 831398.557873556390405 ], [ 445551.154192230664194, 831388.815073093399405 ], [ 445518.336290671490133, 831380.610572705045342 ], [ 445499.363389770500362, 831378.046672582626343 ], [ 445487.569389210082591, 831386.251172972843051 ], [ 445476.800988699309528, 831403.172973776236176 ], [ 445460.391987919807434, 831425.735274847596884 ], [ 445451.674687505699694, 831440.605975553393364 ], [ 445437.829686847515404, 831457.01497633382678 ], [ 445426.548486311919987, 831469.834476942196488 ] ] } },
{ "type": "Feature", "properties": { "OBJECTID": 203, "Name": null, "ClassID": 0, "Surface": "PAVED", "Width": 6.0, "Shape_Leng": 368.42670210400001 }, "geometry": { "type": "LineString", "coordinates": [ [ 445298.353280222974718, 831500.601378403604031 ], [ 445292.712679955177009, 831525.727579597383738 ], [ 445282.456979468464851, 831549.315480716526508 ], [ 445258.356278323568404, 831557.007281083613634 ], [ 445223.999976691789925, 831563.673381399363279 ], [ 445196.822575400583446, 831568.288381619378924 ], [ 445183.490274767391384, 831570.852281739935279 ], [ 445166.055773939006031, 831584.184582373127341 ], [ 445147.08287303801626, 831598.542483055964112 ], [ 445123.494971917942166, 831609.823683591559529 ], [ 445099.906970797106624, 831618.028183981776237 ], [ 445065.037869141437113, 831627.770984442904592 ], [ 445041.449968020431697, 831634.949984785169363 ], [ 445015.810966802760959, 831639.564985003322363 ], [ 444994.786965804174542, 831634.949984785169363 ], [ 444985.044065341353416, 831631.873284637928009 ] ] } },
{ "type": "Feature", "properties": { "OBJECTID": 204, "Name": "Compact Road", "ClassID": 0, "Surface": "PAVED", "Width": 10.0, "Shape_Leng": 5282.0076776200003 }, "geometry": { "type": "LineString", "coordinates": [ [ 450501.028627336956561, 831801.603692701086402 ], [ 450457.289025259204209, 831761.890190813690424 ], [ 450415.322623265907168, 831721.396288890391588 ], [ 450379.982421587221324, 831689.737387387081981 ], [ 450364.613320857286453, 831675.622786717489362 ], [ 450320.345818755216897, 831634.518384763970971 ], [ 450287.950717216357589, 831603.595683295279741 ], [ 450203.281513194553554, 831522.607779448851943 ], [ 450169.413811585865915, 831490.948877945542336 ], [ 450135.546209977008402, 831457.817476371303201 ], [ 450099.469708263874054, 831412.169774202629924 ], [ 450072.228406970389187, 831366.521972035989165 ], [ 450054.558306130580604, 831327.500570181757212 ], [ 450037.624405326321721, 831284.06156811863184 ], [ 450000.811803577467799, 831150.799661789089441 ], [ 449991.837203151546419, 831119.092360282316804 ], [ 449977.98790249414742, 831046.987856857478619 ], [ 449963.999101829715073, 830999.131454585120082 ], [ 449929.395200185477734, 830886.484649235382676 ], [ 449914.670099486596882, 830832.738046681508422 ], [ 449903.626298962160945, 830795.9254449326545 ], [ 449879.329897807911038, 830755.431443009525537 ], [ 449858.714796829037368, 830721.563741400837898 ], [ 449834.418395674787462, 830695.058640142902732 ], [ 449811.594594590365887, 830672.234739057719707 ], [ 449790.979493611492217, 830647.938437905162573 ], [ 449776.990592947229743, 830621.433236645534635 ], [ 449766.68309245724231, 830592.719335282221437 ], [ 449763.001792282797396, 830566.950534056872129 ], [ 449766.68309245724231, 830519.830231819301844 ], [ 449774.781892841681838, 830454.303728707134724 ], [ 449780.671893121674657, 830392.458425769582391 ], [ 449789.506993541494012, 830309.997921852394938 ], [ 449793.188193716108799, 830270.97652000002563 ], [ 449793.924493751488626, 830222.383817691355944 ], [ 449792.451993681490421, 830186.307315977290273 ], [ 449790.24319357611239, 830156.120914544910192 ], [ 449788.034493471495807, 830117.099512690678239 ], [ 449790.979493611492217, 830078.814310872927308 ], [ 449800.373094057664275, 830035.929308835417032 ], [ 449820.87839503120631, 829990.288606667891145 ], [ 449853.951396602205932, 829955.892705034464598 ], [ 449877.102397701703012, 829925.465503588318825 ], [ 449905.545199053362012, 829883.132101578637958 ], [ 449920.09729974437505, 829848.07469991222024 ], [ 449932.665100340731442, 829813.678798278793693 ], [ 449935.310900466516614, 829775.975696487352252 ], [ 449933.988000404089689, 829740.256794791668653 ], [ 449933.988000404089689, 829738.933894729241729 ], [ 449930.019200215116143, 829647.652490392327309 ], [ 449924.727499963715672, 829576.876287031918764 ], [ 449921.420199806801975, 829539.834585271775723 ], [ 449920.758799775503576, 829500.808383418247104 ], [ 449917.451499618589878, 829463.105181626975536 ], [ 449914.805599492974579, 829388.360278077423573 ], [ 449910.836899304762483, 829336.10497559607029 ], [ 449910.175399272702634, 829301.709073962643743 ], [ 449907.529599146917462, 829263.344372140243649 ], [ 449896.284798612818122, 829215.057869846001267 ], [ 449884.378498047590256, 829173.385867867618799 ], [ 449871.149297419004142, 829138.989966232329607 ], [ 449854.612796633504331, 829118.484765259549022 ], [ 449826.170095282606781, 829079.45866340585053 ], [ 449803.680394214577973, 829051.677362086251378 ], [ 449786.482493397779763, 829024.557460797950625 ], [ 449773.914692800492048, 828994.130359353497624 ], [ 449762.669892266392708, 828947.828157152980566 ], [ 449761.346992203965783, 828924.01565602235496 ], [ 449759.36259210947901, 828889.619754388928413 ], [ 449756.716791983693838, 828816.859150933101773 ], [ 449755.393891921266913, 828784.447649393230677 ], [ 449750.763691700994968, 828746.082947570830584 ], [ 449743.487591356039047, 828727.562046691775322 ], [ 449733.565690884366632, 828707.718345748260617 ], [ 449711.076089816167951, 828664.723443707451224 ], [ 449688.58648874796927, 828631.650442136451602 ], [ 449651.544686988927424, 828578.733639622107148 ], [ 449625.086285731755197, 828537.061737643554807 ], [ 449590.69038409832865, 828490.098035411909223 ], [ 449559.601782621815801, 828437.84273293055594 ], [ 449535.789281490258873, 828402.123931234702468 ], [ 449513.299680422060192, 828370.37382972612977 ], [ 449494.117279510945082, 828332.009227903559804 ], [ 449476.257878663018346, 828290.337225923314691 ], [ 449451.122377469204366, 828243.373623693361878 ], [ 449434.585976683534682, 828200.37872165068984 ], [ 449418.049475898034871, 828167.305720079690218 ], [ 449402.174375143833458, 828128.279618225991726 ], [ 449393.575474735349417, 828109.758817346766591 ], [ 449378.361874013207853, 828090.576416436582804 ], [ 449358.518073070794344, 828072.717015588656068 ], [ 449342.643072316423059, 828060.810715021565557 ], [ 449316.184671060182154, 828048.243014425039291 ], [ 449271.866868955083191, 828036.998213890939951 ], [ 449232.840767101384699, 828030.383613577112556 ], [ 449203.075065687298775, 828022.446113200858235 ], [ 449173.970864305272698, 828016.492912916466594 ], [ 449139.574962670914829, 828003.925212319940329 ], [ 449113.116561414673924, 827988.050211565569043 ], [ 449092.61126044113189, 827971.513710780069232 ], [ 449072.767459497787058, 827955.638710027560592 ], [ 449045.647658210247755, 827939.763609273359179 ], [ 449023.158057142049074, 827928.518808739259839 ], [ 448978.178755005821586, 827917.935508236289024 ], [ 448949.736053654924035, 827917.274008205160499 ], [ 448916.001552051864564, 827925.873008612543344 ], [ 448889.54315079562366, 827935.133409053087234 ], [ 448857.131649255752563, 827947.7011096496135 ], [ 448826.043047779239714, 827960.930310279130936 ], [ 448804.214846742339432, 827970.852210748940706 ], [ 448778.417945517227054, 827975.482510969042778 ], [ 448751.298144228756428, 827977.466811062768102 ], [ 448719.548042721115053, 827974.821010937914252 ], [ 448700.36574180983007, 827969.529310686513782 ], [ 448665.969840176403522, 827956.961610089987516 ], [ 448628.928038417361677, 827931.826108895242214 ], [ 448601.146737097762525, 827902.721907513216138 ], [ 448579.31863606069237, 827858.404105408117175 ], [ 448565.427935400977731, 827820.700903616845608 ], [ 448557.490435023792088, 827773.737301386892796 ], [ 448558.151935054920614, 827743.310099942609668 ], [ 448558.151935054920614, 827730.742399344220757 ], [ 448559.474835118278861, 827710.237098371610045 ], [ 448571.3810356836766, 827657.320395857095718 ], [ 448581.302936154417694, 827627.554694443941116 ] ] } },
{ "type": "Feature", "properties": { "OBJECTID": 205, "Name": null, "ClassID": 0, "Surface": "GRAVEL", "Width": 8.0, "Shape_Leng": 1572.67207231 }, "geometry": { "type": "LineString", "coordinates": [ [ 449933.988000404089689, 829738.933894729241729 ], [ 449968.383902037516236, 829737.610994666814804 ], [ 449978.967202540487051, 829746.871395105496049 ], [ 449998.81100348290056, 829770.683996237814426 ], [ 450017.331904362887144, 829785.897496959194541 ], [ 450041.14440549351275, 829792.512097273021936 ], [ 450069.587206844240427, 829795.157997399568558 ], [ 450094.061208006925881, 829788.543397085741162 ], [ 450129.780009703710675, 829779.944396676495671 ], [ 450152.931110803037882, 829770.683996237814426 ], [ 450194.603112782351673, 829750.178695263341069 ], [ 450215.108313756063581, 829740.256794791668653 ], [ 450232.30631457362324, 829737.610994666814804 ], [ 450244.874015170149505, 829738.933894729241729 ], [ 450270.009516363963485, 829735.626594571396708 ], [ 450289.853317306376994, 829728.350594226270914 ], [ 450311.02001831214875, 829721.735993912443519 ], [ 450336.155419506132603, 829719.090093785896897 ], [ 450349.384620133787394, 829727.027594164013863 ], [ 450363.936720825731754, 829740.918294822797179 ], [ 450371.874221201986074, 829759.439195703715086 ], [ 450387.749321956187487, 829794.496497368440032 ], [ 450398.994122490286827, 829818.970498530194163 ], [ 450406.270122836343944, 829831.538299126550555 ], [ 450420.160823496058583, 829852.043500101193786 ], [ 450440.004624438472092, 829876.517501262947917 ], [ 450457.202525255270302, 829897.684202268719673 ], [ 450476.384926166385412, 829915.543603116646409 ], [ 450499.536027265712619, 829942.663504404947162 ], [ 450527.31732858531177, 829962.507305348291993 ], [ 450551.129829716868699, 829977.059406038373709 ], [ 450588.171531476080418, 829987.642706541344523 ], [ 450627.197733329609036, 829997.564607013016939 ], [ 450659.609234869480133, 830017.408407956361771 ], [ 450693.343636471778154, 830048.497009431943297 ], [ 450715.171837507747114, 830079.585610909387469 ], [ 450732.369738325476646, 830107.366912228986621 ], [ 450748.244839078746736, 830127.872213201597333 ], [ 450769.411540084518492, 830142.424313893541694 ], [ 450793.224041215144098, 830139.778413768857718 ], [ 450801.161541592329741, 830125.226313076913357 ], [ 450813.067842157557607, 830112.658612480387092 ], [ 450824.312642691656947, 830104.721112102270126 ], [ 450845.479343697428703, 830096.783611726015806 ], [ 450879.87524533085525, 830092.81481153704226 ], [ 450897.07324614841491, 830104.059612071141601 ], [ 450909.640946744941175, 830130.518013328313828 ], [ 450902.364946399815381, 830167.559715086594224 ], [ 450886.489845645613968, 830185.419215936213732 ], [ 450873.922145048156381, 830199.971316626295447 ], [ 450865.323144639842212, 830219.153617538511753 ], [ 450854.078344105742872, 830240.981818575412035 ], [ 450856.724144231528044, 830259.50261945463717 ], [ 450888.474245739169419, 830267.440219830721617 ], [ 450918.239947153255343, 830264.794319706037641 ], [ 450934.114947907626629, 830254.211019203066826 ], [ 450941.39104825258255, 830238.335918448865414 ], [ 450961.234849195927382, 830221.138017632067204 ], [ 450971.818149697966874, 830212.539017224684358 ], [ 450979.755650075152516, 830196.002516439184546 ], [ 450983.062950232066214, 830181.450415747240186 ], [ 450983.062950232066214, 830170.867015244439244 ], [ 450983.724450264126062, 830171.52851527556777 ] ] } },
{ "type": "Feature", "properties": { "OBJECTID": 206, "Name": null, "ClassID": 0, "Surface": "DIRT", "Width": 8.0, "Shape_Leng": 199.89511467700001 }, "geometry": { "type": "LineString", "coordinates": [ [ 449566.216382935643196, 828448.426133433356881 ], [ 449587.383083941414952, 828401.462431201711297 ], [ 449585.398683846928179, 828373.019729850813746 ], [ 449563.570582809858024, 828344.576928500086069 ], [ 449526.528781050816178, 828330.024827810004354 ], [ 449485.518279102630913, 828313.488327024504542 ] ] } },
{ "type": "Feature", "properties": { "OBJECTID": 207, "Name": null, "ClassID": 0, "Surface": "GRAVEL", "Width": 9.0, "Shape_Leng": 1755.40507235 }, "geometry": { "type": "LineString", "coordinates": [ [ 448581.302936154417694, 827627.554694443941116 ], [ 448560.797735180705786, 827624.908894317224622 ], [ 448536.323734018020332, 827616.309893909841776 ], [ 448512.5111328875646, 827611.679693689569831 ], [ 448488.037131724879146, 827614.986993847414851 ], [ 448471.500630939379334, 827629.539094537496567 ], [ 448452.9798300601542, 827645.414095291867852 ], [ 448443.719329619780183, 827659.966195983812213 ], [ 448439.08912940043956, 827683.778797114267945 ], [ 448441.073529493995011, 827702.961098024621606 ], [ 448439.08912940043956, 827732.065299408510327 ], [ 448433.136029117740691, 827764.476800946518779 ], [ 448421.89122858364135, 827792.919602297246456 ], [ 448411.969328111968935, 827827.315503932535648 ], [ 448402.047427640296519, 827857.742605376988649 ], [ 448390.141127075068653, 827881.555206507444382 ], [ 448384.188026792369783, 827904.044807575643063 ], [ 448372.943226258270442, 827917.935508236289024 ], [ 448359.052525598555803, 827933.149008959531784 ], [ 448345.161924938671291, 827947.039709618315101 ], [ 448304.812823022715747, 827995.987711943686008 ], [ 448284.307622048072517, 828011.862712698057294 ], [ 448263.140921043232083, 828025.091913325712085 ], [ 448241.312720006331801, 828036.336713859811425 ], [ 448204.271018247120082, 828057.503414865583181 ], [ 448175.166716864332557, 828072.055615555495024 ], [ 448144.078115387819707, 828091.237916467711329 ], [ 448115.635414036922157, 828105.790017157793045 ], [ 448085.869712622836232, 828119.019217787310481 ], [ 448057.426911272108555, 828130.264018321409822 ], [ 448025.676909764297307, 828141.508818855509162 ], [ 447997.234108412638307, 828149.446319231763482 ], [ 447966.145506936125457, 828156.722419578582048 ], [ 447937.70270558539778, 828158.045319641008973 ], [ 447905.952704077586532, 828160.029719734564424 ], [ 447872.879702506586909, 828164.659919954836369 ], [ 447845.098401186987758, 828170.613020237535238 ], [ 447816.65559983626008, 828186.48812099173665 ], [ 447782.921198233962059, 828206.331921935081482 ], [ 447755.801296945661306, 828212.946522248908877 ], [ 447720.082495248876512, 828206.993321966379881 ], [ 447682.379293458536267, 828201.040221683681011 ], [ 447655.92089220136404, 828197.071421494707465 ], [ 447615.571890285238624, 828185.165220929309726 ], [ 447586.467688902281225, 828177.227620551362634 ], [ 447569.269688085652888, 828162.014119829982519 ], [ 447554.056087363511324, 828142.831718917936087 ], [ 447520.983185792341828, 828121.66501791216433 ], [ 447497.170584660954773, 828109.758817346766591 ], [ 447442.930882085114717, 828079.331615902483463 ], [ 447428.378781394101679, 828054.857614738866687 ], [ 447416.472480827942491, 828023.107513232156634 ], [ 447401.920380136929452, 827994.664811881259084 ], [ 447376.7849789429456, 827974.821010937914252 ], [ 447293.440974984318018, 827943.73240946047008 ], [ 447239.201372408308089, 827925.211508581414819 ] ] } },
{ "type": "Feature", "properties": { "OBJECTID": 208, "Name": null, "ClassID": 0, "Surface": "DIRT", "Width": 7.0, "Shape_Leng": 367.45406141699999 }, "geometry": { "type": "LineString", "coordinates": [ [ 447776.306597919203341, 828208.316222028806806 ], [ 447745.879396473988891, 828230.805923096835613 ], [ 447712.144994871690869, 828244.035123724490404 ], [ 447675.10329311247915, 828261.233024541288614 ], [ 447651.290691982023418, 828256.602824321016669 ], [ 447616.894790347665548, 828249.326723976060748 ], [ 447588.451988996937871, 828241.389223599806428 ], [ 447565.96238792873919, 828234.774623285979033 ], [ 447535.535286483354867, 828248.665323944762349 ], [ 447515.691485540941358, 828251.972624102607369 ], [ 447505.769585070200264, 828261.89452457241714 ], [ 447495.186184567399323, 828288.352925829589367 ], [ 447487.24868419021368, 828307.535226741805673 ], [ 447474.019483561627567, 828326.717527652159333 ] ] } },
{ "type": "Feature", "properties": { "OBJECTID": 209, "Name": null, "ClassID": 0, "Surface": "DIRT", "Width": 6.0, "Shape_Leng": 153.811586858 }, "geometry": { "type": "LineString", "coordinates": [ [ 447509.076885227113962, 828257.26432435400784 ], [ 447506.430985101498663, 828238.743423473089933 ], [ 447497.170584660954773, 828219.561122562736273 ], [ 447492.540384441614151, 828198.39432155713439 ], [ 447491.878884409554303, 828177.227620551362634 ], [ 447490.555984347127378, 828159.368219703435898 ], [ 447493.863284504041076, 828137.540118666365743 ], [ 447501.800784881226718, 828124.972318070009351 ], [ 447517.014385604299605, 828119.68061781860888 ] ] } },
{ "type": "Feature", "properties": { "OBJECTID": 210, "Name": null, "ClassID": 0, "Surface": "DIRT", "Width": 7.0, "Shape_Leng": 653.03349823799999 }, "geometry": { "type": "LineString", "coordinates": [ [ 448615.037437757477164, 827562.731591364368796 ], [ 448592.547836689278483, 827570.669191742315888 ], [ 448559.474835118278861, 827590.512892683967948 ], [ 448541.615434269420803, 827600.434793155640364 ], [ 448525.078933483920991, 827603.080693282186985 ], [ 448495.313232070766389, 827605.065093375742435 ], [ 448473.485031033866107, 827621.601594161242247 ], [ 448460.255830405279994, 827629.539094537496567 ], [ 448431.813129054382443, 827632.846394695341587 ], [ 448409.984928017482162, 827631.523394633084536 ], [ 448378.234826509840786, 827624.908894317224622 ], [ 448349.130625126883388, 827622.262994192540646 ], [ 448329.286824184469879, 827633.507794726639986 ], [ 448318.703523682430387, 827654.013095701113343 ], [ 448306.797223116271198, 827685.10169717669487 ], [ 448310.766023305244744, 827707.591298244893551 ], [ 448314.734723493456841, 827722.804898967966437 ], [ 448306.135723085142672, 827736.695499626919627 ], [ 448288.276322237215936, 827746.617400098592043 ], [ 448263.140921043232083, 827755.87790053896606 ], [ 448222.130419095046818, 827762.492500852793455 ], [ 448194.349117775447667, 827765.799801010638475 ], [ 448173.843816801905632, 827772.414301324635744 ], [ 448151.354215733706951, 827783.659201858565211 ], [ 448140.109415199607611, 827799.534202612936497 ], [ 448127.541614602319896, 827814.747803334146738 ], [ 448135.479214979335666, 827830.622804088518023 ], [ 448148.046915575861931, 827837.237404402345419 ] ] } },
{ "type": "Feature", "properties": { "OBJECTID": 211, "Name": "Compact Road", "ClassID": 0, "Surface": "PAVED", "Width": 12.0, "Shape_Leng": 4535.0003361700001 }, "geometry": { "type": "LineString", "coordinates": [ [ 448581.302936154417694, 827627.554694443941116 ], [ 448592.547836689278483, 827603.080693282186985 ], [ 448615.037437757477164, 827562.731591364368796 ], [ 448646.787439265288413, 827523.044089479371905 ], [ 448657.370839768089354, 827503.200288537889719 ], [ 448668.615640302188694, 827477.403387311846018 ], [ 448677.214640710502863, 827447.637685898691416 ], [ 448679.860440836288035, 827422.502184703946114 ], [ 448678.537540772929788, 827397.366683511063457 ], [ 448673.907340553589165, 827375.538582473993301 ], [ 448667.292740238830447, 827348.418681185692549 ], [ 448660.016639893874526, 827323.283279990777373 ], [ 448652.079139516688883, 827297.486278766766191 ], [ 448640.834338982589543, 827261.106077037751675 ], [ 448640.172838951461017, 827261.106077037751675 ], [ 448624.297838197089732, 827194.96007389575243 ], [ 448615.037437757477164, 827163.871472420170903 ], [ 448603.131137191317976, 827126.829770660027862 ], [ 448594.532136783003807, 827083.173368586227298 ], [ 448596.51653687749058, 827046.131666827946901 ], [ 448606.438437349162996, 827004.459664847701788 ], [ 448628.266638385131955, 826960.803362775593996 ], [ 448640.834338982589543, 826943.605361957103014 ], [ 448662.662540019489825, 826907.886560261249542 ], [ 448677.876040741801262, 826886.719859255477786 ], [ 448703.011541935615242, 826852.985457653179765 ], [ 448726.824143067002296, 826819.250956051051617 ], [ 448759.23564460594207, 826769.64155369438231 ], [ 448773.126245265826583, 826731.276851871982217 ], [ 448777.095045454800129, 826707.464350741356611 ], [ 448771.803345203399658, 826681.005949484184384 ], [ 448764.527344857342541, 826661.162148542702198 ], [ 448753.9439443545416, 826640.656847568228841 ], [ 448740.714743726886809, 826619.490146562457085 ], [ 448722.85534287802875, 826600.307845652103424 ], [ 448700.36574180983007, 826573.187944363802671 ], [ 448673.245840521529317, 826546.068143075332046 ], [ 448646.787439265288413, 826511.672241441905499 ], [ 448624.297838197089732, 826482.568040059879422 ], [ 448614.375937725417316, 826464.047139180824161 ], [ 448609.745737506076694, 826432.958537703379989 ], [ 448610.407237537205219, 826397.901136038824916 ], [ 448611.068637568503618, 826361.5209343098104 ], [ 448611.068637568503618, 826317.203132204711437 ], [ 448607.099937380291522, 826279.499930415302515 ], [ 448601.146737097762525, 826251.718629095703363 ], [ 448592.547836689278483, 826227.906027963384986 ], [ 448574.688335840590298, 826194.171626361086965 ], [ 448550.875834709964693, 826170.359025230631232 ], [ 448522.433033358305693, 826141.916323879733682 ], [ 448492.005931913852692, 826112.15062246657908 ], [ 448459.594430373981595, 826081.723421020433307 ], [ 448433.79742914903909, 826051.957819607108831 ], [ 448378.234826509840786, 825996.395216967910528 ], [ 448350.453525190241635, 825967.290915586054325 ], [ 448326.641024058684707, 825944.801314517855644 ], [ 448310.104523273184896, 825925.619013605639338 ], [ 448273.724221545271575, 825899.822012381628156 ], [ 448230.067919472232461, 825890.561611941084266 ], [ 448186.411517398431897, 825898.499112317338586 ], [ 448146.06251548230648, 825917.020013198256493 ], [ 448104.39051350299269, 825938.848214235156775 ], [ 448066.025911680422723, 825956.70761508308351 ], [ 448018.400809418410063, 825981.181616244837642 ], [ 447982.682007721625268, 825995.733716936782002 ], [ 447944.978805931285024, 826004.332717344164848 ], [ 447911.905804360285401, 826006.978517470881343 ], [ 447885.447403103113174, 826006.978517470881343 ], [ 447850.390101438388228, 825999.041017092764378 ], [ 447823.931700181216002, 825991.103516716510057 ], [ 447800.119099050760269, 825981.843016276136041 ], [ 447771.01489766780287, 825966.629515554755926 ], [ 447749.848196662962437, 825952.738814894109964 ], [ 447730.665895751677454, 825934.217914015054703 ], [ 447711.483494840562344, 825904.452312599867582 ], [ 447701.56159436982125, 825876.671011282131076 ], [ 447700.238694306463003, 825853.519910180941224 ], [ 447699.577294275164604, 825827.061508925631642 ], [ 447706.853294620290399, 825797.295807510614395 ], [ 447720.082495248876512, 825766.207206035032868 ], [ 447731.327295782975852, 825744.379004998132586 ], [ 447749.186696631833911, 825722.550903961062431 ], [ 447781.598298170603812, 825678.233101855963469 ], [ 447792.181598673574626, 825656.404900819063187 ], [ 447798.796198987402022, 825636.561099875718355 ], [ 447800.119099050760269, 825618.701699027791619 ], [ 447797.473298924975097, 825606.133998431265354 ], [ 447801.441999113187194, 825585.628697456791997 ], [ 447803.426399207673967, 825563.139096388593316 ], [ 447804.749299270100892, 825535.357795068994164 ], [ 447807.395199396647513, 825486.409792745485902 ], [ 447814.009799710474908, 825452.675291143357754 ], [ 447831.869200558401644, 825422.909689728170633 ], [ 447852.374401533044875, 825395.128388408571482 ], [ 447886.108903135173023, 825372.638687340542674 ], [ 447931.088105271570385, 825354.117886461317539 ], [ 447992.603908193297684, 825333.612585486844182 ], [ 448028.322709890082479, 825309.800084356218576 ], [ 448056.765511240810156, 825282.018783036619425 ], [ 448076.609212183393538, 825254.237481717020273 ], [ 448090.499912843108177, 825226.456180397421122 ], [ 448103.067613439634442, 825193.383178826421499 ], [ 448102.406213408336043, 825163.617477413266897 ], [ 448101.083313345909119, 825135.836176093667746 ], [ 448097.776013188995421, 825115.992375150322914 ], [ 448088.515512748621404, 825072.997473109513521 ], [ 448073.963412057608366, 825050.50787204131484 ], [ 448060.072811397723854, 825030.664071097970009 ], [ 448044.197710643522441, 825007.512969998642802 ], [ 448015.755009292624891, 824961.872267831116915 ], [ 447985.989307878538966, 824916.892965694889426 ], [ 447959.530906622298062, 824875.22106371447444 ], [ 447942.332905805669725, 824848.762662457302213 ], [ 447927.119405082426965, 824818.996961044147611 ], [ 447913.228704422712326, 824787.908359568566084 ], [ 447903.968303983099759, 824756.819758091121912 ], [ 447898.676603731699288, 824729.03845677152276 ], [ 447896.692203637212515, 824705.887355672195554 ], [ 447895.36930357478559, 824679.428954415023327 ], [ 447901.745503877289593, 824630.307152081280947 ], [ 447914.761604496277869, 824586.703250011429191 ], [ 447949.905006164684892, 824522.924446981400251 ], [ 447996.762908390723169, 824465.653644261881709 ], [ 448003.848708727397025, 824462.470244109630585 ], [ 448029.645609952509403, 824428.735742507502437 ], [ 448085.27231259457767, 824367.382239593192935 ], [ 448137.336615067906678, 824308.809836812317371 ] ] } },
{ "type": "Feature", "properties": { "OBJECTID": 212, "Name": null, "ClassID": 0, "Surface": "GRAVEL", "Width": 7.0, "Shape_Leng": 180.60062612300001 }, "geometry": { "type": "LineString", "coordinates": [ [ 448650.09473942220211, 827284.918578170239925 ], [ 448685.152141087688506, 827310.054079363122582 ], [ 448705.657342061400414, 827329.897880306467414 ], [ 448729.469943192787468, 827353.048881405964494 ], [ 448742.037643789313734, 827364.293781939893961 ], [ 448750.636644197627902, 827360.986481782048941 ], [ 448767.173144983127713, 827351.064581310376525 ], [ 448796.938846397213638, 827345.111381027847528 ] ] } },
{ "type": "Feature", "properties": { "OBJECTID": 213, "Name": null, "ClassID": 0, "Surface": "GRAVEL", "Width": 7.0, "Shape_Leng": 107.87192494 }, "geometry": { "type": "LineString", "coordinates": [ [ 448679.199040804989636, 827434.40848526917398 ], [ 448704.995942030102015, 827431.762585144490004 ], [ 448715.579242533072829, 827421.840684672817588 ], [ 448724.178242941386998, 827405.965683918446302 ], [ 448730.792843255214393, 827386.783383008092642 ], [ 448735.423043475486338, 827367.601082095876336 ], [ 448736.74604353774339, 827358.340581657364964 ] ] } },
{ "type": "Feature", "properties": { "OBJECTID": 214, "Name": null, "ClassID": 0, "Surface": "DIRT", "Width": 6.0, "Shape_Leng": 927.90858515900004 }, "geometry": { "type": "LineString", "coordinates": [ [ 448729.469943192787468, 827396.043783446773887 ], [ 448759.897044637240469, 827418.533384514972568 ], [ 448789.662746051326394, 827444.991785772144794 ], [ 448815.459647276438773, 827461.528286557644606 ], [ 448841.918048533611, 827467.481486840173602 ], [ 448864.407749601639807, 827473.434587122872472 ], [ 448895.496351078152657, 827479.387687405571342 ], [ 448932.538052837364376, 827491.293987970799208 ], [ 448951.05895371735096, 827497.247088255360723 ], [ 448973.548554785549641, 827494.601288128644228 ], [ 448998.68405597936362, 827489.309587877243757 ], [ 449028.449657393619418, 827480.710687469691038 ], [ 449046.97055827267468, 827470.127286966890097 ], [ 449071.444559435360134, 827464.174186684191227 ], [ 449101.210260849446058, 827464.835586715489626 ], [ 449119.069661697372794, 827465.497086746618152 ], [ 449130.97596226260066, 827475.418987218290567 ], [ 449144.205162891186774, 827491.293987970799208 ], [ 449159.41876361425966, 827510.476288883015513 ], [ 449173.970864305272698, 827532.965989951044321 ], [ 449193.153165216557682, 827544.210790485143661 ], [ 449208.366765938699245, 827550.825390798971057 ], [ 449216.965666347183287, 827551.486790830269456 ], [ 449230.856367006897926, 827549.502490736544132 ], [ 449252.684568043798208, 827543.549290454015136 ], [ 449273.189769017510116, 827535.61179007589817 ], [ 449297.66377018019557, 827523.044089479371905 ], [ 449321.476371311582625, 827512.460688976570964 ], [ 449341.981572285294533, 827505.846088662743568 ], [ 449353.226372819393873, 827493.278388066217303 ], [ 449363.148273290134966, 827478.064787343144417 ], [ 449377.038973949849606, 827459.543886464089155 ], [ 449391.591074641793966, 827444.330385740846395 ], [ 449409.450475489720702, 827425.809484861791134 ], [ 449425.986976275220513, 827402.658383762463927 ], [ 449443.184877092018723, 827390.090683164075017 ], [ 449463.028678034432232, 827390.090683164075017 ], [ 449485.518279102630913, 827386.783383008092642 ], [ 449509.330880234017968, 827386.783383008092642 ], [ 449523.882980925031006, 827393.397983321920037 ] ] } },
{ "type": "Feature", "properties": { "OBJECTID": 215, "Name": null, "ClassID": 0, "Surface": "GRAVEL", "Width": 7.0, "Shape_Leng": 228.326365829 }, "geometry": { "type": "LineString", "coordinates": [ [ 448618.344737914390862, 827169.163172671571374 ], [ 448636.204138762317598, 827148.657871697098017 ], [ 448646.126039233990014, 827116.907870190218091 ], [ 448648.110439328476787, 827085.819268712773919 ], [ 448644.141639139503241, 827048.116066921502352 ], [ 448642.818739077076316, 827012.397165225818753 ], [ 448640.172838951461017, 826983.954463874921203 ], [ 448638.188538856804371, 826958.157462649047375 ], [ 448637.527038825675845, 826949.558562241494656 ] ] } },
{ "type": "Feature", "properties": { "OBJECTID": 216, "Name": null, "ClassID": 0, "Surface": "DIRT", "Width": 4.0, "Shape_Leng": 412.306499229 }, "geometry": { "type": "LineString", "coordinates": [ [ 448318.703523682430387, 825935.540914077311754 ], [ 448339.87022468727082, 825917.020013198256493 ], [ 448366.328625944443047, 825888.577211847528815 ], [ 448384.849426823668182, 825867.410510841757059 ], [ 448390.141127075068653, 825850.212610024958849 ], [ 448374.266126320697367, 825840.290709553286433 ], [ 448349.792125158943236, 825834.337509270757437 ], [ 448327.302424090914428, 825844.920909773558378 ], [ 448308.781623210757971, 825862.780310621485114 ], [ 448286.953422173857689, 825872.70221109315753 ], [ 448267.771121262572706, 825878.6553113758564 ], [ 448245.281420194543898, 825872.040711062029004 ], [ 448218.823118938133121, 825865.426110746338964 ], [ 448193.687617744319141, 825863.44181065261364 ], [ 448165.244816393591464, 825857.488610370084643 ], [ 448142.755215325392783, 825843.598009711131454 ], [ 448119.604114225134254, 825825.738608861342072 ] ] } },
{ "type": "Feature", "properties": { "OBJECTID": 217, "Name": null, "ClassID": 0, "Surface": "DIRT", "Width": 4.0, "Shape_Leng": 970.87309373000005 }, "geometry": { "type": "LineString", "coordinates": [ [ 448165.906316424719989, 825907.759612757712603 ], [ 448150.692715701647103, 825876.671011282131076 ], [ 448129.526014696806669, 825840.952109584584832 ], [ 448119.604114225134254, 825825.738608861342072 ], [ 448098.43741322029382, 825809.202108075842261 ], [ 448077.932212245650589, 825809.202108075842261 ], [ 448060.072811397723854, 825817.801108485087752 ], [ 448052.135211020708084, 825835.660509333014488 ], [ 448044.85921067558229, 825854.842810245230794 ], [ 448034.937310203909874, 825869.39491093531251 ], [ 448021.046609544195235, 825879.978311438113451 ], [ 448010.46330904122442, 825890.561611941084266 ], [ 448003.848708727397025, 825896.514812223613262 ], [ 447998.557008475996554, 825911.066912915557623 ], [ 448005.833108821883798, 825926.280413636937737 ], [ 448009.140408978797495, 825936.863814139738679 ], [ 448006.494508853182197, 825956.70761508308351 ], [ 448002.525808664038777, 825966.629515554755926 ], [ 447993.926808255724609, 825978.535716120153666 ], [ 447983.343407752923667, 825987.134716527536511 ], [ 447965.484006904996932, 825992.426416778936982 ], [ 447947.624606057070196, 825993.087916810065508 ], [ 447937.041305554099381, 825987.134716527536511 ], [ 447919.181904706172645, 825987.134716527536511 ], [ 447900.661003826186061, 825983.166016340255737 ], [ 447886.770303166471422, 825974.567015931010246 ], [ 447869.572402349673212, 825967.952415617182851 ], [ 447840.468200966715813, 825954.061714956536889 ], [ 447829.223300432786345, 825942.15551439113915 ], [ 447822.60870011895895, 825931.572113888338208 ], [ 447810.040999521501362, 825920.327313354238868 ], [ 447798.796198987402022, 825914.374213071539998 ], [ 447780.27529810834676, 825911.728312946856022 ], [ 447763.07739729154855, 825911.728312946856022 ], [ 447744.556496411561966, 825902.467912506312132 ], [ 447727.358595594763756, 825888.577211847528815 ], [ 447724.051295437850058, 825871.379311030730605 ], [ 447725.374195500276983, 825848.228209929540753 ], [ 447733.311695877462626, 825825.077108830213547 ], [ 447745.879396473988891, 825796.634307479485869 ], [ 447756.462796976789832, 825775.467606473714113 ], [ 447767.046097479760647, 825754.300905469805002 ], [ 447778.290998013690114, 825723.873804023489356 ], [ 447794.165998768061399, 825696.753902735188603 ], [ 447807.395199396647513, 825666.326801290735602 ], [ 447814.671199741773307, 825642.514300160109997 ], [ 447817.978499898687005, 825621.347499154508114 ], [ 447816.65559983626008, 825612.087098713964224 ], [ 447812.686899647116661, 825606.795398462563753 ], [ 447798.796198987402022, 825606.795398462563753 ], [ 447797.473298924975097, 825606.133998431265354 ] ] } },
{ "type": "Feature", "properties": { "OBJECTID": 218, "Name": null, "ClassID": 0, "Surface": "DIRT", "Width": 7.0, "Shape_Leng": 216.91367774599999 }, "geometry": { "type": "LineString", "coordinates": [ [ 448091.161412874236703, 825228.440480491146445 ], [ 448091.822812905535102, 825262.836382126435637 ], [ 448078.593612277880311, 825292.60208353959024 ], [ 448058.74981133453548, 825326.997985173016787 ], [ 448040.229010455310345, 825357.42518661916256 ], [ 448027.66120985802263, 825379.91478768736124 ], [ 448008.478908946737647, 825389.836688157171011 ], [ 447981.359107659198344, 825392.482488283887506 ] ] } },
{ "type": "Feature", "properties": { "OBJECTID": 219, "Name": null, "ClassID": 0, "Surface": "DIRT", "Width": 7.0, "Shape_Leng": 355.52484166699998 }, "geometry": { "type": "LineString", "coordinates": [ [ 448022.369609607383609, 824972.455668333917856 ], [ 448044.197710643522441, 824971.13266826979816 ], [ 448054.781111146323383, 824958.564967673271894 ], [ 448057.426911272108555, 824934.752466542646289 ], [ 448060.734211429022253, 824899.033564845100045 ], [ 448069.333211837336421, 824877.205463809892535 ], [ 448077.270712214522064, 824856.038762804120779 ], [ 448088.515512748621404, 824822.965761233121157 ], [ 448102.406213408336043, 824790.55425969325006 ], [ 448118.942714193835855, 824787.908359568566084 ], [ 448140.109415199607611, 824778.647959128022194 ], [ 448148.708315608091652, 824763.434358404949307 ], [ 448158.630216078832746, 824744.252057494595647 ], [ 448175.166716864332557, 824732.345756929367781 ], [ 448209.562618497759104, 824708.53325579687953 ] ] } },
{ "type": "Feature", "properties": { "OBJECTID": 220, "Name": "?", "ClassID": 0, "Surface": "PAVED", "Width": 7.0, "Shape_Leng": 3326.3219005199999 }, "geometry": { "type": "LineString", "coordinates": [ [ 448007.817408915609121, 824949.965967265889049 ], [ 447978.713207533583045, 824936.075366605073214 ], [ 447948.94750611949712, 824923.507566008716822 ], [ 447909.260004234500229, 824905.648165160790086 ], [ 447869.572402349673212, 824883.158564092591405 ], [ 447858.327601815573871, 824867.283563338220119 ], [ 447850.390101438388228, 824836.856361892074347 ], [ 447853.697401595301926, 824830.241761578246951 ], [ 447862.957802034914494, 824805.106360385194421 ], [ 447868.910902317613363, 824787.908359568566084 ], [ 447879.494302820414305, 824758.142658153548837 ], [ 447882.140102946199477, 824745.574957557022572 ], [ 447849.067101375199854, 824709.8561558611691 ], [ 447834.515000684186816, 824691.996755011379719 ], [ 447823.270200150087476, 824674.798754194751382 ], [ 447814.009799710474908, 824658.262253409251571 ], [ 447802.103499145247042, 824642.38725265674293 ], [ 447786.228498390875757, 824630.480952089652419 ], [ 447768.369097542949021, 824621.8820516820997 ], [ 447756.462796976789832, 824605.345550896599889 ], [ 447745.217996442690492, 824590.131950173527002 ], [ 447741.910696285776794, 824574.918349450454116 ], [ 447709.49919474683702, 824541.183947848156095 ], [ 447676.426193175837398, 824524.647447062656283 ], [ 447628.139590881764889, 824507.449446246027946 ], [ 447587.129088934510946, 824492.235945524647832 ], [ 447492.540384441614151, 824458.501443922519684 ], [ 447464.097583090886474, 824445.933743324130774 ], [ 447436.316281771287322, 824439.319143010303378 ], [ 447382.076579194515944, 824422.782642224803567 ], [ 447349.003677623346448, 824404.923241376876831 ], [ 447323.868176429532468, 824386.402340497821569 ], [ 447290.795174859464169, 824364.574239460751414 ], [ 447262.352373507805169, 824344.730438517406583 ], [ 447244.492972659878433, 824328.855337763205171 ], [ 447214.065871214494109, 824303.71993657015264 ], [ 447197.529370428994298, 824309.011636821553111 ], [ 447180.992869643494487, 824314.303237073123455 ], [ 447169.748069109395146, 824309.011636821553111 ], [ 447157.180368512868881, 824295.120936160907149 ], [ 447146.59696801006794, 824273.292735124006867 ], [ 447139.982367696240544, 824250.141634024679661 ], [ 447124.107366941869259, 824223.683332769200206 ], [ 447104.925066030584276, 824203.178031794726849 ], [ 447091.034365370869637, 824188.625931102782488 ], [ 447071.190564428456128, 824168.120730130001903 ], [ 447050.023863422684371, 824150.261229280382395 ], [ 447036.794662795029581, 824134.386228527873755 ], [ 447022.904062135145068, 824111.235127426683903 ], [ 447003.721661224029958, 824103.959127081558108 ], [ 446987.185160438530147, 824096.021626705303788 ], [ 446953.450758836232126, 824086.761126264929771 ], [ 446928.315257642418146, 824079.485125919803977 ], [ 446902.518356417305768, 824076.839225793257356 ], [ 446872.752655003219843, 824072.870525605976582 ], [ 446840.341153463348746, 824068.901725417003036 ], [ 446823.804652677848935, 824071.547525541856885 ], [ 446814.544252238236368, 824080.146525951102376 ], [ 446811.898352112621069, 824098.005926799029112 ], [ 446811.898352112621069, 824114.542427584528923 ], [ 446814.544252238236368, 824132.401828432455659 ], [ 446815.867152301594615, 824146.95392912440002 ], [ 446818.512952426448464, 824177.381130568683147 ], [ 446813.221352175809443, 824203.178031794726849 ], [ 446802.637951673008502, 824223.021832736209035 ], [ 446780.148350604809821, 824244.188533741980791 ], [ 446759.643049630336463, 824258.740634433925152 ], [ 446733.184648374095559, 824266.678134810179472 ], [ 446700.111746802926064, 824271.308435030281544 ], [ 446667.038745231926441, 824274.615735188126564 ], [ 446632.642843598499894, 824277.922935344278812 ], [ 446591.632341650314629, 824280.568835470825434 ], [ 446562.528140268288553, 824273.954235156998038 ], [ 446547.314539545215666, 824262.709434622898698 ], [ 446530.116538728587329, 824252.126034120097756 ], [ 446513.580137942917645, 824244.188533741980791 ], [ 446493.07483696937561, 824242.865633679553866 ], [ 446475.8769361525774, 824247.495833899825811 ], [ 446460.663335429504514, 824254.110434213653207 ], [ 446436.189334267750382, 824256.756234338507056 ], [ 446405.100732791237533, 824255.433334276080132 ], [ 446373.350631282664835, 824256.756234338507056 ], [ 446336.308929523453116, 824264.032334685325623 ], [ 446309.189028235152364, 824273.292735124006867 ], [ 446286.037927135825157, 824287.183435784652829 ], [ 446268.178526286967099, 824304.381336601451039 ], [ 446258.256625816226006, 824330.839737858623266 ], [ 446250.980625470168889, 824360.605439271777868 ], [ 446249.657725407741964, 824385.079440433532 ], [ 446236.42852477915585, 824404.261741345748305 ], [ 446213.938823711127043, 824418.813842035830021 ], [ 446190.787822611629963, 824433.366042727604508 ], [ 446168.959621574729681, 824443.287943199276924 ], [ 446144.485620412044227, 824456.517043827101588 ], [ 446123.318919407203794, 824467.10044432990253 ], [ 446104.136518496088684, 824479.006744895130396 ], [ 446085.615717615932226, 824479.668144926428795 ], [ 446075.693817145191133, 824477.683844832703471 ], [ 446060.480216422118247, 824465.777544267475605 ], [ 446044.605215667746961, 824447.918143419548869 ], [ 446021.454114568419755, 824430.720142602920532 ], [ 445995.657213343307376, 824410.214941628277302 ], [ 445973.167512275278568, 824393.016940811648965 ], [ 445957.954011552035809, 824379.787740183994174 ], [ 445931.495610295794904, 824359.282539209350944 ], [ 445914.959109510295093, 824345.391838548704982 ], [ 445896.438208630308509, 824333.485637983307242 ], [ 445875.933007656596601, 824332.824137952178717 ], [ 445852.120406525209546, 824334.808538047596812 ], [ 445827.646405363455415, 824340.100238297134638 ], [ 445785.974503383971751, 824347.376238644123077 ], [ 445756.208801969885826, 824351.345038831233978 ], [ 445732.396200839430094, 824355.313739020377398 ], [ 445616.640795340761542, 824374.49613993242383 ], [ 445579.599093581549823, 824382.43364030867815 ], [ 445551.156292230822146, 824383.095040339976549 ], [ 445511.468690345995128, 824371.850239805877209 ], [ 445479.057188806124032, 824365.235639492049813 ], [ 445459.874887894839048, 824369.204439681023359 ] ] } },
{ "type": "Feature", "properties": { "OBJECTID": 221, "Name": null, "ClassID": 0, "Surface": "GRAVEL", "Width": 6.0, "Shape_Leng": 314.38876454500002 }, "geometry": { "type": "LineString", "coordinates": [ [ 447738.603396128863096, 824571.611049294471741 ], [ 447756.462796976789832, 824562.350648853927851 ], [ 447777.629497982561588, 824544.491248006001115 ], [ 447802.764999176375568, 824522.001646937802434 ], [ 447819.962899993173778, 824504.803646121174097 ], [ 447839.806700935587287, 824487.60564530454576 ], [ 447863.619202067144215, 824466.438944298774004 ], [ 447888.093303228728473, 824454.532743733376265 ], [ 447915.213104517199099, 824445.272243293002248 ], [ 447943.655905867926776, 824442.626443168148398 ], [ 447970.775707156397402, 824443.949343230575323 ], [ 447993.265308224596083, 824451.886843606829643 ], [ 448003.848708727397025, 824462.470244109630585 ] ] } },
{ "type": "Feature", "properties": { "OBJECTID": 222, "Name": null, "ClassID": 0, "Surface": "GRAVEL", "Width": 7.0, "Shape_Leng": 703.70971706900002 }, "geometry": { "type": "LineString", "coordinates": [ [ 448114.312413973733783, 824326.871037669479847 ], [ 448103.067613439634442, 824318.9334372933954 ], [ 448089.838412811979651, 824321.579337418079376 ], [ 448080.578012371435761, 824340.100238297134638 ], [ 448069.99461186863482, 824356.636639082804322 ], [ 448061.395711460150778, 824376.480440026149154 ], [ 448046.84361076913774, 824394.33984087407589 ], [ 448025.676909764297307, 824410.214941628277302 ], [ 448004.510108758695424, 824415.506641879677773 ], [ 447970.775707156397402, 824414.845141848549247 ], [ 447935.718305490911007, 824413.522241786122322 ], [ 447888.093303228728473, 824413.522241786122322 ], [ 447841.129600998945534, 824414.183641817420721 ], [ 447785.566998359747231, 824418.152442004531622 ], [ 447763.07739729154855, 824419.475342068821192 ], [ 447720.082495248876512, 824426.751442413777113 ], [ 447683.040793489664793, 824426.751442413777113 ], [ 447546.780087017454207, 824438.657642979174852 ], [ 447513.045585415326059, 824441.303543105721474 ], [ 447491.878884409554303, 824441.303543105721474 ], [ 447469.389283341355622, 824443.287943199276924 ], [ 447463.436183058656752, 824445.933743324130774 ] ] } },
{ "type": "Feature", "properties": { "OBJECTID": 223, "Name": null, "ClassID": 0, "Surface": "GRAVEL", "Width": 7.0, "Shape_Leng": 287.72741163900002 }, "geometry": { "type": "LineString", "coordinates": [ [ 448029.645609952509403, 824428.735742507502437 ], [ 448019.062309449538589, 824419.475342068821192 ], [ 448002.525808664038777, 824412.860741753131151 ], [ 447970.114207125268877, 824408.892041565850377 ], [ 447942.994405836798251, 824400.954441187903285 ], [ 447915.213104517199099, 824395.001340905204415 ], [ 447884.12450304068625, 824394.33984087407589 ], [ 447833.853600652888417, 824394.33984087407589 ], [ 447796.150398862548172, 824396.32424096763134 ], [ 447778.952398044988513, 824396.32424096763134 ], [ 447769.691997605375946, 824406.907641470432281 ], [ 447760.431497165933251, 824420.136842099949718 ] ] } },
{ "type": "Feature", "properties": { "OBJECTID": 224, "Name": null, "ClassID": 0, "Surface": "GRAVEL", "Width": 5.0, "Shape_Leng": 175.59832848799999 }, "geometry": { "type": "LineString", "coordinates": [ [ 447941.671505774371326, 824400.954441187903285 ], [ 447925.796505020000041, 824389.709640653803945 ], [ 447908.598504203371704, 824383.095040339976549 ], [ 447876.848402694799006, 824383.095040339976549 ], [ 447848.405701343901455, 824383.095040339976549 ], [ 447819.962899993173778, 824379.787740183994174 ], [ 447796.150398862548172, 824381.110740246251225 ], [ 447785.566998359747231, 824384.417940402403474 ], [ 447778.290998013690114, 824396.32424096763134 ] ] } },
{ "type": "Feature", "properties": { "OBJECTID": 225, "Name": null, "ClassID": 0, "Surface": "DIRT", "Width": 8.0, "Shape_Leng": 644.73151600300002 }, "geometry": { "type": "LineString", "coordinates": [ [ 447957.546506527811289, 824404.261741345748305 ], [ 447951.593406245112419, 824379.12634015083313 ], [ 447954.900706402026117, 824369.865839712321758 ], [ 447945.640205962583423, 824352.006438864395022 ], [ 447940.348605711013079, 824339.438738266006112 ], [ 447931.088105271570385, 824319.594937324523926 ], [ 447923.150604894384742, 824305.042836632579565 ], [ 447907.937004171311855, 824285.199035691097379 ], [ 447890.739103354513645, 824273.292735124006867 ], [ 447866.926502224057913, 824264.693834716454148 ], [ 447844.436901155859232, 824271.969835061579943 ], [ 447817.317099867388606, 824283.214635595679283 ], [ 447802.103499145247042, 824286.521935753524303 ], [ 447782.921198233962059, 824290.490735942497849 ], [ 447772.999297762289643, 824297.105336256325245 ], [ 447767.707597510889173, 824301.074036443606019 ], [ 447753.816896851174533, 824298.42823631875217 ], [ 447739.264796160161495, 824301.074036443606019 ], [ 447722.728295374661684, 824307.027236727997661 ], [ 447701.56159436982125, 824310.334536883980036 ], [ 447679.07199330162257, 824311.65743694640696 ], [ 447652.613592044450343, 824313.641837041825056 ], [ 447641.368791510351002, 824313.641837041825056 ], [ 447636.077091258950531, 824314.303237073123455 ], [ 447615.571890285238624, 824311.65743694640696 ], [ 447591.759289153851569, 824308.350136790424585 ], [ 447573.238488274626434, 824306.36573669500649 ], [ 447558.024887551553547, 824314.964737104251981 ], [ 447548.76448711194098, 824330.839737858623266 ], [ 447540.82688673492521, 824350.022038768976927 ], [ 447544.795686922967434, 824371.850239805877209 ], [ 447542.811286829411983, 824393.678440842777491 ], [ 447543.472786860540509, 824406.907641470432281 ], [ 447543.472786860540509, 824415.506641879677773 ], [ 447535.535286483354867, 824420.136842099949718 ], [ 447526.274786043912172, 824428.074342476204038 ], [ 447518.33728566672653, 824434.688942790031433 ], [ 447514.368585478514433, 824441.303543105721474 ] ] } },
{ "type": "Feature", "properties": { "OBJECTID": 226, "Name": "?", "ClassID": 0, "Surface": "PAVED", "Width": 8.0, "Shape_Leng": 5189.3386419899998 }, "geometry": { "type": "LineString", "coordinates": [ [ 445459.874887894839048, 824369.204439681023359 ], [ 445459.213387863710523, 824393.678440842777491 ], [ 445466.489488209597766, 824448.579543450847268 ], [ 445470.458188397809863, 824492.235945524647832 ], [ 445477.734288743697107, 824532.584947440773249 ], [ 445483.025988994166255, 824578.225649608299136 ], [ 445488.979089277796447, 824617.913251493126154 ], [ 445504.192689999938011, 824714.4863560795784 ], [ 445513.453090439550579, 824759.465658217668533 ], [ 445511.468690345995128, 824820.981361139565706 ], [ 445510.145790282636881, 824856.038762804120779 ], [ 445510.807290313765407, 824882.497064059600234 ], [ 445503.531189968809485, 824921.523265914991498 ], [ 445490.301989340223372, 824940.705566825345159 ], [ 445431.432086544111371, 825028.679671004414558 ], [ 445407.619585412554443, 825066.382872793823481 ], [ 445386.452884407714009, 825104.747574616223574 ], [ 445367.931983527727425, 825133.190275967121124 ], [ 445344.119382397271693, 825179.492478167638183 ], [ 445328.244381642900407, 825194.706078888848424 ], [ 445311.707880857400596, 825213.88837980106473 ], [ 445305.754780574701726, 825233.732180742546916 ], [ 445309.723480762913823, 825260.852082030847669 ], [ 445312.369380888529122, 825288.63338335044682 ], [ 445316.999581108801067, 825315.753184638917446 ], [ 445315.015181014314294, 825350.810586303472519 ], [ 445316.338081077672541, 825375.284587467089295 ], [ 445313.030780919827521, 825401.081488691270351 ], [ 445303.108880449086428, 825421.586689665913582 ], [ 445285.910979632288218, 825432.170090168714523 ], [ 445261.436978469602764, 825441.430490609258413 ], [ 445237.624377338215709, 825446.060690827667713 ], [ 445206.535775861702859, 825457.30559136159718 ], [ 445175.44717438519001, 825475.82639224268496 ], [ 445151.634673254564404, 825500.300393404439092 ], [ 445133.11377237457782, 825522.128594441339374 ], [ 445105.993971086107194, 825550.571395792067051 ], [ 445077.551169735379517, 825563.139096388593316 ], [ 445041.170868007466197, 825566.446396546438336 ], [ 445012.066666625440121, 825559.170296201482415 ], [ 444981.639565180055797, 825553.878695949912071 ], [ 444959.149864112026989, 825559.831796232610941 ], [ 444941.290463263168931, 825574.383896922692657 ], [ 444921.446662320755422, 825596.212097959592938 ], [ 444900.279961315914989, 825618.701699027791619 ], [ 444881.759160435758531, 825658.389300912618637 ], [ 444870.514259901829064, 825688.816402358934283 ], [ 444863.238259556703269, 825722.550903961062431 ], [ 444859.269459367729723, 825759.592605721205473 ], [ 444853.316359085030854, 825792.66560729034245 ], [ 444842.071558550931513, 825819.124008547514677 ], [ 444824.212157703004777, 825833.676109239459038 ], [ 444787.831855975091457, 825852.197010118514299 ], [ 444758.727654592134058, 825868.733410904183984 ], [ 444731.607753303833306, 825889.900211909785867 ], [ 444719.70145273860544, 825905.775212664157152 ], [ 444697.873351701535285, 825930.249213825911283 ], [ 444683.321251010522246, 825961.999315334483981 ], [ 444669.430550350807607, 826001.025417188182473 ], [ 444651.571149502880871, 826046.004619324579835 ], [ 444637.680548842996359, 826085.692221209406853 ], [ 444630.404448497109115, 826112.812022497877479 ], [ 444621.144048057496548, 826139.27042375318706 ], [ 444603.946047240868211, 826166.390325041487813 ], [ 444586.748146424070001, 826203.432026801630855 ], [ 444573.518945795483887, 826223.275827744975686 ], [ 444564.25844535510987, 826240.473828561604023 ], [ 444560.951145198196173, 826262.963429629802704 ], [ 444548.383444601669908, 826284.130130633711815 ], [ 444533.831343910656869, 826294.71343113668263 ], [ 444500.758342339657247, 826303.973931577056646 ], [ 444480.914541397243738, 826309.927031859755516 ], [ 444463.716640580445528, 826321.833332424983382 ], [ 444440.565539480186999, 826342.338533399626613 ], [ 444433.950939166359603, 826360.859434278681874 ], [ 444436.596739292144775, 826389.963635660707951 ], [ 444445.195739700458944, 826407.823036510497332 ], [ 444455.117640171200037, 826426.343937389552593 ], [ 444474.961441114544868, 826460.73983902297914 ], [ 444484.883341585285962, 826483.890940122306347 ], [ 444494.143742024898529, 826506.380541190505028 ], [ 444492.820841962471604, 826529.531642289832234 ], [ 444488.190641742199659, 826550.036943264305592 ], [ 444482.237441459670663, 826576.495244521647692 ], [ 444473.638541051186621, 826600.96934568323195 ], [ 444467.685340768657625, 826632.719347191974521 ], [ 444453.794740108773112, 826694.23515011370182 ], [ 444443.872839637100697, 826740.537252312526107 ], [ 444433.950939166359603, 826778.9019541349262 ], [ 444414.76863825507462, 826800.730155171826482 ], [ 444386.987336935475469, 826821.235356146469712 ], [ 444360.528935679234564, 826831.157256616279483 ], [ 444312.903833417221904, 826852.323957622051239 ], [ 444287.768332222476602, 826870.183358469977975 ], [ 444265.940131186507642, 826886.05835922434926 ], [ 444250.065130432136357, 826915.162660606205463 ], [ 444242.78913008607924, 826944.266861990094185 ], [ 444224.929729238152504, 826959.480462711304426 ], [ 444195.825427856296301, 826968.740863151848316 ], [ 444158.122226065024734, 826980.647163717076182 ], [ 444112.481523897498846, 826991.891964251175523 ], [ 444072.132521980442107, 827008.428465036675334 ], [ 444051.627221006900072, 827019.673265570774674 ], [ 444039.059520409442484, 827035.54826632514596 ], [ 444030.460520001128316, 827058.699367424473166 ], [ 444016.569919341243804, 827091.110868964344263 ], [ 444003.340718713589013, 827127.491170691326261 ], [ 443995.40321833640337, 827154.611071979627013 ], [ 443986.804217928089201, 827178.423573110252619 ], [ 443978.205217519775033, 827199.590274116024375 ], [ 443958.361416577361524, 827216.126774901524186 ], [ 443940.502015728503466, 827228.694475498050451 ], [ 443921.981114848516881, 827242.585176158696413 ], [ 443902.798813938163221, 827259.121676944196224 ], [ 443884.277913058176637, 827273.012277603149414 ], [ 443867.741512272506952, 827289.548778388649225 ], [ 443844.590411173179746, 827298.147778797894716 ], [ 443822.100710105150938, 827309.392579331994057 ], [ 443806.887209381908178, 827324.606180055066943 ], [ 443794.980908816680312, 827339.819780776277184 ], [ 443781.751708188094199, 827358.340581657364964 ], [ 443773.814207810908556, 827380.168782694265246 ], [ 443758.600607088766992, 827403.319883793592453 ], [ 443738.095406115055084, 827424.486584799364209 ], [ 443716.928705109283328, 827439.038685489445925 ], [ 443703.699504480697215, 827454.252286212518811 ], [ 443680.548403381370008, 827489.309587877243757 ], [ 443675.256703129969537, 827507.168988725170493 ], [ 443664.011902595870197, 827527.012789668515325 ], [ 443655.412902187556028, 827545.533690547570586 ], [ 443637.553501339629292, 827565.377491490915418 ], [ 443611.756600113585591, 827581.252492245286703 ], [ 443593.23569923453033, 827593.820192841812968 ], [ 443578.683598543517292, 827607.049393469467759 ], [ 443565.454397914931178, 827623.58589425496757 ], [ 443550.90229722391814, 827646.075595322996378 ], [ 443527.089696092531085, 827659.966195983812213 ], [ 443494.678194552659988, 827671.210996517911553 ], [ 443460.282292919233441, 827690.393397428095341 ], [ 443435.808291756547987, 827715.528798623010516 ], [ 443406.042590343393385, 827736.695499626919627 ], [ 443359.078988112509251, 827759.185200694948435 ], [ 443314.099685976281762, 827772.414301324635744 ], [ 443260.521483431570232, 827783.659201858565211 ], [ 443216.865181357599795, 827792.25810226611793 ], [ 443171.885879221372306, 827796.226902455091476 ], [ 443138.812877650372684, 827795.565402423962951 ], [ 443112.354576393961906, 827789.612302141264081 ], [ 443029.010572435334325, 827769.76850119791925 ], [ 442972.786569764837623, 827755.216400507837534 ], [ 442937.067768068052828, 827743.971599973738194 ], [ 442900.687466340139508, 827743.310099942609668 ], [ 442853.062364078126848, 827744.633000005036592 ], [ 442794.192461282014847, 827743.971599973738194 ], [ 442761.119459711015224, 827741.987199878320098 ], [ 442736.645458548329771, 827736.034099595621228 ], [ 442709.525557260029018, 827727.435099188238382 ], [ 442671.8224554695189, 827717.513198716565967 ] ] } },
{ "type": "Feature", "properties": { "OBJECTID": 227, "Name": null, "ClassID": 0, "Surface": "GRAVEL", "Width": 7.0, "Shape_Leng": 315.32903195199998 }, "geometry": { "type": "LineString", "coordinates": [ [ 443112.354576393961906, 827789.612302141264081 ], [ 443111.693076361902058, 827772.414301324635744 ], [ 443102.432675922289491, 827756.539300570264459 ], [ 443089.864875325933099, 827742.648699911311269 ], [ 443059.437773880548775, 827732.726799439638853 ], [ 443039.593972938135266, 827722.143398936837912 ], [ 443032.317872592248023, 827710.898598402738571 ], [ 443038.271072874777019, 827702.29959799349308 ], [ 443050.838773472234607, 827693.039197554811835 ], [ 443070.021074382588267, 827679.148496894165874 ], [ 443083.911775042302907, 827671.210996517911553 ], [ 443096.479475639760494, 827663.934996170923114 ], [ 443113.677476456388831, 827661.289096046239138 ], [ 443122.937876896001399, 827667.903696360066533 ], [ 443121.614976833574474, 827677.825596831738949 ], [ 443113.015976425260305, 827689.731897396966815 ], [ 443105.078476048074663, 827707.591298244893551 ], [ 443099.786775796674192, 827724.127799030393362 ], [ 443095.818075608462095, 827734.049699502065778 ], [ 443088.541975262574852, 827743.310099942609668 ] ] } },
{ "type": "Feature", "properties": { "OBJECTID": 228, "Name": null, "ClassID": 0, "Surface": "GRAVEL", "Width": 10.0, "Shape_Leng": 859.32804354999996 }, "geometry": { "type": "LineString", "coordinates": [ [ 443112.354576393961906, 827789.612302141264081 ], [ 443109.708676268346608, 827812.763403240591288 ], [ 443101.771175891160965, 827834.59160427749157 ], [ 443095.818075608462095, 827869.648905942216516 ], [ 443096.479475639760494, 827904.706307608634233 ], [ 443099.786775796674192, 827933.149008959531784 ], [ 443111.693076361902058, 827957.623010121285915 ], [ 443124.260776959359646, 827980.774111220613122 ], [ 443139.47437768150121, 828010.539812633767724 ], [ 443148.073378089815378, 828029.060713514685631 ], [ 443156.010878467001021, 828058.826414927840233 ], [ 443152.703578310087323, 828085.284716185182333 ], [ 443150.057778184302151, 828113.72751753591001 ], [ 443144.104577901773155, 828130.925518352538347 ], [ 443137.489977587945759, 828154.738019483163953 ], [ 443132.859777367673814, 828181.857920771464705 ], [ 443133.52127739880234, 828206.331921935081482 ], [ 443134.182677430100739, 828231.467323128134012 ], [ 443140.135877713561058, 828252.634024133905768 ], [ 443152.042078278958797, 828277.769525326788425 ], [ 443167.91717903316021, 828297.613326270133257 ], [ 443185.776579881086946, 828320.102927338331938 ], [ 443203.635980729013681, 828337.300928154960275 ], [ 443218.849581452086568, 828366.405129536986351 ], [ 443222.818281640298665, 828392.863530794158578 ], [ 443223.47978167142719, 828423.952132269740105 ], [ 443223.47978167142719, 828457.025133840739727 ], [ 443224.802681734785438, 828494.066835600882769 ], [ 443220.172481514513493, 828529.124237265437841 ], [ 443214.219281231984496, 828553.598238429054618 ], [ 443204.29738076031208, 828602.546240752562881 ] ] } },
{ "type": "Feature", "properties": { "OBJECTID": 229, "Name": null, "ClassID": 0, "Surface": "DIRT", "Width": 6.0, "Shape_Leng": 619.27539888599995 }, "geometry": { "type": "LineString", "coordinates": [ [ 443222.156881609000266, 828515.233536606654525 ], [ 443253.906883116811514, 828523.171036982908845 ], [ 443281.688184436410666, 828533.092937454581261 ], [ 443330.636186761781573, 828539.707537768408656 ], [ 443369.662388615310192, 828541.691937863826752 ], [ 443411.334290594793856, 828543.676337957382202 ], [ 443461.605192982591689, 828548.967938208952546 ], [ 443492.693794459104538, 828556.244038553908467 ], [ 443515.844895558431745, 828574.764939432963729 ], [ 443521.798095840960741, 828595.931640438735485 ], [ 443503.938694993034005, 828630.988942103460431 ], [ 443490.047994333319366, 828658.108843391761184 ], [ 443476.818793704733253, 828683.244244586676359 ], [ 443462.266693013720214, 828703.749545561149716 ], [ 443433.162491631694138, 828692.504745027050376 ], [ 443399.427990028634667, 828675.968244241550565 ], [ 443366.355088458396494, 828663.400543643161654 ], [ 443333.943486918695271, 828650.171343015506864 ], [ 443306.162185599096119, 828638.265042450278997 ] ] } },
{ "type": "Feature", "properties": { "OBJECTID": 230, "Name": null, "ClassID": 0, "Surface": "DIRT", "Width": 8.0, "Shape_Leng": 1714.5851596299999 }, "geometry": { "type": "LineString", "coordinates": [ [ 443478.803193799220026, 828551.613838333636522 ], [ 443492.032394427806139, 828530.447137329727411 ], [ 443506.584495118819177, 828515.895036637783051 ], [ 443517.829295652918518, 828498.697035821154714 ], [ 443525.76679603010416, 828483.483435098081827 ], [ 443535.027296469546854, 828469.592834439128637 ], [ 443548.917897129431367, 828447.103233370929956 ], [ 443561.485597725957632, 828422.62923220731318 ], [ 443573.391898292116821, 828403.446831297129393 ], [ 443580.667998637072742, 828388.894730605185032 ], [ 443583.975298794917762, 828375.004129946231842 ], [ 443581.329398668371141, 828365.743629505857825 ], [ 443572.730498260818422, 828355.160329002887011 ], [ 443565.454397914931178, 828343.91552846878767 ], [ 443557.516897537745535, 828324.071727527305484 ], [ 443557.516897537745535, 828307.535226741805673 ], [ 443545.610596972517669, 828287.691425798460841 ], [ 443538.995996657758951, 828270.493424981832504 ], [ 443529.735596218146384, 828252.634024133905768 ], [ 443523.120995904318988, 828238.081923441961408 ], [ 443517.829295652918518, 828227.498622938990593 ], [ 443511.876195370219648, 828218.899622531607747 ], [ 443502.615694929845631, 828208.977722059935331 ], [ 443496.662594647146761, 828197.732921525835991 ], [ 443499.308394772931933, 828182.519320802763104 ], [ 443512.537595401518047, 828145.477619044482708 ], [ 443524.443895966745913, 828126.295218132436275 ], [ 443543.626196878030896, 828101.821216970682144 ], [ 443560.824197694659233, 828085.946216216310859 ], [ 443572.730498260818422, 828072.055615555495024 ], [ 443576.03779841773212, 828059.487814959138632 ], [ 443581.329398668371141, 828048.243014425039291 ], [ 443578.683598543517292, 828034.352413766086102 ], [ 443588.605499014258385, 828019.800213074311614 ], [ 443600.511799579486251, 828005.909612415358424 ], [ 443610.433700051158667, 827994.003311848267913 ], [ 443617.709700397215784, 827986.065811472013593 ], [ 443623.66290067974478, 827967.544910592958331 ], [ 443623.66290067974478, 827951.00840980745852 ], [ 443619.694100490771234, 827939.763609273359179 ], [ 443613.079500176943839, 827934.472009021788836 ], [ 443601.173199611715972, 827935.79490908421576 ], [ 443591.251299140043557, 827941.74800936691463 ], [ 443580.006498605944216, 827941.74800936691463 ], [ 443573.391898292116821, 827937.117809146642685 ], [ 443567.438798009417951, 827926.534408643841743 ], [ 443566.115897946059704, 827909.997907858341932 ], [ 443566.115897946059704, 827898.091707292944193 ], [ 443559.501297632232308, 827886.846906758844852 ], [ 443549.579397160559893, 827880.232306445017457 ], [ 443533.042896375060081, 827883.539606602862477 ], [ 443515.844895558431745, 827892.800007041543722 ], [ 443496.662594647146761, 827901.399007450789213 ], [ 443476.818793704733253, 827909.336507827043533 ], [ 443462.92819304484874, 827915.289608109742403 ], [ 443444.407292165793478, 827920.581308361142874 ], [ 443428.532291411422193, 827931.164708863943815 ], [ 443419.271790971048176, 827944.393809493631124 ], [ 443412.657190657220781, 827962.914710372686386 ], [ 443401.41239012312144, 827971.513710780069232 ], [ 443386.198789400979877, 827980.112711189314723 ], [ 443365.693588426336646, 827992.018911754712462 ], [ 443349.157087640836835, 828003.26381228864193 ], [ 443326.005986541509628, 828015.170012854039669 ], [ 443318.068486164323986, 828025.091913325712085 ], [ 443316.745586101897061, 828035.675313828513026 ], [ 443320.052886258810759, 828048.243014425039291 ], [ 443325.344586510211229, 828055.519114771857858 ], [ 443330.636186761781573, 828062.133715085685253 ], [ 443333.943486918695271, 828081.977516027167439 ], [ 443337.912287106737494, 828096.5296167191118 ], [ 443333.282086887396872, 828109.758817346766591 ], [ 443329.974786730483174, 828122.326517943292856 ], [ 443329.974786730483174, 828136.878618635237217 ], [ 443334.604986949823797, 828158.045319641008973 ], [ 443339.896687201224267, 828177.227620551362634 ], [ 443348.495587609708309, 828191.118321212008595 ], [ 443352.464387798681855, 828210.962122153490782 ], [ 443357.094588018022478, 828231.467323128134012 ], [ 443354.448787892237306, 828248.665323944762349 ], [ 443346.511287515982985, 828261.233024541288614 ], [ 443337.250787075608969, 828274.46222517080605 ], [ 443326.667486572638154, 828290.998725956305861 ], [ 443321.375786321237683, 828301.582026457414031 ], [ 443318.068486164323986, 828316.134227149188519 ], [ 443318.729986196383834, 828331.347727872431278 ], [ 443320.714286290109158, 828349.207128720358014 ], [ 443324.021586447022855, 828362.436329348012805 ], [ 443326.005986541509628, 828374.342629915103316 ], [ 443327.990386635996401, 828387.571830542758107 ], [ 443333.282086887396872, 828387.571830542758107 ], [ 443355.110187923535705, 828400.139531139284372 ], [ 443372.96968877222389, 828409.400031579658389 ], [ 443386.198789400979877, 828415.353131862357259 ], [ 443406.704090374521911, 828423.290632238611579 ], [ 443417.948890908621252, 828431.228132616728544 ], [ 443413.318690688349307, 828439.165632992982864 ], [ 443408.026990436948836, 828448.426133433356881 ], [ 443405.381190312094986, 828459.009433936327696 ], [ 443406.704090374521911, 828472.238634563982487 ], [ 443408.688490469008684, 828492.743935538455844 ], [ 443409.349890500307083, 828506.634536197409034 ], [ 443406.042590343393385, 828525.816937109455466 ], [ 443395.459289840422571, 828537.723137674853206 ], [ 443388.844689526595175, 828543.676337957382202 ] ] } },
{ "type": "Feature", "properties": { "OBJECTID": 231, "Name": null, "ClassID": 0, "Surface": "DIRT", "Width": 8.0, "Shape_Leng": 588.92166535299998 }, "geometry": { "type": "LineString", "coordinates": [ [ 443524.443895966745913, 828483.483435098081827 ], [ 443507.245995149947703, 828475.545934721827507 ], [ 443493.355294490233064, 828468.269934374839067 ], [ 443471.527093453332782, 828458.348033905029297 ], [ 443453.006292574107647, 828448.426133433356881 ], [ 443436.469791788607836, 828440.488633055239916 ], [ 443431.839591568335891, 828437.181332899257541 ], [ 443439.115591914393008, 828423.290632238611579 ], [ 443444.407292165793478, 828404.108331328257918 ], [ 443447.714592322707176, 828385.587430449202657 ], [ 443453.667692605406046, 828368.389529632404447 ], [ 443458.297892824746668, 828351.853028846904635 ], [ 443457.636492793448269, 828334.655028028413653 ], [ 443458.297892824746668, 828316.134227149188519 ], [ 443458.297892824746668, 828300.259126394987106 ], [ 443458.297892824746668, 828282.39972554706037 ], [ 443458.959392856806517, 828255.941324289888144 ], [ 443450.360392448492348, 828237.420523410663009 ], [ 443444.407292165793478, 828216.253822404891253 ], [ 443440.438491976819932, 828198.39432155713439 ], [ 443432.50099159963429, 828177.227620551362634 ], [ 443424.563491222448647, 828142.831718917936087 ], [ 443417.287390877492726, 828115.711917629465461 ], [ 443410.011390531435609, 828101.821216970682144 ], [ 443403.396790217608213, 828085.946216216310859 ], [ 443403.396790217608213, 828066.102415272966027 ], [ 443408.688490469008684, 828015.831512885168195 ], [ 443408.688490469008684, 827984.742911409586668 ], [ 443408.688490469008684, 827966.222010528668761 ] ] } },
{ "type": "Feature", "properties": { "OBJECTID": 232, "Name": null, "ClassID": 0, "Surface": "DIRT", "Width": 6.0, "Shape_Leng": 1344.2674096000001 }, "geometry": { "type": "LineString", "coordinates": [ [ 443965.637516922317445, 827209.512174587696791 ], [ 443947.116616043262184, 827233.986175749450922 ], [ 443932.564515351317823, 827265.73627725802362 ], [ 443919.335314723663032, 827311.376979425549507 ], [ 443912.059214377775788, 827332.543680431321263 ], [ 443914.705114503391087, 827353.048881405964494 ], [ 443914.043614472262561, 827371.569782285019755 ], [ 443904.783214031718671, 827387.444783039391041 ], [ 443892.215513435192406, 827398.689683573320508 ], [ 443875.017512618564069, 827409.272984076291323 ], [ 443851.205011487007141, 827425.147984830662608 ], [ 443835.329910732805729, 827435.73138533346355 ], [ 443822.100710105150938, 827450.944986054673791 ], [ 443816.147609822452068, 827466.158486777916551 ], [ 443816.809109853580594, 827484.679387656971812 ], [ 443822.762210136279464, 827507.168988725170493 ], [ 443834.66851070150733, 827536.93469014018774 ], [ 443845.91331123560667, 827562.731591364368796 ], [ 443859.142511864192784, 827589.189992621541023 ], [ 443870.387312398292124, 827608.372393531724811 ], [ 443884.939413089305162, 827646.075595322996378 ], [ 443892.215513435192406, 827663.273496139794588 ], [ 443890.892513372004032, 827688.40899733453989 ], [ 443878.324812775477767, 827714.205898558720946 ], [ 443867.741512272506952, 827739.341399753466249 ], [ 443848.559111361391842, 827769.107001166790724 ], [ 443828.053910387679935, 827792.919602297246456 ], [ 443794.980908816680312, 827840.544704560190439 ], [ 443766.538107465952635, 827882.878106571733952 ], [ 443741.402706271968782, 827918.596908267587423 ], [ 443723.543305424042046, 827937.779309177771211 ], [ 443712.959904921241105, 827959.607410214841366 ], [ 443681.209803412668407, 828004.586712351068854 ], [ 443665.334802659228444, 828027.076313419267535 ], [ 443645.491001715883613, 828046.920114362612367 ], [ 443630.938901024870574, 828078.008715840056539 ], [ 443633.584701150655746, 828114.389017567038536 ], [ 443643.506601622328162, 828142.831718917936087 ], [ 443648.136901842430234, 828159.368219703435898 ], [ 443661.366002470254898, 828189.1339211165905 ], [ 443660.704602438956499, 828233.451723221689463 ], [ 443648.136901842430234, 828263.21742463670671 ], [ 443633.584701150655746, 828291.660225987434387 ], [ 443615.725300302729011, 828314.149827055633068 ], [ 443601.173199611715972, 828337.300928154960275 ], [ 443589.928399077616632, 828360.452029254287481 ], [ 443583.313798762857914, 828373.019729850813746 ] ] } },
{ "type": "Feature", "properties": { "OBJECTID": 233, "Name": null, "ClassID": 0, "Surface": "DIRT", "Width": 7.0, "Shape_Leng": 451.32480889 }, "geometry": { "type": "LineString", "coordinates": [ [ 444173.997326819226146, 826978.001263592392206 ], [ 444178.627527038566768, 826999.829464629292488 ], [ 444193.841027761809528, 827011.735765194520354 ], [ 444210.377528547309339, 827028.933666011318564 ], [ 444225.591129269450903, 827044.808766765519977 ], [ 444241.466130023822188, 827046.7930668592453 ], [ 444270.570431405678391, 827039.517066514119506 ], [ 444285.122532097622752, 827034.886866293847561 ], [ 444294.38293253723532, 827038.855566481128335 ], [ 444305.62773307133466, 827056.053567299619317 ], [ 444314.888233510777354, 827073.912968147546053 ], [ 444329.440334201790392, 827082.511968554928899 ], [ 444351.929935269989073, 827080.527568461373448 ], [ 444372.435136244632304, 827070.605667989701033 ], [ 444396.909237407147884, 827060.022267486900091 ], [ 444393.601937249302864, 827046.7930668592453 ], [ 444389.633137061260641, 827026.949265915900469 ], [ 444375.742436401546001, 827015.043065350502729 ], [ 444353.914335364475846, 827007.766965005546808 ], [ 444337.377834578976035, 826998.506564565002918 ], [ 444320.179833762347698, 826997.845064533874393 ], [ 444306.950633133761585, 827010.412865130230784 ], [ 444297.028732663020492, 827022.980565728619695 ], [ 444284.461032065562904, 827034.886866293847561 ] ] } },
{ "type": "Feature", "properties": { "OBJECTID": 234, "Name": null, "ClassID": 0, "Surface": "DIRT", "Width": 6.0, "Shape_Leng": 801.17803997700003 }, "geometry": { "type": "LineString", "coordinates": [ [ 444404.846737783402205, 826808.667655548080802 ], [ 444420.060238506644964, 826819.912456082180142 ], [ 444433.950939166359603, 826839.094756994396448 ], [ 444442.549939574673772, 826855.631257779896259 ], [ 444437.9196393545717, 826874.81355869024992 ], [ 444437.258239323273301, 826893.995959602296352 ], [ 444451.148839983157814, 826915.162660606205463 ], [ 444463.716640580445528, 826933.022061455994844 ], [ 444484.883341585285962, 826952.865862397477031 ], [ 444500.096942308358848, 826959.480462711304426 ], [ 444521.263643313199282, 826966.095063026994467 ], [ 444549.044944632798433, 826974.693963434547186 ], [ 444564.919945387169719, 826980.647163717076182 ], [ 444570.873045669868588, 826971.386663276702166 ], [ 444559.628245135769248, 826961.464762806892395 ], [ 444541.76884428691119, 826948.897062208503485 ], [ 444534.492843941785395, 826938.975161738693714 ], [ 444522.586543376557529, 826921.777260921895504 ], [ 444519.94064325094223, 826906.563660198822618 ], [ 444520.602143282070756, 826891.350059475749731 ], [ 444521.263643313199282, 826870.183358469977975 ], [ 444525.232343501411378, 826845.709357308223844 ], [ 444527.878243627958, 826824.542656302452087 ], [ 444526.555243564769626, 826813.297855768352747 ], [ 444525.893843533471227, 826798.745755078271031 ], [ 444517.294843125157058, 826777.579054072499275 ], [ 444506.050042591057718, 826755.750853035598993 ], [ 444500.096942308358848, 826735.245652060955763 ], [ 444490.836441867984831, 826716.063251150771976 ], [ 444487.529141711071134, 826692.250750018283725 ], [ 444490.836441867984831, 826676.375649265944958 ], [ 444490.175041836686432, 826657.193348353728652 ], [ 444489.513541805557907, 826643.964147726073861 ], [ 444502.742742433212698, 826597.000545494258404 ], [ 444518.617743187583983, 826569.219244174659252 ], [ 444527.216743595898151, 826546.068143075332046 ], [ 444519.94064325094223, 826519.609741820022464 ], [ 444502.081242402084172, 826503.073241034522653 ], [ 444488.852041773498058, 826495.797240687534213 ] ] } },
{ "type": "Feature", "properties": { "OBJECTID": 235, "Name": null, "ClassID": 0, "Surface": "GRAVEL", "Width": 7.0, "Shape_Leng": 463.14065193300002 }, "geometry": { "type": "LineString", "coordinates": [ [ 445511.468690345995128, 824743.590557463467121 ], [ 445557.770892544649541, 824738.960357243195176 ], [ 445611.349095089361072, 824738.29885721206665 ], [ 445649.713796911761165, 824737.637457180768251 ], [ 445702.630599425174296, 824738.960357243195176 ], [ 445748.271301592700183, 824740.944757336750627 ], [ 445783.328603258356452, 824740.283257305622101 ], [ 445789.943203572183847, 824754.835357997566462 ], [ 445789.943203572183847, 824787.908359568566084 ], [ 445791.92760366667062, 824800.476160164922476 ], [ 445824.339105206541717, 824799.153160102665424 ], [ 445867.995507279410958, 824797.830260038375854 ], [ 445908.344509196467698, 824797.168860007077456 ], [ 445920.912209792993963, 824799.153160102665424 ] ] } },
{ "type": "Feature", "properties": { "OBJECTID": 236, "Name": null, "ClassID": 0, "Surface": "DIRT", "Width": 6.0, "Shape_Leng": 946.71430098999997 }, "geometry": { "type": "LineString", "coordinates": [ [ 445459.874887894839048, 824369.204439681023359 ], [ 445431.432086544111371, 824371.18883977457881 ], [ 445401.666385130025446, 824383.095040339976549 ], [ 445391.744484659284353, 824406.246141439303756 ], [ 445388.437184501439333, 824431.381642634049058 ], [ 445380.499684125185013, 824451.225443575531244 ], [ 445360.655883182771504, 824471.730644550174475 ], [ 445344.780882428400218, 824485.621345210820436 ], [ 445336.843382051214576, 824511.418246435001493 ], [ 445330.890181768685579, 824530.600547347217798 ], [ 445328.905881674028933, 824551.10584831982851 ], [ 445330.890181768685579, 824580.210049701854587 ], [ 445328.905881674028933, 824608.652851054444909 ], [ 445332.874581863172352, 824628.496551996096969 ], [ 445334.197481925599277, 824659.585253473371267 ], [ 445340.812082239426672, 824678.767554383724928 ], [ 445351.395482742227614, 824691.335254980251193 ], [ 445364.624683370813727, 824717.79365623742342 ], [ 445385.129884344525635, 824755.496858028694987 ], [ 445390.421584595926106, 824781.955259285867214 ], [ 445395.051784816198051, 824803.121960289776325 ], [ 445392.405984690412879, 824830.241761578246951 ], [ 445391.744484659284353, 824858.684562928974628 ], [ 445384.468484313227236, 824889.7731644064188 ], [ 445375.869483904913068, 824910.278365379199386 ], [ 445348.749682616442442, 824937.398266667500138 ], [ 445331.551681799814105, 824953.273267421871424 ], [ 445320.306881265714765, 824972.455668333917856 ], [ 445301.124580354429781, 824998.913969589397311 ], [ 445284.58807956892997, 825013.466170281171799 ], [ 445259.452578375115991, 825024.710970815271139 ], [ 445232.332777087576687, 825044.554771758615971 ], [ 445209.181675987318158, 825062.414172606542706 ], [ 445189.337875044904649, 825076.304773265495896 ], [ 445173.462874291464686, 825088.872473862022161 ], [ 445158.910673599690199, 825098.794374333694577 ], [ 445133.11377237457782, 825112.023574963212013 ] ] } },
{ "type": "Feature", "properties": { "OBJECTID": 237, "Name": null, "ClassID": 0, "Surface": "GRAVEL", "Width": 7.0, "Shape_Leng": 3430.1889634700001 }, "geometry": { "type": "LineString", "coordinates": [ [ 445459.874887894839048, 824369.204439681023359 ], [ 445459.874887894839048, 824341.423138361424208 ], [ 445476.41138868033886, 824302.397036507725716 ], [ 445489.640589308924973, 824262.047934589907527 ], [ 445510.145790282636881, 824210.45413213968277 ], [ 445541.23439175914973, 824162.167529847472906 ], [ 445582.244893707334995, 824119.172627804800868 ], [ 445606.057394837960601, 824097.344526767730713 ], [ 445631.854396063834429, 824071.150725523009896 ], [ 445643.099196597933769, 824051.30692458152771 ], [ 445653.021097068674862, 824034.108923764899373 ], [ 445660.297097414731979, 824008.973522569984198 ], [ 445668.234597791917622, 823984.499521408230066 ], [ 445673.526298043318093, 823962.671320371329784 ], [ 445670.218997885473073, 823945.473319554701447 ], [ 445666.250297697260976, 823908.431617794558406 ], [ 445664.265897602774203, 823866.759615816175938 ], [ 445663.604397571645677, 823827.733513962477446 ], [ 445663.604397571645677, 823793.999112360179424 ], [ 445662.942997540347278, 823762.910510882735252 ], [ 445678.817998293787241, 823733.14480946958065 ], [ 445707.260799645446241, 823698.748907836154103 ], [ 445731.073300776071846, 823681.551007019355893 ], [ 445762.823402284644544, 823678.243706861510873 ], [ 445797.219303918071091, 823682.212407050654292 ], [ 445835.583905740641057, 823677.582206830382347 ], [ 445875.271507625468075, 823672.290506578981876 ], [ 445905.037209038622677, 823669.644706452265382 ], [ 445928.849710170179605, 823661.707206076011062 ], [ 445947.37061105016619, 823646.493605352938175 ], [ 445967.875912023708224, 823625.326904349029064 ], [ 446000.94881359487772, 823598.868503091856837 ], [ 446057.834416296333075, 823550.581900797784328 ], [ 446094.876118055544794, 823520.154799353331327 ], [ 446122.657419375143945, 823498.326598316431046 ], [ 446151.761620758101344, 823480.46719746850431 ], [ 446178.220022014342248, 823464.592196714133024 ], [ 446200.04822305124253, 823452.024496117606759 ], [ 446224.522224213927984, 823438.795295488089323 ], [ 446255.610825690440834, 823425.566094860434532 ], [ 446278.76192678976804, 823409.69099410623312 ], [ 446305.220328046940267, 823386.53999300673604 ], [ 446331.017229272052646, 823360.742991780862212 ], [ 446350.199530183337629, 823337.591890681535006 ], [ 446362.767330779694021, 823319.071089802309871 ], [ 446377.319431471638381, 823291.289788482710719 ], [ 446386.579831911250949, 823268.800087414681911 ], [ 446401.793432633392513, 823235.727185843512416 ], [ 446413.699633198790252, 823207.284384492784739 ], [ 446419.652833482250571, 823180.164583204314113 ], [ 446433.543434142135084, 823150.398881791159511 ], [ 446450.079934927634895, 823127.247780689969659 ], [ 446481.168536404147744, 823096.820579245686531 ], [ 446506.304037597961724, 823076.976878302171826 ], [ 446539.377039168961346, 823057.13307736068964 ], [ 446564.512440362013876, 823049.856977013871074 ], [ 446613.460542687214911, 823049.856977013871074 ], [ 446647.194944289512932, 823051.841377109289169 ], [ 446672.991845514625311, 823049.856977013871074 ], [ 446690.18984633218497, 823046.549676857888699 ], [ 446719.955547745339572, 823031.336076134815812 ], [ 446745.090948939323425, 823015.461075380444527 ], [ 446787.424350949935615, 822994.955874407663941 ], [ 446826.450552803464234, 822975.773473495617509 ], [ 446868.122454782947898, 822954.606772489845753 ], [ 446905.164156542159617, 822932.778671454638243 ], [ 446925.669457516632974, 822920.210870856419206 ], [ 446948.159058584831655, 822914.919170605018735 ], [ 446966.018459432758391, 822903.012970039620996 ], [ 446988.508160500787199, 822884.492069160565734 ], [ 447001.737361129373312, 822872.585768595337868 ], [ 447024.888362228870392, 822846.127367338165641 ], [ 447032.825962605886161, 822830.913866614922881 ], [ 447034.148862669244409, 822813.715865798294544 ], [ 447032.164462574757636, 822794.533564887940884 ], [ 447026.211362292058766, 822770.059563724324107 ], [ 447020.919662040658295, 822744.92406253144145 ], [ 447018.273761915042996, 822716.4813611805439 ], [ 447015.627961789257824, 822687.377059798687696 ], [ 447007.690461412072182, 822650.996858069673181 ], [ 446998.430060972459614, 822617.923856498673558 ], [ 446977.92475999891758, 822586.835255023092031 ], [ 446954.112258867360651, 822565.00705398619175 ], [ 446929.638257704675198, 822545.824753073975444 ], [ 446899.211056259460747, 822527.303852194920182 ], [ 446866.799554720520973, 822514.074651567265391 ], [ 446842.986953589133918, 822498.199650812894106 ], [ 446825.127552741207182, 822478.355849869549274 ], [ 446809.252551986835897, 822452.558948645368218 ], [ 446803.960851735435426, 822428.746347513049841 ], [ 446801.976451640948653, 822394.350445879623294 ], [ 446800.653551578521729, 822358.631644183769822 ], [ 446799.99215154722333, 822325.5586426127702 ], [ 446800.653551578521729, 822299.100241355597973 ], [ 446805.945251829922199, 822254.78243925049901 ], [ 446802.637951673008502, 822232.954338213428855 ], [ 446798.669151484034956, 822205.834436925128102 ], [ 446787.424350949935615, 822187.975036077201366 ], [ 446775.518150384537876, 822166.146835040301085 ], [ 446758.981649599038064, 822150.271834285929799 ], [ 446732.52324834279716, 822128.443733250722289 ], [ 446700.111746802926064, 822104.631132118403912 ], [ 446666.377245200797915, 822079.495630925521255 ], [ 446633.965743660926819, 822060.313330013304949 ], [ 446613.460542687214911, 822045.099729292094707 ], [ 446605.522942310199142, 822017.979928003624082 ], [ 446604.861542278900743, 822013.349727783352137 ] ] } },
{ "type": "Feature", "properties": { "OBJECTID": 238, "Name": null, "ClassID": 0, "Surface": "GRAVEL", "Width": 7.0, "Shape_Leng": 4929.1260745600002 }, "geometry": { "type": "LineString", "coordinates": [ [ 445554.463592387735844, 824146.95392912440002 ], [ 445499.562389779835939, 824150.922729313373566 ], [ 445455.244687675498426, 824163.490429909899831 ], [ 445406.296585350297391, 824175.396730475127697 ], [ 445356.025682962499559, 824181.349830757826567 ], [ 445325.598581517115235, 824185.318630946800113 ], [ 445287.233879694715142, 824192.594731291756034 ], [ 445251.51507799886167, 824209.131132077425718 ], [ 445227.702476867474616, 824216.407232422381639 ], [ 445197.936875453218818, 824229.636433051899076 ], [ 445165.525273914448917, 824234.928133303299546 ], [ 445129.806472217664123, 824248.157333930954337 ], [ 445110.624171306379139, 824252.787534151226282 ], [ 445082.181369955651462, 824254.771934244781733 ], [ 445058.368868824094534, 824249.480233993381262 ], [ 445035.879267755895853, 824234.266633270308375 ], [ 445020.665667033754289, 824219.71453258022666 ], [ 445004.790566279552877, 824201.193631701171398 ], [ 444994.207265776582062, 824183.334230851382017 ], [ 444985.608265368267894, 824160.183129752054811 ], [ 444969.071764582768083, 824121.157027898356318 ], [ 444954.519663891755044, 824103.959127081558108 ], [ 444930.045662729069591, 824090.729926453903317 ], [ 444898.957061252556741, 824082.130926044657826 ], [ 444871.17575993295759, 824065.594425259158015 ], [ 444854.639259147457778, 824047.073524380102754 ], [ 444850.009058928117156, 824029.214123532176018 ], [ 444844.717358676716685, 824014.662022840231657 ], [ 444833.472558142617345, 824003.417222306132317 ], [ 444822.227757608518004, 823989.526621647179127 ], [ 444815.613157293759286, 823974.31302092410624 ], [ 444809.660057011060417, 823935.948319101706147 ], [ 444804.368356759659946, 823900.891017436981201 ], [ 444800.399556571617723, 823877.078416306525469 ], [ 444791.800556163303554, 823853.927315205335617 ], [ 444783.201655754819512, 823831.437714137136936 ], [ 444762.034954749047756, 823814.239813320338726 ], [ 444733.592153398320079, 823799.026212599128485 ], [ 444685.967051136307418, 823792.411612283438444 ], [ 444645.618049220182002, 823791.088712221011519 ], [ 444603.284647209569812, 823795.718912441283464 ], [ 444566.904345480725169, 823802.994912786409259 ], [ 444527.216743595898151, 823812.916813258081675 ], [ 444495.466642088256776, 823817.54701347835362 ], [ 444467.023940737359226, 823813.5783132892102 ], [ 444433.950939166359603, 823797.041812503710389 ], [ 444411.461338098160923, 823779.843911686912179 ], [ 444383.018536747433245, 823763.307410901412368 ], [ 444354.575735395774245, 823748.093810178339481 ], [ 444328.117434139363468, 823730.895809361711144 ], [ 444303.643332976847887, 823714.359308576211333 ], [ 444282.476631972007453, 823700.468707917258143 ], [ 444259.325630871579051, 823684.593707162886858 ], [ 444238.820329898037016, 823671.364506535232067 ], [ 444220.960929050110281, 823660.119706001132727 ], [ 444195.164027824066579, 823646.890505371615291 ], [ 444172.674326756037772, 823636.307104868814349 ], [ 444118.434724180027843, 823616.463303927332163 ], [ 444077.424222231842577, 823603.234103299677372 ], [ 444043.02832059841603, 823592.650802796706557 ], [ 444015.908419310115278, 823580.08300219848752 ], [ 443998.049018462188542, 823551.64030084758997 ], [ 443986.142717896029353, 823509.306898837909102 ], [ 443980.189617613330483, 823468.957796920090914 ], [ 443968.944817079231143, 823437.207795413210988 ], [ 443955.715616451576352, 823400.827493684366345 ], [ 443943.147815854288638, 823380.983692742884159 ], [ 443919.996814754791558, 823360.478391768410802 ], [ 443894.199813529849052, 823341.296090858057141 ], [ 443869.0644123358652, 823324.098190041258931 ], [ 443844.590411173179746, 823312.853389507159591 ], [ 443822.762210136279464, 823310.868989411741495 ], [ 443801.595509130507708, 823324.098190041258931 ], [ 443785.059008345007896, 823339.311690762639046 ], [ 443762.569407276809216, 823353.202391423285007 ], [ 443738.756806146353483, 823364.447191957384348 ], [ 443709.652604763396084, 823375.691992491483688 ], [ 443679.886903350241482, 823386.27539299428463 ], [ 443648.136901842430234, 823400.16599365323782 ], [ 443616.386800333857536, 823416.041094407439232 ], [ 443587.28259895183146, 823420.009794596582651 ], [ 443569.423198102973402, 823410.749394156038761 ], [ 443553.548097349703312, 823402.150393748655915 ], [ 443531.719996312633157, 823394.21289337053895 ], [ 443509.230295244604349, 823395.535793432965875 ], [ 443485.417794113047421, 823399.504593621939421 ], [ 443464.912493139505386, 823400.16599365323782 ], [ 443449.037492385134101, 823392.2284932769835 ], [ 443429.193691442720592, 823379.660792680457234 ], [ 443411.334290594793856, 823364.447191957384348 ], [ 443386.198789400979877, 823347.910691171884537 ], [ 443344.526887421496212, 823319.467989820986986 ], [ 443327.328886604867876, 823317.483589725568891 ], [ 443306.162185599096119, 823321.45228991471231 ], [ 443293.594485002569854, 823335.342990575358272 ], [ 443272.427783996798098, 823346.587791109457612 ], [ 443249.938182928599417, 823347.910691171884537 ], [ 443231.417282048612833, 823347.910691171884537 ], [ 443208.266180949285626, 823353.202391423285007 ], [ 443200.328680572099984, 823362.462791861966252 ], [ 443181.146379660815001, 823372.384692333638668 ], [ 443165.271278907544911, 823375.030592460185289 ], [ 443141.458777775987983, 823364.447191957384348 ], [ 443104.416976016946137, 823341.296090858057141 ], [ 443084.573275074362755, 823324.75959007255733 ], [ 443068.036774288862944, 823305.577289160341024 ], [ 443050.177373440004885, 823287.717888312414289 ], [ 443013.135571680963039, 823274.488687684759498 ], [ 442958.234469073824584, 823263.905287181958556 ], [ 442911.270766843110323, 823253.98338671028614 ], [ 442871.583264958113432, 823239.43128601834178 ], [ 442838.51026338711381, 823216.941684950143099 ], [ 442818.666462444700301, 823198.420784071087837 ], [ 442802.12996165920049, 823169.316582689061761 ], [ 442788.900761030614376, 823151.457181841135025 ], [ 442766.411159962415695, 823140.87388133816421 ], [ 442737.306958579458296, 823135.58218108676374 ], [ 442708.202657197602093, 823130.290480835363269 ], [ 442683.06725600361824, 823127.644680708646774 ], [ 442661.239054966717958, 823132.936280960217118 ], [ 442638.749453898519278, 823142.858181431889534 ], [ 442550.113849688321352, 823169.316582689061761 ], [ 442513.733547960408032, 823181.222883254289627 ], [ 442477.353246232494712, 823191.806183757260442 ], [ 442450.894844976253808, 823196.436483977362514 ], [ 442425.759443782269955, 823191.806183757260442 ], [ 442397.316642431542277, 823179.238483160734177 ], [ 442374.827041363343596, 823169.316582689061761 ], [ 442355.644740452058613, 823165.347882499918342 ], [ 442323.894638943485916, 823147.488381652161479 ], [ 442297.436237687245011, 823135.58218108676374 ], [ 442260.394535928033292, 823119.045680301263928 ], [ 442216.07673382293433, 823102.509179515764117 ], [ 442184.98813234642148, 823095.233079170808196 ], [ 442147.284930555149913, 823082.665378572419286 ], [ 442103.628528481349349, 823065.467477755621076 ], [ 442077.170127225108445, 823053.561177190393209 ], [ 442055.34202618803829, 823036.363176373764873 ], [ 442044.097225653938949, 823009.904775116592646 ], [ 442029.545124962925911, 822964.264072949066758 ], [ 442029.545124962925911, 822942.435971911996603 ], [ 442046.081525748595595, 822908.040070278570056 ], [ 442054.680526156909764, 822886.8733692727983 ], [ 442049.388825905509293, 822845.201367294415832 ], [ 442047.404525810852647, 822816.097165912389755 ], [ 442044.758625685237348, 822781.701264278963208 ], [ 442035.498225245624781, 822763.841863429173827 ], [ 442016.977324365638196, 822750.612662801519036 ], [ 441988.534623014740646, 822738.044862205162644 ], [ 441968.029322041198611, 822728.784461764618754 ], [ 441941.570920784026384, 822726.138661639764905 ], [ 441908.497919213958085, 822713.570861041545868 ], [ 441884.023918051272631, 822696.372960224747658 ], [ 441857.565616794861853, 822677.190659314393997 ], [ 441840.367615977302194, 822664.622858718037605 ], [ 441829.122815443202853, 822646.102057836949825 ], [ 441814.570714752189815, 822595.169655418023467 ], [ 441803.987314249388874, 822554.820553502067924 ], [ 441784.80501333810389, 822498.596550831571221 ], [ 441777.528912993147969, 822462.877649134024978 ] ] } },
{ "type": "Feature", "properties": { "OBJECTID": 239, "Name": null, "ClassID": 0, "Surface": "DIRT", "Width": 9.0, "Shape_Leng": 191.250342502 }, "geometry": { "type": "LineString", "coordinates": [ [ 442219.384033979848027, 823103.832079578191042 ], [ 442226.660034325905144, 823084.649778667837381 ], [ 442240.550734985619783, 823064.144477693364024 ], [ 442256.425735739059746, 823044.300676750019193 ], [ 442275.608036650344729, 823023.133975746110082 ], [ 442290.160137341357768, 823004.613174865022302 ], [ 442304.712338033132255, 822990.722474206238985 ], [ 442321.248738817870617, 822972.201573327183723 ], [ 442344.399839918129146, 822968.232873138040304 ] ] } },
{ "type": "Feature", "properties": { "OBJECTID": 240, "Name": null, "ClassID": 0, "Surface": "DIRT", "Width": 9.0, "Shape_Leng": 250.676997403 }, "geometry": { "type": "LineString", "coordinates": [ [ 442286.85283718444407, 823130.951980866491795 ], [ 442312.649838409386575, 823154.102981965988874 ], [ 442341.092539760284126, 823177.915583096444607 ], [ 442352.998840326443315, 823203.712484322488308 ], [ 442350.353040200658143, 823228.186485484242439 ], [ 442356.967640514485538, 823270.519887495785952 ], [ 442374.165541331283748, 823296.978288752958179 ], [ 442407.23854290228337, 823309.54608934931457 ], [ 442422.452143625356257, 823314.837689600884914 ] ] } },
{ "type": "Feature", "properties": { "OBJECTID": 241, "Name": null, "ClassID": 0, "Surface": "GRAVEL", "Width": 7.0, "Shape_Leng": 1498.5228026299999 }, "geometry": { "type": "LineString", "coordinates": [ [ 442435.019844221882522, 823194.452083881944418 ], [ 442432.37404409609735, 823222.23338520154357 ], [ 442430.3896440025419, 823265.228287244215608 ], [ 442429.728143970482051, 823292.348088532686234 ], [ 442422.452143625356257, 823314.837689600884914 ], [ 442415.176043279469013, 823344.603391014039516 ], [ 442394.670842305757105, 823403.47329381108284 ], [ 442386.071841897442937, 823439.853595538064837 ], [ 442376.149941425770521, 823470.942197015509009 ], [ 442372.842641268856823, 823500.046398397535086 ], [ 442368.873841079883277, 823533.780899999663234 ], [ 442347.045740043744445, 823594.635202890262008 ], [ 442341.754039792343974, 823625.062304334715009 ], [ 442333.155039384029806, 823664.749906221404672 ], [ 442317.28003862965852, 823698.484307823702693 ], [ 442302.066437907516956, 823726.92710917443037 ], [ 442286.191437153145671, 823767.276111090555787 ], [ 442270.316436398774385, 823808.28661303780973 ], [ 442253.779935613274574, 823839.375214515253901 ], [ 442243.196535110473633, 823847.974214922636747 ], [ 442250.472635456360877, 823850.620015049353242 ], [ 442245.842435237020254, 823869.802415959537029 ], [ 442253.118435582146049, 823890.30761693418026 ], [ 442262.378836021758616, 823910.812917908653617 ], [ 442272.962236524559557, 823928.672318756580353 ], [ 442277.592436744831502, 823954.469219980761409 ], [ 442282.884136996231973, 823977.620321081951261 ], [ 442305.373738064430654, 823987.542221551761031 ], [ 442321.910238849930465, 823998.787022085860372 ], [ 442325.879039037972689, 824013.339122777804732 ], [ 442323.894638943485916, 824027.891223469749093 ], [ 442319.925838755443692, 824039.136024003848433 ], [ 442317.941538660787046, 824056.995424851775169 ], [ 442317.941538660787046, 824075.516325730830431 ], [ 442334.47793944645673, 824086.761126264929771 ], [ 442350.353040200658143, 824096.021626705303788 ], [ 442368.873841079883277, 824107.266427239403129 ], [ 442376.811441456899047, 824125.787228118628263 ], [ 442382.764541739597917, 824148.93832921795547 ], [ 442388.717642023228109, 824174.735230443999171 ], [ 442401.285442619584501, 824203.178031794726849 ], [ 442415.176043279469013, 824232.282233176752925 ], [ 442431.712544064968824, 824258.740634433925152 ], [ 442452.217845038510859, 824269.985434968024492 ], [ 442478.676146295852959, 824279.907335439696908 ], [ 442521.009648306295276, 824295.78243619389832 ], [ 442542.176349312067032, 824305.704336663708091 ], [ 442570.619050662964582, 824310.334536883980036 ], [ 442594.431651793420315, 824310.334536883980036 ], [ 442612.291052642278373, 824305.042836632579565 ], [ 442632.796253615990281, 824293.798036098480225 ], [ 442655.947354715317488, 824286.521935753524303 ], [ 442679.098455815576017, 824280.568835470825434 ], [ 442710.848557323217392, 824271.308435030281544 ], [ 442731.3537582969293, 824262.709434622898698 ] ] } },
{ "type": "Feature", "properties": { "OBJECTID": 242, "Name": null, "ClassID": 0, "Surface": "GRAVEL", "Width": 12.0, "Shape_Leng": 191.03666289500001 }, "geometry": { "type": "LineString", "coordinates": [ [ 443264.490283619612455, 823345.926291076466441 ], [ 443292.932984970510006, 823310.207489380612969 ], [ 443317.40698613319546, 823283.749088123440742 ], [ 443350.479987704195082, 823240.092786051332951 ], [ 443378.261289023794234, 823193.129183819517493 ] ] } },
{ "type": "Feature", "properties": { "OBJECTID": 243, "Name": null, "ClassID": 0, "Surface": "DIRT", "Width": 20.0, "Shape_Leng": 313.21805254600002 }, "geometry": { "type": "LineString", "coordinates": [ [ 443378.261289023794234, 823193.129183819517493 ], [ 443410.011390531435609, 823133.862381005659699 ], [ 443431.839591568335891, 823083.591378616169095 ], [ 443437.79269185103476, 823030.013176072388887 ], [ 443435.146891725249588, 822981.726673778146505 ], [ 443434.485391694121063, 822943.361971955746412 ], [ 443431.178091537207365, 822918.226470762863755 ], [ 443443.74579213373363, 822896.3983697257936 ] ] } },
{ "type": "Feature", "properties": { "OBJECTID": 245, "Name": null, "ClassID": 0, "Surface": "GRAVEL", "Width": 6.0, "Shape_Leng": 1260.0238755299999 }, "geometry": { "type": "LineString", "coordinates": [ [ 443443.74579213373363, 822896.3983697257936 ], [ 443462.266693013720214, 822873.908668657764792 ], [ 443477.480293735861778, 822860.018067998811603 ], [ 443501.292794867418706, 822851.419067589566112 ], [ 443551.563697255216539, 822829.590966552495956 ], [ 443564.131497851572931, 822821.65336617641151 ], [ 443569.423198102973402, 822804.455465359613299 ], [ 443576.699198449030519, 822789.903364667668939 ], [ 443589.266899045556784, 822770.059563724324107 ], [ 443599.188799517229199, 822766.090763537213206 ], [ 443613.079500176943839, 822766.752263568341732 ], [ 443621.678500585258007, 822772.705363851040602 ], [ 443634.907701213844121, 822784.611664416268468 ], [ 443646.152501747943461, 822791.226264730095863 ], [ 443673.933803067542613, 822795.856464950367808 ], [ 443691.131703884340823, 822793.872064856812358 ], [ 443711.637004857882857, 822782.627264322713017 ], [ 443730.157805738039315, 822772.705363851040602 ], [ 443748.678706617094576, 822764.106463441625237 ], [ 443765.876707434654236, 822754.184562971815467 ], [ 443786.381908408366144, 822733.67926199734211 ], [ 443800.934009099379182, 822719.788661336526275 ], [ 443844.590411173179746, 822682.746859578415751 ], [ 443877.00191271211952, 822659.595758479088545 ], [ 443896.184213623404503, 822646.366557849571109 ], [ 443904.121714000590146, 822635.783257346600294 ], [ 443902.798813938163221, 822624.538456812500954 ], [ 443902.137413906864822, 822611.309256184846163 ], [ 443900.814413843676448, 822601.387355713173747 ], [ 443900.153013812378049, 822590.803955210372806 ], [ 443904.783214031718671, 822566.9914540797472 ], [ 443916.68951459787786, 822545.824753073975444 ], [ 443926.611415068618953, 822527.303852194920182 ], [ 443934.548915445804596, 822504.814251126721501 ], [ 443939.179115666076541, 822465.126649241894484 ], [ 443938.517615634016693, 822447.928648425266147 ], [ 443944.470815917477012, 822430.069247577339411 ], [ 443955.054116419516504, 822403.610946319997311 ], [ 443961.007316702976823, 822383.767145376652479 ], [ 443968.944817079231143, 822364.584744466468692 ], [ 443983.496917771175504, 822329.527442801743746 ], [ 443997.387518430128694, 822307.037741731852293 ], [ 444011.939619122073054, 822287.194040790200233 ], [ 444026.491819812916219, 822252.136639125645161 ], [ 444037.075120315887034, 822223.032437743619084 ], [ 444039.059520409442484, 822205.834436925128102 ], [ 444034.429320190101862, 822189.959436172619462 ], [ 444026.491819812916219, 822175.407335480675101 ], [ 444016.569919341243804, 822158.87083469517529 ], [ 444003.340718713589013, 822139.027033751830459 ], [ 443999.371918524615467, 822127.120733186602592 ], [ 444007.309418901801109, 822111.245732432231307 ], [ 444018.55421943590045, 822090.079031428322196 ], [ 444031.122020033188164, 822068.250830391421914 ], [ 444044.351220660842955, 822039.146629009395838 ], [ 444050.965820975601673, 822018.641428034752607 ], [ 444055.596021194942296, 822010.042427625507116 ] ] } },
{ "type": "Feature", "properties": { "OBJECTID": 246, "Name": null, "ClassID": 0, "Surface": "GRAVEL", "Width": 9.0, "Shape_Leng": 1357.83451885 }, "geometry": { "type": "LineString", "coordinates": [ [ 446604.861542278900743, 822013.349727783352137 ], [ 446610.814642561599612, 821975.646525992080569 ], [ 446616.106342813000083, 821945.219324547797441 ], [ 446628.012643378227949, 821920.083923352882266 ], [ 446647.856444320641458, 821898.917222348973155 ], [ 446657.116844761185348, 821877.750521343201399 ], [ 446664.392845106311142, 821852.615020148456097 ], [ 446674.314745577983558, 821822.849318735301495 ], [ 446677.622045734897256, 821798.375317571684718 ], [ 446690.18984633218497, 821775.885716503486037 ], [ 446707.387747148983181, 821763.979415938258171 ], [ 446741.783648782409728, 821760.672115782275796 ], [ 446765.596249913796782, 821763.317915907129645 ], [ 446794.700451295822859, 821757.364815624430776 ], [ 446822.48175261542201, 821728.922014273703098 ], [ 446848.278653840534389, 821711.062613425776362 ], [ 446881.351655411534011, 821695.187612671405077 ], [ 446917.070457108318806, 821674.68231169693172 ], [ 446936.914258050732315, 821658.807310942560434 ], [ 446962.711159275844693, 821636.979109907522798 ], [ 446989.16956053301692, 821624.411409309133887 ], [ 447020.919662040658295, 821609.859308619052172 ], [ 447044.070763139985502, 821595.307207927107811 ], [ 447072.513464490883052, 821583.400907361879945 ], [ 447116.831266595982015, 821575.463406985625625 ], [ 447147.919868072494864, 821578.109207110479474 ], [ 447181.654369675554335, 821590.677007706835866 ], [ 447197.529370428994298, 821605.890508430078626 ], [ 447221.341871560551226, 821621.104109153151512 ], [ 447251.107572973705828, 821620.442709121853113 ], [ 447278.227474262006581, 821607.874908523634076 ], [ 447288.810774764977396, 821593.322807833552361 ], [ 447292.118074921891093, 821550.327905790880322 ], [ 447296.086875109933317, 821529.822704816237092 ], [ 447306.670175612904131, 821514.609104095026851 ], [ 447321.222376304678619, 821502.04140349663794 ], [ 447345.69637746643275, 821486.827802775427699 ], [ 447361.571378220804036, 821470.291301989927888 ], [ 447374.800578849390149, 821453.754801204428077 ], [ 447390.014179571531713, 821425.973499884828925 ], [ 447403.904780231416225, 821402.16099875420332 ], [ 447423.087081142701209, 821380.332797717303038 ], [ 447442.269482053816319, 821365.780697025358677 ], [ 447460.790282933041453, 821355.858796553686261 ], [ 447483.279984002001584, 821352.551496397703886 ], [ 447513.707085446454585, 821347.921296177431941 ], [ 447549.425887143239379, 821334.692095547914505 ], [ 447566.623887959867716, 821322.12439495138824 ] ] } },
{ "type": "Feature", "properties": { "OBJECTID": 247, "Name": null, "ClassID": 0, "Surface": "GRAVEL", "Width": 8.0, "Shape_Leng": 4200.1809117700004 }, "geometry": { "type": "LineString", "coordinates": [ [ 446604.861542278900743, 822013.349727783352137 ], [ 446588.98644152469933, 822029.224728537723422 ], [ 446575.757340896874666, 822031.209128631278872 ], [ 446542.684339325875044, 822022.610128223896027 ], [ 446520.194638257846236, 822012.688227752223611 ], [ 446502.335237408988178, 821998.13612706027925 ], [ 446484.475836561061442, 821982.261126305907965 ], [ 446468.600835806690156, 821967.047525584697723 ], [ 446451.40283499006182, 821952.495424892753363 ], [ 446445.44973470736295, 821945.880824578925967 ], [ 446438.173734361305833, 821943.235024452209473 ], [ 446414.361133230850101, 821937.281824169680476 ], [ 446383.272531754337251, 821922.729723479598761 ], [ 446364.090230843052268, 821909.500522850081325 ], [ 446345.569329963065684, 821896.932822253555059 ], [ 446327.709929115138948, 821883.703621625900269 ], [ 446309.85052826628089, 821871.135921029374003 ], [ 446288.683827261440456, 821849.307719992473722 ], [ 446268.178526286967099, 821827.47951895557344 ], [ 446256.933725752867758, 821813.588918294757605 ], [ 446250.319125439040363, 821795.729517446830869 ], [ 446245.027425187639892, 821782.500316819176078 ], [ 446236.42852477915585, 821768.609616158530116 ], [ 446227.829524370841682, 821758.026315655559301 ], [ 446211.293023585341871, 821749.427315248176455 ], [ 446195.418022830970585, 821740.828314838930964 ], [ 446168.298121543601155, 821734.213714525103569 ], [ 446142.501220317557454, 821734.875214556232095 ], [ 446117.365719123743474, 821736.198114618659019 ], [ 446093.553217993117869, 821740.166914807632565 ], [ 446059.818716390989721, 821755.380415530875325 ], [ 446030.714515008032322, 821766.625216064974666 ], [ 446009.547814003191888, 821775.885716503486037 ], [ 445991.68841315433383, 821779.854416692629457 ], [ 445969.860212118364871, 821774.562816441059113 ], [ 445950.016411175020039, 821763.979415938258171 ], [ 445930.17271023336798, 821758.026315655559301 ], [ 445904.375709007494152, 821746.781415121629834 ], [ 445883.870508033782244, 821739.50541477650404 ], [ 445854.766306651756167, 821730.906414367258549 ], [ 445821.693305080756545, 821726.937714179977775 ], [ 445789.943203572183847, 821724.291814053431153 ], [ 445774.068202818743885, 821721.646013928577304 ], [ 445750.917101718485355, 821711.062613425776362 ], [ 445729.088900681585073, 821700.479312922805548 ], [ 445712.552399896085262, 821687.911512326449156 ], [ 445698.661799237132072, 821678.651111885905266 ], [ 445678.156498262658715, 821675.343811728060246 ], [ 445658.974197351373732, 821682.619912074878812 ], [ 445636.484596283175051, 821689.234512388706207 ], [ 445613.99499521497637, 821698.494912829250097 ], [ 445596.135494367219508, 821707.093913236632943 ], [ 445571.000093173235655, 821712.385513488203287 ], [ 445551.817792261950672, 821713.708513550460339 ], [ 445529.98959122505039, 821709.739713363349438 ], [ 445508.161390188150108, 821710.401213394477963 ], [ 445489.640589308924973, 821718.338713770732284 ], [ 445471.781088460236788, 821742.81271493434906 ], [ 445452.598787548951805, 821767.948216127231717 ], [ 445428.124786387197673, 821790.437817195430398 ], [ 445408.280985444784164, 821816.234718421474099 ], [ 445387.114284439012408, 821840.047319551929832 ], [ 445367.931983527727425, 821853.937920210883021 ], [ 445352.056882773526013, 821861.214020557701588 ], [ 445330.22878173738718, 821865.182720744982362 ], [ 445298.478680228814483, 821867.167120840400457 ], [ 445265.40567865781486, 821865.182720744982362 ], [ 445231.671277055516839, 821863.198320651426911 ], [ 445200.58267557900399, 821857.906720399856567 ], [ 445179.415974574163556, 821844.677519772201777 ], [ 445152.296073285862803, 821823.51081876643002 ], [ 445122.530471871607006, 821800.359717667102814 ], [ 445104.009570992551744, 821783.161716850474477 ], [ 445078.212669767439365, 821757.364815624430776 ], [ 445053.077168572694063, 821739.50541477650404 ], [ 445024.634367221966386, 821718.338713770732284 ], [ 444998.175965965725482, 821700.479312922805548 ], [ 444974.363464834168553, 821690.557412451133132 ], [ 444943.274863357655704, 821691.218812482431531 ], [ 444922.769662383943796, 821699.817812891677022 ], [ 444898.295561221428216, 821709.739713363349438 ], [ 444879.113260310143232, 821707.755313267931342 ], [ 444850.009058928117156, 821699.156412860378623 ], [ 444824.212157703004777, 821692.541812546551228 ], [ 444806.352756854146719, 821687.911512326449156 ], [ 444792.46205619443208, 821678.651111885905266 ], [ 444770.633855157531798, 821664.760511226952076 ], [ 444751.451554246246815, 821654.83861075527966 ], [ 444725.654653021134436, 821642.932310190051794 ], [ 444705.810852078720927, 821637.640609938651323 ], [ 444685.967051136307418, 821638.963510001078248 ], [ 444664.138850099407136, 821646.901010377332568 ], [ 444617.83674790058285, 821658.807310942560434 ], [ 444584.763746329583228, 821664.099011193960905 ], [ 444554.998044915497303, 821668.067811382934451 ], [ 444531.846943816170096, 821672.698011603206396 ], [ 444515.310443030670285, 821678.651111885905266 ], [ 444494.805242056958377, 821685.265712199732661 ], [ 444470.992640925571322, 821678.651111885905266 ], [ 444458.424940329045057, 821668.72921141423285 ], [ 444441.226939511485398, 821656.822910849004984 ], [ 444422.044638601131737, 821639.625010032206774 ], [ 444390.956037123687565, 821619.781209090724587 ], [ 444371.773736213333905, 821605.229108398780227 ], [ 444338.700734642334282, 821602.583208272233605 ], [ 444305.400233060121536, 821611.309408687055111 ], [ 444276.901431706734002, 821615.869208903983235 ], [ 444254.102430623956025, 821612.449408741667867 ], [ 444234.723229703493416, 821593.070207821205258 ], [ 444225.60362927056849, 821565.711406521499157 ], [ 444225.60362927056849, 821540.632405331358314 ], [ 444241.56293002795428, 821516.693404193967581 ], [ 444252.962430569343269, 821496.174303218722343 ], [ 444268.921731327660382, 821481.35490251518786 ], [ 444280.32123186904937, 821450.576201053336263 ], [ 444298.560532735660672, 821418.657599536702037 ], [ 444316.003033564426005, 821393.583198346197605 ], [ 444334.259334431029856, 821370.564397253096104 ], [ 444357.278135524131358, 821349.133096234872937 ], [ 444381.884436693042517, 821326.114295141771436 ], [ 444405.696937824599445, 821311.032994424924254 ], [ 444423.953238691203296, 821295.157993670552969 ], [ 444446.178239746950567, 821257.057891860604286 ], [ 444458.878340350463986, 821208.639089561998844 ], [ 444466.815840727649629, 821172.126487826928496 ], [ 444472.372040990740061, 821124.501385565847158 ], [ 444473.959541066549718, 821094.338784132152796 ], [ 444482.690841481089592, 821068.144982889294624 ], [ 444493.009641971439123, 821044.332481756806374 ], [ 444498.565842235460877, 821019.726180588826537 ], [ 444493.009641971439123, 820984.007378892973065 ], [ 444485.07214159425348, 820953.844777459278703 ], [ 444469.990840878337622, 820910.98217542283237 ], [ 444450.940739973448217, 820867.325873350724578 ], [ 444439.828239445574582, 820812.556970749050379 ], [ 444432.68453910574317, 820769.694368712604046 ], [ 444428.715738917700946, 820739.531867280602455 ], [ 444416.015738314017653, 820707.781765772029757 ], [ 444402.52193767298013, 820666.506663812324405 ], [ 444398.553137484937906, 820636.344162378460169 ], [ 444400.934437598101795, 820613.325361285358667 ], [ 444408.871937975287437, 820591.10026022978127 ], [ 444419.984438503161073, 820564.112758947536349 ], [ 444429.50943895522505, 820533.950157515704632 ], [ 444446.178239746950567, 820503.787656083703041 ], [ 444481.103341406211257, 820464.100054197013378 ], [ 444504.915842536836863, 820427.587452463805676 ], [ 444504.122142499312758, 820402.18745125643909 ], [ 444492.215841934084892, 820377.581150088459253 ], [ 444476.340841179713607, 820349.006048731505871 ], [ 444449.353239897638559, 820324.399747561663389 ], [ 444415.221938276663423, 820300.587246431037784 ], [ 444392.996937220916152, 820287.093445790931582 ] ] } },
{ "type": "Feature", "properties": { "OBJECTID": 248, "Name": null, "ClassID": 0, "Surface": "DIRT", "Width": 6.0, "Shape_Leng": 481.19891637799998 }, "geometry": { "type": "LineString", "coordinates": [ [ 444169.952726626768708, 820839.544572031125426 ], [ 444193.765227758325636, 820841.132072106003761 ], [ 444207.25902839936316, 820844.307072257623076 ], [ 444219.95902900211513, 820867.325873350724578 ], [ 444237.421629831194878, 820908.600975310429931 ], [ 444255.677930698730052, 820943.525976968929172 ], [ 444273.934131565503776, 820962.576077874749899 ], [ 444296.9529326595366, 820976.069778515025973 ], [ 444299.334232772700489, 821010.201180135831237 ], [ 444304.096732998266816, 821025.282380852848291 ], [ 444345.371834958903491, 821064.969982737675309 ], [ 444376.328136429190636, 821106.245084697380662 ], [ 444406.490637862123549, 821138.788886243477464 ], [ 444432.68453910574317, 821167.363987600430846 ], [ 444464.434540614485741, 821188.001488581299782 ] ] } },
{ "type": "Feature", "properties": { "OBJECTID": 249, "Name": null, "ClassID": 0, "Surface": "DIRT", "Width": 5.0, "Shape_Leng": 201.85075450100001 }, "geometry": { "type": "LineString", "coordinates": [ [ 444296.159232621081173, 820975.276078477501869 ], [ 444304.096732998266816, 820946.700977120548487 ], [ 444299.334232772700489, 820917.332175726071 ], [ 444288.221732244826853, 820887.169674292206764 ], [ 444274.72793160378933, 820860.975873049348593 ], [ 444255.677930698730052, 820842.719572180882096 ], [ 444231.071629529818892, 820839.544572031125426 ], [ 444201.702728134579957, 820843.5132722184062 ] ] } },
{ "type": "Feature", "properties": { "OBJECTID": 250, "Name": null, "ClassID": 0, "Surface": "GRAVEL", "Width": 9.0, "Shape_Leng": 2578.0972772099999 }, "geometry": { "type": "LineString", "coordinates": [ [ 444336.640534544363618, 821603.133608298376203 ], [ 444311.240533337928355, 821637.264909919351339 ], [ 444289.809232319705188, 821665.83991127833724 ], [ 444280.284231867641211, 821691.240012483671308 ], [ 444274.72793160378933, 821722.990113992244005 ], [ 444273.140431527979672, 821756.327615575864911 ], [ 444269.965431377291679, 821781.727716781198978 ], [ 444259.646630886942148, 821799.984017649665475 ], [ 444253.296630585566163, 821813.477718289941549 ], [ 444257.265430774539709, 821846.815319873392582 ], [ 444252.502830548211932, 821873.009121118113399 ], [ 444238.215329869650304, 821893.646622097119689 ], [ 444209.640328511595726, 821902.377922512590885 ], [ 444177.890227003954351, 821896.0279222112149 ], [ 444159.633926136419177, 821886.5029217582196 ], [ 444135.027624968439341, 821888.090421833097935 ], [ 444115.183824026025832, 821901.584222475066781 ], [ 444098.515023234300315, 821926.190523643046618 ], [ 444078.671322291716933, 821965.878025528043509 ], [ 444062.002521499991417, 821996.040626961737871 ], [ 444055.596021194942296, 822010.042427625507116 ], [ 444028.664919916540384, 822033.346928732469678 ], [ 444002.471118671819568, 822054.778229750692844 ], [ 443978.658617541193962, 822065.89073027856648 ], [ 443950.87731622159481, 822063.509530166164041 ], [ 443929.446015203371644, 822046.046929337084293 ], [ 443919.92091475147754, 822029.378228545188904 ], [ 443915.95221456233412, 822011.915627716109157 ], [ 443903.25221395958215, 822003.978127337992191 ], [ 443878.645912790670991, 822003.978127337992191 ], [ 443858.802111848257482, 822007.153127489611506 ], [ 443837.370810830034316, 822005.565627412870526 ], [ 443819.908310000784695, 821996.040626961737871 ], [ 443804.827009283937514, 821986.515626508742571 ], [ 443785.776908379979432, 821992.865626810118556 ], [ 443754.820606908760965, 822011.915627716109157 ], [ 443737.358106079511344, 822030.171928582713008 ], [ 443713.545504949055612, 822043.665729222819209 ], [ 443674.651703101582825, 822042.078229147940874 ], [ 443658.77670234721154, 822040.490729073062539 ], [ 443626.232900802046061, 822024.615628318861127 ], [ 443573.84529831353575, 821995.24682692438364 ], [ 443550.032697182148695, 821976.19682601839304 ], [ 443529.395196202211082, 821967.465525604784489 ], [ 443512.726395410485566, 821954.765525000169873 ], [ 443500.026394806802273, 821938.096724208444357 ], [ 443484.151294053532183, 821918.252923266962171 ], [ 443470.657593412324786, 821907.934222776442766 ], [ 443457.163792771287262, 821888.884121870622039 ], [ 443442.082492055371404, 821874.596621192991734 ], [ 443404.776190282776952, 821868.246620891615748 ], [ 443362.707388284616172, 821855.546620288863778 ], [ 443334.13228692766279, 821843.640319721773267 ], [ 443326.194786550477147, 821818.240218516439199 ], [ 443326.194786550477147, 821778.552716631442308 ], [ 443326.988486588001251, 821742.040114896371961 ], [ 443327.782286626286805, 821723.783814029768109 ], [ 443302.382185419090092, 821700.765012936666608 ], [ 443269.044683836400509, 821679.333711918443441 ], [ 443250.788382968865335, 821655.521210787817836 ], [ 443227.769581875763834, 821628.533609505742788 ], [ 443207.132080895826221, 821606.308608449995518 ], [ 443194.431980292312801, 821595.989807959645987 ], [ 443164.269478859379888, 821588.052307583391666 ], [ 443134.106877426616848, 821575.352306978777051 ], [ 443118.231876673176885, 821556.302206074818969 ], [ 443099.18177576828748, 821518.995904302224517 ], [ 443075.369274636730552, 821484.070802643895149 ], [ 443053.144273580983281, 821463.433301663026214 ], [ 443019.012871960178018, 821435.652000343427062 ], [ 442985.675370376557112, 821414.220699327066541 ], [ 442966.625269471667707, 821394.376898383721709 ], [ 442955.512768943794072, 821367.389397101476789 ], [ 442934.081467926502228, 821350.720596309751272 ], [ 442890.425165852531791, 821349.926796272397041 ], [ 442845.975063741207123, 821368.183097139000893 ], [ 442826.131262798793614, 821386.439398007467389 ], [ 442811.843762120231986, 821399.93319864757359 ], [ 442797.556261441670358, 821408.66439906321466 ], [ 442776.918660460971296, 821419.776999590918422 ], [ 442754.693659406155348, 821429.302000042051077 ], [ 442735.643558501265943, 821437.239500420168042 ], [ 442715.006057520397007, 821441.208300607278943 ], [ 442680.874755899421871, 821441.208300607278943 ], [ 442663.412155070342124, 821454.702001249417663 ], [ 442659.443454881198704, 821476.92710230499506 ], [ 442653.887154617346823, 821488.833302870392799 ], [ 442636.424653788097203, 821503.120903547853231 ], [ 442617.374652883037925, 821510.264603888615966 ], [ 442602.293352167122066, 821517.408404227346182 ], [ 442588.005751488730311, 821522.964704491198063 ], [ 442584.830751338042319, 821533.283404981717467 ], [ 442595.943351865746081, 821541.221005357801914 ], [ 442613.405852694995701, 821540.427205320447683 ], [ 442625.312153260223567, 821537.252205170691013 ] ] } },
{ "type": "Feature", "properties": { "OBJECTID": 251, "Name": null, "ClassID": 0, "Surface": "DIRT", "Width": 6.0, "Shape_Leng": 494.97443403 }, "geometry": { "type": "LineString", "coordinates": [ [ 442817.39996238425374, 821709.496313350275159 ], [ 442801.524961629882455, 821701.558812974020839 ], [ 442784.062460800632834, 821688.065012333914638 ], [ 442768.187460046261549, 821679.333711918443441 ], [ 442753.10615933034569, 821669.808711465448141 ], [ 442748.34365910384804, 821656.31491082534194 ], [ 442742.787358839996159, 821643.61491022258997 ], [ 442734.056058425456285, 821634.883609807118773 ], [ 442721.356057822704315, 821626.946109430864453 ], [ 442709.449757256545126, 821622.183609204366803 ], [ 442700.71855684183538, 821617.421108977869153 ], [ 442691.987256427295506, 821610.277308639138937 ], [ 442685.637256125919521, 821596.783607997000217 ], [ 442681.668455936945975, 821584.08350739441812 ], [ 442675.31845563556999, 821570.589806754142046 ], [ 442670.55595540907234, 821551.539705848321319 ], [ 442664.205955107696354, 821529.314704792574048 ], [ 442659.443454881198704, 821511.852103963494301 ], [ 442659.443454881198704, 821494.38960313424468 ], [ 442659.443454881198704, 821477.720802342519164 ], [ 442666.587255220860243, 821438.827000495046377 ], [ 442673.730955559760332, 821399.139398610219359 ], [ 442679.287255824543536, 821359.451796725392342 ], [ 442683.255956012755632, 821300.714193934574723 ], [ 442684.049756050109863, 821288.014193331822753 ] ] } },
{ "type": "Feature", "properties": { "OBJECTID": 252, "Name": null, "ClassID": 0, "Surface": "DIRT", "Width": 5.0, "Shape_Leng": 415.71601224400001 }, "geometry": { "type": "LineString", "coordinates": [ [ 443106.590176119469106, 821533.018904969096184 ], [ 443138.340277628041804, 821499.945903398096561 ], [ 443162.152778758667409, 821472.16460207849741 ], [ 443203.163280706852674, 821448.352000948041677 ], [ 443270.632183911278844, 821416.601999439299107 ], [ 443291.7988849170506, 821396.758198495954275 ], [ 443320.903086299076676, 821355.747696548700333 ], [ 443373.819888812489808, 821305.476694161072373 ], [ 443417.476190886460245, 821265.789192276075482 ] ] } },
{ "type": "Feature", "properties": { "OBJECTID": 253, "Name": null, "ClassID": 0, "Surface": "DIRT", "Width": 7.0, "Shape_Leng": 289.81700399300001 }, "geometry": { "type": "LineString", "coordinates": [ [ 442350.295440197922289, 823222.554685218259692 ], [ 442306.978438140824437, 823215.99148490652442 ], [ 442263.223936062306166, 823212.053584719076753 ], [ 442245.28463521040976, 823208.990784572437406 ], [ 442231.283134545199573, 823199.364784115925431 ], [ 442205.905533339828253, 823189.301183637231588 ], [ 442173.527231802232563, 823186.67598351277411 ], [ 442145.961930492892861, 823188.426083596423268 ], [ 442116.208829079754651, 823191.488983741030097 ], [ 442100.894728352315724, 823189.301183637231588 ], [ 442084.705627582967281, 823179.675183180719614 ], [ 442071.14172693900764, 823172.674482848495245 ] ] } },
{ "type": "Feature", "properties": { "OBJECTID": 254, "Name": null, "ClassID": 0, "Surface": "GRAVEL", "Width": 9.0, "Shape_Leng": 939.98397048599998 }, "geometry": { "type": "LineString", "coordinates": [ [ 443938.806315648369491, 820946.207977097481489 ], [ 443946.944816034287214, 820937.255676671862602 ], [ 443967.291017001494765, 820934.000276517122984 ], [ 443980.312517619691789, 820927.489476207643747 ], [ 443985.195617851801217, 820913.654075549915433 ], [ 443999.031118508428335, 820915.281775627285242 ], [ 444021.005019552074373, 820907.143275240436196 ], [ 444034.840420209802687, 820903.887875087559223 ], [ 444057.628121292218566, 820913.654075549915433 ], [ 444082.043622451834381, 820920.978675898164511 ], [ 444119.480624229647219, 820908.770975317806005 ], [ 444148.779125621542335, 820890.866374468430877 ], [ 444167.497626510448754, 820850.987772574648261 ], [ 444169.952726626768708, 820839.544572031125426 ], [ 444205.74852832686156, 820777.741469094529748 ], [ 444239.116329912096262, 820732.165966929867864 ], [ 444260.276330917142332, 820707.750465771183372 ], [ 444261.0902309557423, 820679.265764417126775 ], [ 444249.696330414153636, 820620.668661635369062 ], [ 444244.813230182975531, 820563.699358928948641 ], [ 444235.047029718756676, 820509.171456338837743 ], [ 444232.605529602617025, 820461.968254096806049 ], [ 444255.393230685032904, 820424.531252318993211 ], [ 444307.479533159174025, 820374.886549960821867 ], [ 444363.635135826654732, 820321.172547409310937 ], [ 444392.996937220916152, 820287.093445790931582 ] ] } },
{ "type": "Feature", "properties": { "OBJECTID": 255, "Name": null, "ClassID": 0, "Surface": "GRAVEL", "Width": 11.0, "Shape_Leng": 424.49359704800003 }, "geometry": { "type": "LineString", "coordinates": [ [ 444392.996937220916152, 820287.093445790931582 ], [ 444364.448935865424573, 820249.553844006732106 ], [ 444348.98583513032645, 820212.930742267519236 ], [ 444329.453434202820063, 820173.05214037373662 ], [ 444309.107233236543834, 820133.173538479954004 ], [ 444306.665733120404184, 820098.178136818110943 ], [ 444304.224133004434407, 820035.511833840981126 ], [ 444287.947232231497765, 819986.680931521579623 ], [ 444277.367231728509068, 819940.291529318317771 ], [ 444280.62253188341856, 819924.014528544619679 ], [ 444287.947232231497765, 819889.832926921546459 ] ] } },
{ "type": "Feature", "properties": { "OBJECTID": 256, "Name": null, "ClassID": 0, "Surface": "GRAVEL", "Width": 7.0, "Shape_Leng": 765.45901615800005 }, "geometry": { "type": "LineString", "coordinates": [ [ 444458.85534034948796, 820332.566447950899601 ], [ 444490.59544185642153, 820329.311047796159983 ], [ 444510.12784278485924, 820322.800247486680746 ], [ 444527.21864359639585, 820299.198646364733577 ], [ 444549.192544640041888, 820269.900044973939657 ], [ 444571.980245722457767, 820243.856943737715483 ], [ 444628.949648427776992, 820200.722941687330604 ], [ 444691.615951404906809, 820164.913639986887574 ], [ 444712.776052409783006, 820159.216739716008306 ], [ 444728.239153143949807, 820180.376740721985698 ], [ 444733.122253376059234, 820212.116842228919268 ], [ 444720.100652758032084, 820247.926143929362297 ], [ 444704.63755202293396, 820278.852445399388671 ], [ 444658.248149819672108, 820310.592546906322241 ], [ 444623.252748157829046, 820345.587948568165302 ], [ 444600.464947075583041, 820378.955750154331326 ], [ 444576.049545915797353, 820408.254251545295119 ], [ 444557.330945026129484, 820436.738952897489071 ], [ 444525.590943519026041, 820461.968254096806049 ], [ 444499.547742282040417, 820475.803754754364491 ], [ 444471.876940967515111, 820474.989854715764523 ] ] } },
{ "type": "Feature", "properties": { "OBJECTID": 257, "Name": "?", "ClassID": 0, "Surface": "PAVED", "Width": 9.0, "Shape_Leng": 6434.4539142800004 }, "geometry": { "type": "LineString", "coordinates": [ [ 448114.312413973733783, 824326.871037669479847 ], [ 448149.70191565528512, 824355.667739037424326 ], [ 448182.242117200046778, 824386.906340520828962 ], [ 448216.734818838536739, 824403.827241325750947 ], [ 448249.27502038422972, 824416.843341942876577 ], [ 448278.561221775598824, 824425.303842345252633 ], [ 448282.466021960601211, 824426.605442406609654 ], [ 448321.514323815703392, 824420.748142128810287 ], [ 448344.943224928341806, 824410.986141664907336 ], [ 448380.737426628358662, 824412.938541756942868 ], [ 448423.69052866846323, 824419.446542067453265 ], [ 448449.071929873898625, 824423.351442251354456 ], [ 448480.961331388913095, 824413.589341789484024 ], [ 448502.437832408584654, 824401.224041201174259 ], [ 448518.057133151218295, 824396.017640953883529 ], [ 448550.597334695979953, 824396.017640953883529 ], [ 448587.042436427436769, 824399.922441139817238 ], [ 448631.947938560508192, 824404.478041356429458 ], [ 448662.535740013234317, 824407.081341478973627 ], [ 448707.44124214630574, 824407.732141509652138 ], [ 448753.648344340734184, 824407.081341478973627 ], [ 448799.204646504484117, 824398.620841078460217 ], [ 448837.602048328146338, 824386.255540490150452 ], [ 448875.999550152570009, 824371.937839809805155 ], [ 448895.523651079274714, 824352.413738882169127 ], [ 448918.952552191913128, 824325.730737615376711 ], [ 448939.778353181667626, 824294.492136131972075 ], [ 448956.048453954048455, 824267.158334832638502 ], [ 448976.223354912362993, 824239.173833504319191 ], [ 448995.096655809320509, 824223.554532762616873 ], [ 449018.52565692178905, 824207.284331990405917 ], [ 449054.319858621805906, 824202.077931743115187 ], [ 449079.050459796562791, 824217.697232484817505 ], [ 449108.336661187931895, 824248.285033937543631 ], [ 449128.511562146246433, 824276.269635265693069 ], [ 449145.432462949305773, 824301.651036471128464 ], [ 449163.654963814653456, 824322.476737460121512 ], [ 449191.639565144665539, 824341.350038357079029 ], [ 449222.227366597391665, 824360.874239284545183 ], [ 449234.592667184770107, 824375.191839965060353 ], [ 449245.656367709860206, 824391.462040737271309 ], [ 449250.862767957150936, 824414.890941850841045 ], [ 449253.465968080796301, 824435.065842809155583 ], [ 449258.021668297238648, 824468.256944384425879 ], [ 449259.323268359526992, 824493.638245590031147 ], [ 449271.037668915465474, 824535.289747569710016 ], [ 449285.355369595810771, 824567.179149083793163 ], [ 449308.784370708279312, 824598.4177505671978 ], [ 449336.768972037360072, 824614.687851339578629 ], [ 449407.055775376036763, 824634.211952267214656 ], [ 449440.246776952408254, 824648.529652947559953 ], [ 449477.993478745222092, 824668.053853875026107 ], [ 449530.70858124922961, 824702.546455513685942 ], [ 449553.48678233101964, 824718.16575625538826 ], [ 449612.709985144436359, 824748.102757677435875 ], [ 449647.202586782164872, 824768.277658635750413 ], [ 449678.441188266500831, 824794.96065990254283 ], [ 449718.791090182960033, 824822.945261232554913 ], [ 449746.775591512210667, 824845.723362313583493 ], [ 449782.56989321205765, 824863.945863179862499 ], [ 449820.967295035719872, 824882.819264076650143 ], [ 449863.269597045145929, 824897.787664785981178 ], [ 449899.063798745162785, 824904.946565127000213 ], [ 449927.699200104922056, 824907.549765249714255 ], [ 449953.731401341967285, 824906.248165188357234 ], [ 449974.557102330960333, 824896.486064724624157 ], [ 449997.986103443428874, 824883.470064107328653 ], [ 450009.700504000298679, 824891.930464508011937 ], [ 450022.065804587677121, 824910.803765404969454 ], [ 450025.970704772509634, 824940.740766827017069 ], [ 450022.065804587677121, 824981.741468774154782 ], [ 450027.923104865476489, 824997.3607695158571 ], [ 450050.701205947436392, 825008.424470040947199 ], [ 450081.289007400162518, 825015.583270382136106 ], [ 450110.575208791531622, 825015.583270382136106 ], [ 450137.258210058324039, 825001.26556970179081 ], [ 450168.496811542659998, 824983.043068835511804 ], [ 450197.78301293309778, 824962.868167877197266 ], [ 450242.688515066169202, 824931.629566393792629 ], [ 450264.815816117450595, 824910.803765404969454 ], [ 450294.102017508819699, 824880.215963952243328 ], [ 450319.483418714255095, 824855.48546277731657 ], [ 450345.515519950538874, 824832.056461663916707 ], [ 450373.500121279619634, 824812.532360738143325 ], [ 450411.246823072433472, 824796.913059994578362 ], [ 450447.041024772450328, 824781.293759252876043 ], [ 450486.089326627552509, 824765.023658480495214 ], [ 450522.534328358247876, 824753.309157924726605 ], [ 450547.264929533004761, 824751.356757830828428 ], [ 450585.011531325988472, 824755.912358047440648 ], [ 450607.138832377269864, 824770.230058727785945 ], [ 450636.425033767707646, 824781.944559285417199 ], [ 450677.425735715776682, 824792.357459779828787 ], [ 450717.124837600626051, 824789.754159655421972 ], [ 450749.014239115640521, 824784.547759408131242 ], [ 450782.856040722690523, 824772.833258852362633 ], [ 450810.840642051771283, 824758.515558172017336 ], [ 450842.079243536107242, 824749.404357738792896 ], [ 450869.413044834509492, 824753.959957955405116 ], [ 450903.905646472238004, 824760.468058263882995 ], [ 450939.69984817225486, 824759.166358202695847 ], [ 450974.192449810914695, 824752.007557863369584 ], [ 450995.669050831347704, 824744.848757522180676 ], [ 451023.653652160428464, 824744.197857491672039 ], [ 451073.114754509180784, 824756.563158078119159 ], [ 451108.908956210128963, 824782.59535931609571 ], [ 451134.290357415564358, 824813.183160768821836 ], [ 451157.719258528202772, 824834.008861757814884 ], [ 451190.910260104574263, 824860.04106299392879 ], [ 451218.244061402976513, 824885.422464199364185 ], [ 451241.022262484766543, 824913.407065529376268 ], [ 451270.959263906814158, 824949.201267229393125 ], [ 451294.388165019452572, 824968.074568124487996 ], [ 451317.817166131921113, 824983.043068835511804 ], [ 451333.436466874554753, 824999.313169609755278 ], [ 451341.89686727616936, 825012.980070257559419 ], [ 451358.817768080160022, 825025.996170876547694 ], [ 451391.358069625683129, 825040.964671587571502 ], [ 451412.183770614676178, 825052.679172143340111 ], [ 451421.294971046969295, 825061.13957254588604 ], [ 451421.945871078409255, 825075.457273226231337 ], [ 451419.342570954933763, 825100.838674431666732 ], [ 451419.993370985612273, 825115.807175142690539 ], [ 451426.501471294090152, 825134.0296760071069 ], [ 451435.612671727314591, 825154.204576965421438 ], [ 451440.819171974435449, 825172.427077831700444 ], [ 451442.771572067402303, 825189.998878665268421 ], [ 451450.581172438338399, 825216.681779934093356 ], [ 451465.549673149362206, 825232.301080675795674 ], [ 451485.073874076828361, 825250.523581540212035 ], [ 451501.343974849209189, 825268.095382375642657 ], [ 451514.360075467266142, 825277.857382839545608 ], [ 451531.280976271256804, 825281.762283025309443 ], [ 451550.805077198892832, 825278.508182870224118 ], [ 451572.281578218564391, 825272.000182561576366 ], [ 451590.504079083912075, 825262.238082097843289 ], [ 451610.679080042056739, 825251.825281603261828 ], [ 451626.949180815368891, 825245.967981323599815 ], [ 451645.171681680716574, 825240.761581076309085 ], [ 451669.251482824794948, 825235.555080829188228 ], [ 451688.124783720821142, 825229.697880551218987 ], [ 451713.506184926256537, 825229.697880551218987 ], [ 451739.538286162540317, 825232.951880706474185 ], [ 451752.554386781528592, 825232.951880706474185 ], [ 451774.681687831878662, 825236.856780892238021 ], [ 451790.30108857434243, 825238.158380953595042 ], [ 451812.4283896246925, 825240.761581076309085 ], [ 451833.904890645295382, 825239.459981014952064 ], [ 451857.333891757763922, 825239.459981014952064 ], [ 451884.667693056166172, 825234.904280798509717 ], [ 451903.540993953123689, 825226.443880397826433 ], [ 451925.668295003473759, 825227.745480459183455 ], [ 451950.398896178230643, 825230.348680581897497 ], [ 451977.081897445954382, 825234.253480767831206 ], [ 451993.351998218335211, 825228.396280489861965 ], [ 452008.971298960037529, 825213.427779778838158 ], [ 452027.844599856995046, 825199.760879129171371 ], [ 452045.416300691664219, 825190.649678697809577 ], [ 452079.908902329392731, 825186.744778512045741 ], [ 452107.893503658473492, 825191.300478728488088 ], [ 452133.92570489551872, 825193.90367885120213 ], [ 452156.053005946800113, 825194.554478881880641 ], [ 452184.688407306559384, 825190.649678697809577 ], [ 452212.673008635640144, 825181.538378264755011 ], [ 452240.657609964720905, 825173.077877862378955 ], [ 452270.59461138676852, 825163.966677429154515 ], [ 452297.277612654492259, 825154.204576965421438 ], [ 452320.055713736452162, 825157.458577120676637 ], [ 452344.786314910277724, 825171.125477770343423 ], [ 452370.818416147492826, 825196.506878975778818 ], [ 452390.34261707495898, 825218.634180026128888 ], [ 452413.120718155987561, 825238.809180984273553 ], [ 452437.851319330744445, 825254.428481725975871 ], [ 452462.581820505671203, 825262.8888821285218 ], [ 452487.963221711106598, 825262.8888821285218 ], [ 452506.185722576454282, 825251.174481572583318 ], [ 452558.250125049613416, 825219.284980056807399 ], [ 452606.409627337008715, 825196.506878975778818 ], [ 452629.838528449647129, 825186.744778512045741 ], [ 452657.172329748049378, 825182.839978326112032 ], [ 452692.966531448066235, 825186.09397848136723 ], [ 452724.855932963080704, 825195.856078945100307 ], [ 452765.856634910218418, 825203.665679315105081 ], [ 452795.142836301587522, 825206.919779470190406 ], [ 452866.080539670772851, 825212.776979748159647 ], [ 452919.446442205458879, 825217.332579964771867 ], [ 452946.129443473182619, 825220.586680117994547 ], [ 452966.304344431497157, 825223.189880242571235 ], [ 452991.685745636932552, 825220.586680117994547 ], [ 453011.209846564568579, 825225.793080365285277 ], [ 453024.225947182625532, 825234.253480767831206 ], [ 453035.940447738394141, 825256.380881819874048 ], [ 453051.559748481027782, 825266.142882281914353 ], [ 453072.385449470020831, 825269.396982436999679 ], [ 453116.64015157148242, 825260.285682003945112 ], [ 453166.101253921166062, 825253.77768169529736 ], [ 453210.355956022627652, 825246.618781356140971 ], [ 453240.292957444675267, 825244.666381262242794 ], [ 453274.134759052656591, 825221.888280181214213 ], [ 453299.516160258091986, 825196.506878975778818 ], [ 453330.754761741496623, 825182.189178295433521 ], [ 453365.898163410834968, 825169.823877707123756 ], [ 453413.406865667551756, 825162.014277337118983 ], [ 453432.280266564339399, 825158.760177182033658 ], [ 453450.502767429687083, 825144.442576501518488 ], [ 453468.074468264356256, 825123.616775512695312 ], [ 453468.725268295034766, 825123.616775512695312 ] ] } },
{ "type": "Feature", "properties": { "OBJECTID": 258, "Name": null, "ClassID": 0, "Surface": "DIRT", "Width": 9.0, "Shape_Leng": 170.459677755 }, "geometry": { "type": "LineString", "coordinates": [ [ 448045.603210710920393, 824413.261341772973537 ], [ 448097.990813198499382, 824411.673841698095202 ], [ 448135.297114971093833, 824402.148841245099902 ], [ 448190.859717609360814, 824399.767641132697463 ], [ 448214.672318740747869, 824402.148841245099902 ] ] } },
{ "type": "Feature", "properties": { "OBJECTID": 259, "Name": null, "ClassID": 0, "Surface": "DIRT", "Width": 5.0, "Shape_Leng": 277.59417211599998 }, "geometry": { "type": "LineString", "coordinates": [ [ 448214.672318740747869, 824402.148841245099902 ], [ 448227.372319344431162, 824363.255039397627115 ], [ 448240.866119984537363, 824336.267438115552068 ], [ 448261.503620965406299, 824315.629937136545777 ], [ 448269.441121342591941, 824294.992336155846715 ], [ 448274.203721567988396, 824256.098534308373928 ], [ 448279.75992183201015, 824226.729732913896441 ], [ 448278.966221794486046, 824202.917231781408191 ], [ 448262.29742100276053, 824177.517130576074123 ], [ 448236.103619758971035, 824159.260829709470272 ] ] } },
{ "type": "Feature", "properties": { "OBJECTID": 260, "Name": "Compact Road", "ClassID": 0, "Surface": "PAVED", "Width": 14.0, "Shape_Leng": 13324.8331342 }, "geometry": { "type": "LineString", "coordinates": [ [ 448137.336615067906678, 824308.809836812317371 ], [ 448170.222216629423201, 824274.354835174977779 ], [ 448199.59101802483201, 824240.223533554002643 ], [ 448226.578619305975735, 824194.979731405153871 ], [ 448236.103619758971035, 824159.260829709470272 ], [ 448242.453620060347021, 824106.873227220028639 ], [ 448249.597420400008559, 824043.373124204576015 ], [ 448272.616221493110061, 823984.635521413758397 ], [ 448313.891223453916609, 823914.785418096929789 ], [ 448348.022525074891746, 823857.635215383023024 ], [ 448371.041326167993248, 823809.216413082554936 ], [ 448378.185126507654786, 823758.416310669854283 ], [ 448371.041326167993248, 823711.585008444264531 ], [ 448351.197625225409865, 823659.991105994209647 ], [ 448332.147524320520461, 823622.68480422347784 ], [ 448254.359920625574887, 823479.809497436508536 ], [ 448228.959819419309497, 823433.771895250305533 ], [ 448201.972318137995899, 823391.703093251213431 ], [ 448181.334717157296836, 823344.871691027656198 ], [ 448162.284716252237558, 823290.102888425812125 ], [ 448163.872216328047216, 823254.384086729958653 ], [ 448178.159717006608844, 823204.377684354782104 ], [ 448205.147318288683891, 823156.752582091838121 ], [ 448232.134819569997489, 823110.714979905635118 ], [ 448278.172421757131815, 823040.071076549589634 ], [ 448307.541223151609302, 822993.239774325862527 ], [ 448328.972524169832468, 822961.489672817289829 ], [ 448340.085024697706103, 822917.039670705795288 ], [ 448343.260024848394096, 822873.383268631994724 ], [ 448336.116324509494007, 822824.170666296035051 ], [ 448321.035023792646825, 822790.039364673197269 ], [ 448293.253722473047674, 822747.176762638613582 ], [ 448267.853621266782284, 822704.314160602167249 ], [ 448253.566120588220656, 822674.151659170165658 ], [ 448243.247320097871125, 822634.46405728533864 ], [ 448240.072319947183132, 822604.301455851644278 ], [ 448242.453620060347021, 822555.882653553038836 ], [ 448250.391120437532663, 822518.576351780444384 ], [ 448260.709920927882195, 822473.332449631765485 ], [ 448261.503620965406299, 822436.026147859171033 ], [ 448252.772420550696552, 822380.46354521997273 ], [ 448242.453620060347021, 822344.744743524119258 ], [ 448208.322318439371884, 822285.213340695947409 ], [ 448178.159717006608844, 822228.06323798187077 ], [ 448149.584715649485588, 822158.213134663179517 ], [ 448136.884615045972168, 822113.763032551854849 ], [ 448128.947114668786526, 822082.806731082499027 ], [ 448110.690813802182674, 822016.925327952951193 ], [ 448100.37211331166327, 821974.856525955721736 ], [ 448087.672012709081173, 821926.437623655423522 ], [ 448077.353312218561769, 821869.287520941346884 ], [ 448070.20951187890023, 821812.1374182254076 ], [ 448064.653211615048349, 821758.956015700474381 ], [ 448062.27201150264591, 821722.44351396523416 ], [ 448059.097011351026595, 821672.437111590057611 ], [ 448047.984510823152959, 821622.430809216573834 ], [ 448027.34690984338522, 821584.330707406625152 ], [ 447994.803108297288418, 821552.580605898052454 ], [ 447960.671806676313281, 821528.768104767426848 ], [ 447916.221704564988613, 821512.099303975701332 ], [ 447872.565402491949499, 821494.636803146451712 ], [ 447817.7964998902753, 821473.999202165752649 ], [ 447757.471397024579346, 821450.186701035127044 ], [ 447702.70249442383647, 821431.930400166660547 ], [ 447642.377391558140516, 821407.324098998680711 ], [ 447609.03988997451961, 821384.305297905579209 ], [ 447590.783589107915759, 821366.842797076329589 ], [ 447566.623887959867716, 821322.12439495138824 ], [ 447555.858487448655069, 821281.911393042653799 ], [ 447558.239787561818957, 821227.1424904409796 ], [ 447573.320988277904689, 821189.836188668385148 ], [ 447582.052288693375885, 821173.961187914013863 ], [ 447617.771090389229357, 821133.479785991832614 ], [ 447657.458692274987698, 821086.648483768105507 ], [ 447682.064993442967534, 821046.960881881415844 ], [ 447698.73379423469305, 821007.273279996588826 ], [ 447712.227594875730574, 820955.679477546364069 ], [ 447711.433794838376343, 820914.404375586658716 ], [ 447704.289994498714805, 820865.985573286190629 ], [ 447686.03379363194108, 820820.74167113751173 ], [ 447657.458692274987698, 820770.735368762165308 ], [ 447620.94609053991735, 820732.635266952216625 ], [ 447576.495988429524004, 820685.803964728489518 ], [ 447549.508487147279084, 820652.466363145038486 ], [ 447523.31468590348959, 820614.366261335089803 ], [ 447505.852185073308647, 820575.472459487617016 ], [ 447497.120884658768773, 820543.722357979044318 ], [ 447487.595884206704795, 820500.85975594446063 ], [ 447470.133283376693726, 820438.947153003886342 ], [ 447451.08328247256577, 820365.922049535438418 ], [ 447440.764481982216239, 820325.440647611394525 ], [ 447426.476981303654611, 820271.465545048937201 ], [ 447421.714481077156961, 820229.396743049845099 ], [ 447419.333180963993073, 820204.790441881865263 ], [ 447420.126981002278626, 820157.16533961892128 ], [ 447423.301981152966619, 820110.334037395194173 ], [ 447428.8582814168185, 820043.658834228292108 ], [ 447431.239481530152261, 820011.908832719549537 ], [ 447422.508181114681065, 819955.552430042997003 ], [ 447403.45818021055311, 819920.627428384497762 ], [ 447370.120578627102077, 819878.558526385575533 ], [ 447338.370577118359506, 819861.096025556325912 ], [ 447272.489173989742994, 819837.28342442587018 ], [ 447197.082770408131182, 819810.295923143625259 ], [ 447135.170167467556894, 819787.277122050523758 ], [ 447053.413763583637774, 819753.145820429548621 ], [ 446966.101059436798096, 819711.870718469843268 ], [ 446885.932155628688633, 819671.389416545629501 ], [ 446851.007053970359266, 819644.401815263554454 ], [ 446830.369552990421653, 819617.414313983172178 ], [ 446803.381951708346605, 819565.026711493730545 ], [ 446796.238251368515193, 819526.926609683781862 ], [ 446785.919450879096985, 819489.620307913050056 ], [ 446777.188150463625789, 819463.426506668329239 ], [ 446758.931849597021937, 819424.532604821026325 ], [ 446739.088148654438555, 819393.576303351670504 ], [ 446716.863047598861158, 819368.176302144303918 ], [ 446666.062945186160505, 819322.932399995625019 ], [ 446612.88164266012609, 819280.863597996532917 ], [ 446566.844040472991765, 819240.382296074181795 ], [ 446521.600138324312866, 819199.900994151830673 ], [ 446476.356336175464094, 819164.18209245428443 ], [ 446443.018734592013061, 819144.338291512802243 ], [ 446392.218632179312408, 819124.494590569287539 ], [ 446339.831029690802097, 819110.206989891827106 ], [ 446289.824727315455675, 819108.619489816948771 ], [ 446230.293324488215148, 819117.350790230557323 ], [ 446177.112021962180734, 819128.463290758430958 ], [ 446137.424420076422393, 819131.638290910050273 ], [ 446091.38681789021939, 819126.875790683552623 ], [ 446036.617915288545191, 819111.000789929181337 ], [ 445996.136613366194069, 819097.506989289075136 ], [ 445946.924011028371751, 819080.044488457962871 ], [ 445910.411409294232726, 819054.644387252628803 ], [ 445885.805108125321567, 819025.275585858151317 ], [ 445871.517607446759939, 818986.38178401067853 ], [ 445868.342607296071947, 818947.487982163205743 ], [ 445877.07390771061182, 818895.894079711288214 ], [ 445881.042607899755239, 818849.856477525085211 ], [ 445869.930107371881604, 818795.881374962627888 ], [ 445846.91130627784878, 818731.587471907958388 ], [ 445832.623805599287152, 818691.106169985607266 ], [ 445816.748804845847189, 818646.656067874282598 ], [ 445807.223704393021762, 818599.824765648692846 ], [ 445807.223704393021762, 818537.118362670764327 ], [ 445809.605004506185651, 818485.52456022053957 ], [ 445810.398704543709755, 818429.96185758151114 ], [ 445813.573704694397748, 818364.874254489317536 ], [ 445815.161304770037532, 818218.823947552591562 ], [ 445818.336304920725524, 818156.911344612017274 ], [ 445823.892505184747279, 818108.492542313411832 ], [ 445828.655005411244929, 818083.88624114356935 ], [ 445835.005005712620914, 818028.323638504371047 ], [ 445846.117606240324676, 817943.39213447086513 ], [ 445861.198806956410408, 817886.242031756788492 ], [ 445879.455107823945582, 817834.648229306563735 ], [ 445896.917708653025329, 817784.641826931387186 ], [ 445906.442709106020629, 817767.17932610027492 ], [ 445935.811510500498116, 817701.297922972589731 ], [ 445952.480311292223632, 817665.579121274873614 ], [ 445973.911612310446799, 817617.954019013792276 ], [ 446003.280413704924285, 817550.485115809366107 ], [ 446027.886714873835444, 817498.097513319924474 ], [ 446052.493016042746603, 817465.553711773827672 ], [ 446069.161716834641993, 817448.884910982102156 ], [ 446113.611818945966661, 817408.403609059751034 ], [ 446154.09322086814791, 817390.147308193147182 ], [ 446189.812022564932704, 817372.684807363897562 ], [ 446233.468324638903141, 817353.634706458076835 ], [ 446271.568426447920501, 817321.884704951196909 ], [ 446295.380927579477429, 817289.340903405100107 ], [ 446319.193528710864484, 817236.159500878304243 ], [ 446341.418529765680432, 817175.834398014470935 ], [ 446346.974830029532313, 817117.096795223653316 ], [ 446350.149830181151628, 817086.934193791821599 ], [ 446352.531130294315517, 817025.815390888601542 ], [ 446357.293630519881845, 816959.140187721699476 ], [ 446358.087330557405949, 816898.815084856003523 ], [ 446362.056130746379495, 816868.652483424171805 ], [ 446386.662431915290654, 816817.058680972084403 ], [ 446416.824933347292244, 816774.989878974854946 ], [ 446439.050034402869642, 816744.033577503636479 ], [ 446447.781234817579389, 816717.839776260778308 ], [ 446450.162534930743277, 816695.614675205200911 ], [ 446453.337535082362592, 816666.245873808860779 ], [ 446453.337535082362592, 816593.220770340412855 ], [ 446454.131335119716823, 816547.976868191733956 ], [ 446461.275035458616912, 816516.226866684854031 ], [ 446473.181336024776101, 816482.095465062186122 ], [ 446496.200137117877603, 816432.0891626868397 ], [ 446508.900137720629573, 816399.545361142605543 ], [ 446513.662637947127223, 816378.907760161906481 ], [ 446514.456437984481454, 816351.92025887966156 ], [ 446508.106437683105469, 816322.551457485184073 ], [ 446495.406337080523372, 816288.420155864208937 ], [ 446478.737536288797855, 816247.938753940165043 ], [ 446457.306335270404816, 816200.313651679083705 ], [ 446442.225034554488957, 816163.801149943843484 ], [ 446431.906234064139426, 816139.988548813387752 ], [ 446422.381233611144125, 816099.50724689103663 ], [ 446419.206233460456133, 816078.075945872813463 ], [ 446421.587433573789895, 816051.088444590568542 ], [ 446432.700034101493657, 816013.782042820006609 ], [ 446447.781234817579389, 815973.300740895792842 ], [ 446457.306335270404816, 815934.406939048320055 ], [ 446457.306335270404816, 815902.656837541610003 ], [ 446447.781234817579389, 815872.494336107745767 ], [ 446428.731233913451433, 815835.981734374538064 ], [ 446404.124932744540274, 815812.962933281436563 ], [ 446381.899931688793004, 815800.262932676821947 ], [ 446363.64363082125783, 815784.387831922620535 ], [ 446332.687329350970685, 815754.225330490618944 ], [ 446315.224728521890938, 815731.206529397517443 ], [ 446303.318527956493199, 815699.456427888944745 ], [ 446302.524727919138968, 815676.437626795843244 ], [ 446308.081028182990849, 815635.956324873492122 ], [ 446318.399728672578931, 815603.41252332739532 ], [ 446326.3373290495947, 815567.693721631541848 ], [ 446332.687329350970685, 815537.531120197847486 ], [ 446328.718529162928462, 815509.749818878248334 ], [ 446319.193528710864484, 815474.824717219918966 ], [ 446302.524727919138968, 815443.074715711176395 ], [ 446276.330926674418151, 815412.912114279344678 ], [ 446253.31212558131665, 815385.130812959745526 ], [ 446220.768324035219848, 815345.443211074918509 ], [ 446186.637022414244711, 815307.343209264799953 ], [ 446151.711920755915344, 815261.30560707859695 ], [ 446119.168119209818542, 815224.793005343526602 ], [ 446091.38681789021939, 815199.392904138192534 ], [ 446058.049216306768358, 815182.724203346297145 ], [ 446023.124214648269117, 815173.992902930825949 ], [ 445975.499112386256456, 815174.786602968350053 ], [ 445941.36771076451987, 815185.105403458699584 ], [ 445906.442709106020629, 815185.899203496053815 ], [ 445885.011408087797463, 815182.724203346297145 ], [ 445857.230106768198311, 815175.580403007566929 ], [ 445804.842504279688001, 815151.767801875248551 ], [ 445770.711202658712864, 815135.892801120877266 ], [ 445711.973599868826568, 815110.492799915373325 ], [ 445681.017198398709297, 815085.092698708176613 ], [ 445656.410897229798138, 815051.755197124555707 ], [ 445636.567196287214756, 815013.655095316469669 ], [ 445627.042095835320652, 814973.173693392425776 ], [ 445625.454595759510994, 814949.36119226180017 ], [ 445621.485895571298897, 814907.292390264570713 ], [ 445623.073395646177232, 814852.523487662896514 ], [ 445625.454595759510994, 814818.392186041921377 ], [ 445638.154696363024414, 814792.198384797200561 ], [ 445672.28599798399955, 814758.067083176225424 ], [ 445698.479799227789044, 814731.079481894150376 ], [ 445730.229800736531615, 814692.97948008403182 ], [ 445742.136101301759481, 814663.610578689724207 ], [ 445760.392402168363333, 814618.366776540875435 ], [ 445774.679902847856283, 814583.441674882546067 ], [ 445794.523703790269792, 814525.49787212908268 ], [ 445811.986204619519413, 814487.397770319133997 ], [ 445851.67380650434643, 814430.247667605057359 ], [ 445888.186408238485456, 814382.622565343976021 ], [ 445923.90520993527025, 814336.584963155910373 ], [ 445947.717811066657305, 814308.009961798787117 ], [ 445959.624011632055044, 814293.722361121326685 ], [ 445994.549113290384412, 814260.384859537705779 ], [ 446016.774114346131682, 814232.603558218106627 ], [ 446030.267914987169206, 814204.822156898677349 ], [ 445999.311613516882062, 814171.484655315056443 ], [ 445962.005311745218933, 814138.147053731605411 ], [ 445922.317709859460592, 814102.428252033889294 ], [ 445881.83640793710947, 814064.328150225803256 ], [ 445855.642606693319976, 814043.69064924493432 ], [ 445808.017504431307316, 814020.671848151832819 ], [ 445754.042401866987348, 814009.559347623959184 ], [ 445704.829799530096352, 813990.509246718138456 ], [ 445650.854696965776384, 813969.077945701777935 ], [ 445597.673294439911842, 813944.471644531935453 ], [ 445541.316991763189435, 813919.071643326431513 ], [ 445415.904185806401074, 813865.096540762111545 ] ] } },
{ "type": "Feature", "properties": { "OBJECTID": 261, "Name": null, "ClassID": 0, "Surface": "GRAVEL", "Width": 8.0, "Shape_Leng": 683.97716013299998 }, "geometry": { "type": "LineString", "coordinates": [ [ 448229.75361945759505, 824177.517130576074123 ], [ 448210.703518552705646, 824121.95452793687582 ], [ 448194.82851779833436, 824060.041924996301532 ], [ 448182.922217233106494, 823990.191821677610278 ], [ 448177.36601696908474, 823971.935520811006427 ], [ 448164.66591636557132, 823963.204220395535231 ], [ 448144.028415385633707, 823964.791720472276211 ], [ 448083.703312519937754, 823978.285521112382412 ], [ 448038.459410371258855, 823989.398021640256047 ], [ 447999.565608523786068, 823989.398021640256047 ], [ 447976.546807430684566, 824006.066822431981564 ], [ 447982.896807732060552, 824038.610623978078365 ], [ 448006.709408863447607, 824075.123225713148713 ], [ 448036.871910295449197, 824060.835625033825636 ], [ 448078.147012256085873, 824040.991924090310931 ], [ 448114.659613990224898, 824027.49812345020473 ], [ 448128.947114668786526, 823995.748021941632032 ], [ 448134.503414932638407, 823966.379220547154546 ] ] } },
{ "type": "Feature", "properties": { "OBJECTID": 262, "Name": null, "ClassID": 0, "Surface": "GRAVEL", "Width": 7.0, "Shape_Leng": 517.53383208499997 }, "geometry": { "type": "LineString", "coordinates": [ [ 448189.272217534482479, 824033.848123751580715 ], [ 448213.878518703393638, 824033.848123751580715 ], [ 448234.516119683161378, 824023.529323261231184 ], [ 448255.153620664030313, 824002.891822282224894 ], [ 448269.441121342591941, 823996.541821978986263 ], [ 448287.697422209195793, 824003.685522319748998 ], [ 448309.128723227418959, 823998.129322055727243 ], [ 448324.210023943334818, 823978.285521112382412 ], [ 448338.497524621896446, 823954.47291998192668 ], [ 448353.578825338743627, 823924.310418549925089 ], [ 448367.072625979781151, 823885.416616702452302 ], [ 448382.15392669569701, 823835.410214327275753 ], [ 448401.997727638110518, 823786.197611989453435 ], [ 448408.347727939486504, 823745.716310067102313 ], [ 448405.966427827253938, 823716.347508670762181 ], [ 448386.91642692219466, 823686.184907238930464 ], [ 448351.197625225409865, 823659.991105994209647 ] ] } },
{ "type": "Feature", "properties": { "OBJECTID": 263, "Name": null, "ClassID": 0, "Surface": "GRAVEL", "Width": 7.0, "Shape_Leng": 450.36261204099998 }, "geometry": { "type": "LineString", "coordinates": [ [ 448289.28492228500545, 823547.278400640934706 ], [ 448236.103619758971035, 823508.384598793461919 ], [ 448186.097217383794487, 823483.778297625482082 ], [ 448139.265915159136057, 823468.696996908634901 ], [ 448101.959613387472928, 823443.296895701438189 ], [ 448082.909512482583523, 823423.453094759956002 ], [ 448071.797011954709888, 823391.703093251213431 ], [ 448067.828311766497791, 823363.92179193161428 ], [ 448097.990813198499382, 823321.059189897030592 ], [ 448142.440915309824049, 823273.434087634086609 ], [ 448163.872216328047216, 823255.971586804836988 ] ] } },
{ "type": "Feature", "properties": { "OBJECTID": 264, "Name": null, "ClassID": 0, "Surface": "GRAVEL", "Width": 9.0, "Shape_Leng": 199.16900780399999 }, "geometry": { "type": "LineString", "coordinates": [ [ 448163.872216328047216, 823255.971586804836988 ], [ 448202.766018175520003, 823310.740389406681061 ], [ 448245.628620211035013, 823371.065492270514369 ], [ 448274.997421606443822, 823421.071894645690918 ] ] } },
{ "type": "Feature", "properties": { "OBJECTID": 265, "Name": null, "ClassID": 0, "Surface": "GRAVEL", "Width": 8.0, "Shape_Leng": 394.132971107 }, "geometry": { "type": "LineString", "coordinates": [ [ 448232.134819569997489, 823110.714979905635118 ], [ 448284.5224220585078, 823147.227581638842821 ], [ 448350.403825188055634, 823176.596383035182953 ], [ 448427.397728844545782, 823187.708883563056588 ], [ 448475.022831106558442, 823192.471383787691593 ], [ 448558.366735065355897, 823198.027684053406119 ], [ 448605.198137289844453, 823212.315184731036425 ] ] } },
{ "type": "Feature", "properties": { "OBJECTID": 266, "Name": null, "ClassID": 0, "Surface": "DIRT", "Width": 5.0, "Shape_Leng": 2201.6354169599999 }, "geometry": { "type": "LineString", "coordinates": [ [ 448259.122420852072537, 823390.9092932138592 ], [ 448317.066223604604602, 823407.578094005584717 ], [ 448382.15392669569701, 823426.628194909542799 ], [ 448426.604028807021677, 823436.153195362538099 ], [ 448461.529030465520918, 823429.803195061162114 ], [ 448489.31033178512007, 823406.784393968060613 ], [ 448519.47293321788311, 823390.115593176335096 ], [ 448549.635434650816023, 823382.178092800080776 ], [ 448582.973036234267056, 823379.796792685985565 ], [ 448583.766836271621287, 823359.952991742640734 ], [ 448587.735536460764706, 823325.821690121665597 ], [ 448602.816837176680565, 823295.659088689833879 ], [ 448614.723137741908431, 823278.196587860584259 ], [ 448613.9293377045542, 823235.333985824137926 ], [ 448605.198137289844453, 823212.315184731036425 ], [ 448617.104337855242193, 823198.82148409076035 ], [ 448621.866838081739843, 823178.183883110061288 ], [ 448604.404337252490222, 823152.783881902694702 ], [ 448593.291836724616587, 823117.064980207011104 ], [ 448587.735536460764706, 823087.696178812533617 ], [ 448570.273035630583763, 823039.27737651206553 ], [ 448563.129235291853547, 822997.208574514836073 ], [ 448566.30423544254154, 822949.58347225189209 ], [ 448566.30423544254154, 822913.070870518684387 ], [ 448564.716735366731882, 822881.32076901011169 ], [ 448568.685535555705428, 822859.889467991888523 ], [ 448582.973036234267056, 822832.108166672289371 ], [ 448615.516837780363858, 822778.133064107969403 ], [ 448629.804338458925486, 822758.289263166487217 ], [ 448658.379439815878868, 822740.826762337237597 ], [ 448677.429440720938146, 822721.776761431246996 ], [ 448680.604440871626139, 822686.057959735393524 ], [ 448686.954541172832251, 822651.926558114588261 ], [ 448679.810740834102035, 822627.320256944745779 ], [ 448673.460740531794727, 822607.476556003093719 ], [ 448652.823139552026987, 822574.138954419642687 ], [ 448632.979438609443605, 822547.94515317492187 ], [ 448622.660638119094074, 822527.307552194222808 ], [ 448615.516837780363858, 822502.701351026073098 ], [ 448610.754337553866208, 822476.507449781522155 ], [ 448606.785637365654111, 822440.788648085668683 ], [ 448609.16683747805655, 822418.563647029921412 ], [ 448614.723137741908431, 822384.432345408946276 ], [ 448615.516837780363858, 822362.207244353368878 ], [ 448611.548137591220438, 822343.950943486765027 ], [ 448588.529336498118937, 822316.963442204520106 ], [ 448578.210536007769406, 822304.263441601768136 ], [ 448575.035535857081413, 822274.100840168073773 ], [ 448572.654235743917525, 822234.413238283246756 ], [ 448573.448035782203078, 822197.106936510652304 ], [ 448573.448035782203078, 822161.388134814798832 ], [ 448586.941836422309279, 822139.956833796575665 ], [ 448615.516837780363858, 822116.938032703474164 ], [ 448640.123138948343694, 822096.300531722605228 ], [ 448665.523240155540407, 822072.487930592149496 ], [ 448680.604440871626139, 822049.469129499047995 ], [ 448683.779541022144258, 822034.387828782200813 ], [ 448692.510741436854005, 821969.300225691869855 ], [ 448702.829541927203536, 821924.850123580545187 ], [ 448709.179542228579521, 821905.800122674554586 ], [ 448715.529542529955506, 821874.843821205198765 ], [ 448720.292042756453156, 821839.918719545006752 ], [ 448722.673342869617045, 821822.456218715757132 ], [ 448726.642043057829142, 821811.343718187883496 ], [ 448722.673342869617045, 821793.087417321279645 ], [ 448711.56084234174341, 821762.924815889447927 ], [ 448691.717041399329901, 821730.381014343351126 ], [ 448680.604440871626139, 821709.74351336248219 ], [ 448692.510741436854005, 821685.137212194502354 ] ] } },
{ "type": "Feature", "properties": { "OBJECTID": 267, "Name": null, "ClassID": 0, "Surface": "DIRT", "Width": 5.0, "Shape_Leng": 212.43609226699999 }, "geometry": { "type": "LineString", "coordinates": [ [ 448293.253722473047674, 822747.176762638613582 ], [ 448279.75992183201015, 822747.970562675967813 ], [ 448267.05992122925818, 822741.620562374591827 ], [ 448259.916120889596641, 822724.951761582866311 ], [ 448253.566120588220656, 822714.63296109251678 ], [ 448240.866119984537363, 822707.489260753616691 ], [ 448224.9911192310974, 822704.314160602167249 ], [ 448209.116018476895988, 822695.582960188388824 ], [ 448201.972318137995899, 822675.739159245043993 ], [ 448202.766018175520003, 822657.482858378440142 ], [ 448222.609819117933512, 822618.589056530967355 ], [ 448240.072319947183132, 822604.301455851644278 ] ] } },
{ "type": "Feature", "properties": { "OBJECTID": 268, "Name": null, "ClassID": 0, "Surface": "DIRT", "Width": 5.0, "Shape_Leng": 546.96669463299997 }, "geometry": { "type": "LineString", "coordinates": [ [ 447715.402595026418567, 820945.360677056014538 ], [ 447725.721295516937971, 820937.423176679760218 ], [ 447744.771396421827376, 820897.7355747949332 ], [ 447770.96519766561687, 820843.760472230613232 ], [ 447788.42769849486649, 820823.122971249744296 ], [ 447792.396498683840036, 820795.341669930145144 ], [ 447809.065199475735426, 820785.022869441658258 ], [ 447826.527800304815173, 820765.972868535667658 ], [ 447843.196601096540689, 820751.685267858207226 ], [ 447875.740402642637491, 820733.428966989740729 ], [ 447903.521703962236643, 820718.34776627458632 ], [ 447923.365504904650152, 820698.503965331241488 ], [ 447947.971806073561311, 820689.772664917632937 ], [ 447988.453107995912433, 820667.547663861885667 ], [ 448013.059409164823592, 820639.766362542286515 ], [ 448028.934409919194877, 820619.922561598941684 ], [ 448063.065711540170014, 820606.428760958835483 ], [ 448101.959613387472928, 820604.841260882094502 ] ] } },
{ "type": "Feature", "properties": { "OBJECTID": 269, "Name": null, "ClassID": 0, "Surface": "DIRT", "Width": 8.0, "Shape_Leng": 384.35495653100003 }, "geometry": { "type": "LineString", "coordinates": [ [ 447701.908794386312366, 820860.429273022338748 ], [ 447725.721295516937971, 820841.379272118210793 ], [ 447731.277595780789852, 820820.74167113751173 ], [ 447734.452595931477845, 820799.310370119288564 ], [ 447724.927595479413867, 820788.197869591414928 ], [ 447715.402595026418567, 820780.260369215160608 ], [ 447694.764994046650827, 820776.291569026187062 ], [ 447673.33369302842766, 820773.910368913784623 ], [ 447651.10869197268039, 820777.085369063541293 ], [ 447630.47109099291265, 820782.641569327563047 ], [ 447613.00859016366303, 820790.579169705510139 ], [ 447595.546089333482087, 820796.135369969531894 ], [ 447578.87728854175657, 820789.785369666293263 ], [ 447566.1772879390046, 820777.879069101065397 ], [ 447556.652287486940622, 820763.591568423435092 ], [ 447554.270987373776734, 820751.685267858207226 ], [ 447550.302187184803188, 820734.222767028957605 ], [ 447552.683487297967076, 820718.34776627458632 ], [ 447555.064687411300838, 820704.060165595263243 ], [ 447554.270987373776734, 820688.978964878246188 ], [ 447553.47718733549118, 820674.691364200785756 ], [ 447553.47718733549118, 820657.228863371536136 ] ] } },
{ "type": "Feature", "properties": { "OBJECTID": 270, "Name": null, "ClassID": 0, "Surface": "DIRT", "Width": 7.0, "Shape_Leng": 1489.35197552 }, "geometry": { "type": "LineString", "coordinates": [ [ 446822.43205261323601, 819601.539213228970766 ], [ 446794.650751293636858, 819616.620513943955302 ], [ 446758.931849597021937, 819631.701814660802484 ], [ 446727.975548126734793, 819645.19561530277133 ], [ 446716.069347561337054, 819662.65811613202095 ], [ 446702.57554692029953, 819692.026917526498437 ], [ 446682.731745977886021, 819725.36451910994947 ], [ 446663.681745072826743, 819750.76452031545341 ], [ 446638.281643866561353, 819788.070922087877989 ], [ 446613.675342697650194, 819812.677123257890344 ], [ 446586.687841415405273, 819842.839724689722061 ], [ 446566.050240435637534, 819877.764826348051429 ], [ 446538.268939116038382, 819941.264929365366697 ], [ 446520.012638248503208, 819977.7775310985744 ], [ 446504.137637495063245, 820007.146332493051887 ], [ 446496.993837155401707, 820050.008934529498219 ], [ 446493.02513696718961, 820079.377735923975706 ], [ 446487.468836703337729, 820108.746537320315838 ], [ 446464.450035609304905, 820151.609139354899526 ], [ 446447.781234817579389, 820191.296641239896417 ], [ 446432.700034101493657, 820211.140442183241248 ], [ 446418.412433423101902, 820219.871742596849799 ], [ 446402.537432668730617, 820222.252942711114883 ], [ 446408.887432971037924, 820263.528044670820236 ], [ 446405.712432819418609, 820300.834446443244815 ], [ 446396.187432367354631, 820340.521948328241706 ], [ 446393.012432216666639, 820384.972050439566374 ], [ 446387.456131952814758, 820419.103352060541511 ], [ 446376.343631424941123, 820446.090953342616558 ], [ 446356.499830482527614, 820456.409753832966089 ], [ 446339.831029690802097, 820460.378454020246863 ], [ 446324.749728973954916, 820461.172254059463739 ], [ 446277.918426750227809, 820470.697254510596395 ], [ 446231.087124525569379, 820487.366055302321911 ], [ 446186.637022414244711, 820502.447256019338965 ], [ 446141.393120265565813, 820511.972356472164392 ], [ 446100.911818342283368, 820523.878557037562132 ], [ 446068.368016797117889, 820531.022357376292348 ], [ 446037.411715326830745, 820542.134857904165983 ], [ 446016.774114346131682, 820540.547357829287648 ], [ 446004.074113743379712, 820530.228557338938117 ], [ 445980.261612611822784, 820509.591056358069181 ], [ 445954.861511405557394, 820497.684755792841315 ], [ 445931.049010274931788, 820490.541055453941226 ], [ 445931.842710312455893, 820490.541055453941226 ] ] } },
{ "type": "Feature", "properties": { "OBJECTID": 271, "Name": null, "ClassID": 0, "Surface": "DIRT", "Width": 5.0, "Shape_Leng": 622.85023184600004 }, "geometry": { "type": "LineString", "coordinates": [ [ 446408.887432971037924, 820277.815645350143313 ], [ 446422.381233611144125, 820244.478043766692281 ], [ 446426.349933800287545, 820220.665442636236548 ], [ 446403.33123270701617, 820215.109242372214794 ], [ 446396.187432367354631, 820176.215440524742007 ], [ 446389.837432065978646, 820138.909038752317429 ], [ 446380.312431612983346, 820116.684037696570158 ], [ 446348.562330105341971, 820102.396537017077208 ], [ 446326.3373290495947, 820084.140236150473356 ], [ 446309.668528257869184, 820074.615235697478056 ], [ 446304.112227994017303, 820054.77143475599587 ], [ 446300.14342780597508, 820026.196333399042487 ], [ 446266.805926222354174, 820005.558832418173552 ], [ 446239.024624902755022, 819984.127531399950385 ], [ 446227.118324337527156, 819961.108730306848884 ], [ 446220.768324035219848, 819938.883629251271486 ], [ 446213.624523696489632, 819919.039928309619427 ], [ 446194.574522791430354, 819902.37112751789391 ], [ 446183.462022263556719, 819890.464826950803399 ], [ 446181.08072215039283, 819876.971026310697198 ], [ 446163.61822132114321, 819862.683525633066893 ], [ 446119.168119209818542, 819846.808524878695607 ], [ 446087.418017701245844, 819834.108424274250865 ], [ 446087.418017701245844, 819832.52092419937253 ] ] } },
{ "type": "Feature", "properties": { "OBJECTID": 272, "Name": null, "ClassID": 0, "Surface": "DIRT", "Width": 5.0, "Shape_Leng": 346.66096221100003 }, "geometry": { "type": "LineString", "coordinates": [ [ 446652.569144545122981, 819771.402121296152472 ], [ 446654.95044465828687, 819800.770922690629959 ], [ 446659.712944883853197, 819826.964723935350776 ], [ 446673.206745524890721, 819848.396024953573942 ], [ 446693.844246505759656, 819873.002326121553779 ], [ 446725.594348013401031, 819899.989827403798699 ], [ 446760.519349671900272, 819932.533628949895501 ], [ 446778.775650539435446, 819944.439929515123367 ], [ 446786.713150916621089, 819963.489930421113968 ], [ 446798.619451481848955, 819995.24003192782402 ], [ 446800.206951557658613, 820008.733832569792867 ], [ 446818.463252424262464, 820038.102633964270353 ], [ 446833.544553141109645, 820050.008934529498219 ] ] } },
{ "type": "Feature", "properties": { "OBJECTID": 273, "Name": null, "ClassID": 0, "Surface": "DIRT", "Width": 6.0, "Shape_Leng": 492.01695557900001 }, "geometry": { "type": "LineString", "coordinates": [ [ 446008.042913931421936, 817536.197615129873157 ], [ 446031.855415062978864, 817562.391416374593973 ], [ 446058.049216306768358, 817594.935217920690775 ], [ 446089.005517777055502, 817613.985318824648857 ], [ 446130.280619737692177, 817635.416519843041897 ], [ 446165.999421434476972, 817648.910320483148098 ], [ 446209.655823507346213, 817661.610321085900068 ], [ 446242.199625053443015, 817667.960421388968825 ], [ 446272.362126486375928, 817675.104121727868915 ], [ 446308.081028182990849, 817683.041622104123235 ], [ 446327.131029087118804, 817699.710422895848751 ], [ 446346.974830029532313, 817723.523024028167129 ], [ 446366.818630972877145, 817741.77932489477098 ], [ 446386.662431915290654, 817756.860525611788034 ], [ 446407.299932895228267, 817760.035525761544704 ], [ 446423.174933649599552, 817769.560626214370131 ] ] } },
{ "type": "Feature", "properties": { "OBJECTID": 274, "Name": null, "ClassID": 0, "Surface": "GRAVEL", "Width": 10.0, "Shape_Leng": 434.47599413099999 }, "geometry": { "type": "LineString", "coordinates": [ [ 446452.543735044077039, 816653.545873206108809 ], [ 446510.48763779643923, 816659.102073470130563 ], [ 446578.750241038389504, 816666.245873808860779 ], [ 446660.506744922138751, 816674.183374186977744 ], [ 446724.006847937591374, 816677.358374336734414 ], [ 446788.300750992260873, 816683.708374638110399 ], [ 446811.319452085532248, 816686.08967475220561 ], [ 446836.719553291797638, 816706.727175733074546 ], [ 446861.325854460708797, 816740.064777316525578 ] ] } },
{ "type": "Feature", "properties": { "OBJECTID": 275, "Name": null, "ClassID": 0, "Surface": "DIRT", "Width": 5.0, "Shape_Leng": 317.06467793100001 }, "geometry": { "type": "LineString", "coordinates": [ [ 446310.462228295393288, 817256.797101859003305 ], [ 446369.993631123565137, 817280.609602989628911 ], [ 446393.012432216666639, 817292.515903554856777 ], [ 446403.33123270701617, 817304.422204121947289 ], [ 446402.537432668730617, 817338.553505742922425 ], [ 446406.506232857704163, 817349.666006270796061 ], [ 446438.256234365515411, 817350.459706308320165 ], [ 446465.243835647590458, 817346.491006119176745 ], [ 446481.912636439315975, 817332.20350544154644 ], [ 446491.437636891379952, 817319.503404837101698 ], [ 446508.106437683105469, 817316.328404687345028 ], [ 446518.425138173624873, 817321.884704951196909 ], [ 446520.012638248503208, 817335.37850559130311 ], [ 446520.012638248503208, 817348.07850619405508 ], [ 446531.918938814662397, 817354.428506497293711 ] ] } },
{ "type": "Feature", "properties": { "OBJECTID": 276, "Name": null, "ClassID": 0, "Surface": "DIRT", "Width": 5.0, "Shape_Leng": 250.85974632899999 }, "geometry": { "type": "LineString", "coordinates": [ [ 446349.356030142866075, 817102.015494506806135 ], [ 446388.249931990168989, 817101.221794469282031 ], [ 446432.700034101493657, 817098.840494357049465 ], [ 446482.706336476840079, 817098.046694319695234 ], [ 446523.187638399191201, 817094.077994130551815 ], [ 446545.412739455699921, 817091.696694016456604 ], [ 446569.225240586325526, 817104.396794620901346 ], [ 446594.625341792590916, 817114.715495111420751 ] ] } },
{ "type": "Feature", "properties": { "OBJECTID": 277, "Name": null, "ClassID": 0, "Surface": "DIRT", "Width": 5.0, "Shape_Leng": 326.86635882000002 }, "geometry": { "type": "LineString", "coordinates": [ [ 446462.86253553442657, 816216.188752433285117 ], [ 446488.26263674069196, 816219.363752583041787 ], [ 446511.281437833793461, 816206.663751980289817 ], [ 446535.093938965350389, 816191.582451263442636 ], [ 446569.225240586325526, 816176.501150548458099 ], [ 446607.325342396274209, 816159.832349756732583 ], [ 446635.106643715873361, 816156.657349605113268 ], [ 446677.969245751388371, 816161.419849831610918 ], [ 446733.531848390586674, 816169.357350207865238 ], [ 446774.013150312937796, 816173.326150396838784 ] ] } },
{ "type": "Feature", "properties": { "OBJECTID": 278, "Name": null, "ClassID": 0, "Surface": "DIRT", "Width": 5.0, "Shape_Leng": 289.20062057600001 }, "geometry": { "type": "LineString", "coordinates": [ [ 446419.206233460456133, 816085.219746211543679 ], [ 446454.131335119716823, 816061.407145081087947 ], [ 446485.881336627528071, 816027.27584346011281 ], [ 446504.931337532587349, 816005.844542441889644 ], [ 446513.662637947127223, 815997.907042065635324 ], [ 446561.287740209139884, 815996.319541988894343 ], [ 446603.356542207300663, 815992.350741801783442 ], [ 446650.981644469313323, 815990.763241725042462 ], [ 446673.206745524890721, 815989.175741650164127 ] ] } },
{ "type": "Feature", "properties": { "OBJECTID": 279, "Name": null, "ClassID": 0, "Surface": "DIRT", "Width": 4.0, "Shape_Leng": 1349.5364451299999 }, "geometry": { "type": "LineString", "coordinates": [ [ 446302.524727919138968, 815676.437626795843244 ], [ 446338.24352961499244, 815678.025126870721579 ], [ 446367.612331010401249, 815681.200127022340894 ], [ 446399.362432518042624, 815678.025126870721579 ], [ 446441.431234516203403, 815678.025126870721579 ], [ 446469.212535835802555, 815677.231426833197474 ], [ 446490.643836854025722, 815669.293926456943154 ], [ 446509.693937758915126, 815657.387625891715288 ], [ 446520.806438286788762, 815641.512625137344003 ], [ 446525.568938512355089, 815630.400024609640241 ], [ 446536.681439040228724, 815611.350023705512285 ], [ 446551.762739757075906, 815590.71252272464335 ], [ 446567.637740510515869, 815574.837421970441937 ], [ 446565.25654039811343, 815554.993621027097106 ], [ 446561.287740209139884, 815538.324920237064362 ], [ 446566.050240435637534, 815525.624819632619619 ], [ 446603.356542207300663, 815520.068619368597865 ], [ 446621.612843074835837, 815512.924819029867649 ], [ 446642.250444054603577, 815509.749818878248334 ], [ 446653.362944582477212, 815502.606018539518118 ], [ 446668.444245299324393, 815471.649717070162296 ], [ 446681.144245902076364, 815447.837215937674046 ], [ 446699.400546769611537, 815432.755915222689509 ], [ 446719.244347712025046, 815422.437114732339978 ], [ 446733.531848390586674, 815408.149614052847028 ], [ 446757.34434952121228, 815393.862113375216722 ], [ 446779.569450576789677, 815380.368312733247876 ], [ 446789.094451029784977, 815368.46201216802001 ], [ 446808.938251972198486, 815347.824511187151074 ], [ 446825.607052763924003, 815331.155710395425558 ], [ 446839.100853404961526, 815313.693209566175938 ], [ 446847.832053819671273, 815294.643108662217855 ], [ 446868.469654799439013, 815284.324408171698451 ], [ 446893.869656005874276, 815270.036807492375374 ], [ 446917.682257137261331, 815254.955506777390838 ], [ 446941.494758267886937, 815231.936805684119463 ], [ 446962.132259248755872, 815215.268004892393947 ], [ 446989.119860529899597, 815194.630403911694884 ], [ 447002.613661170937121, 815175.580403007566929 ], [ 447008.963661472313106, 815161.292902328073978 ], [ 447021.663662075996399, 815147.799101687967777 ], [ 447047.857463319785893, 815127.161500707268715 ], [ 447071.670064451172948, 815116.04900017939508 ], [ 447094.688865544274449, 815104.936499651521444 ], [ 447133.582667391747236, 815089.855198934674263 ], [ 447159.77646863553673, 815087.473998822271824 ], [ 447189.145270030945539, 815081.123998520895839 ], [ 447214.545271237380803, 815070.805198030546308 ], [ 447251.851673008874059, 815051.755197124555707 ], [ 447281.220474404282868, 815032.705096220597625 ], [ 447293.920475007034838, 815011.273795202374458 ], [ 447343.92677738238126, 814982.698793845251203 ] ] } },
{ "type": "Feature", "properties": { "OBJECTID": 280, "Name": null, "ClassID": 0, "Surface": "DIRT", "Width": 5.0, "Shape_Leng": 1489.320759 }, "geometry": { "type": "LineString", "coordinates": [ [ 446052.493016042746603, 815181.930403308942914 ], [ 446080.274317362345755, 815161.292902328073978 ], [ 446119.168119209818542, 815143.036601461470127 ], [ 446137.424420076422393, 815133.511601008474827 ], [ 446144.568120416253805, 815100.173999425023794 ], [ 446149.330720642581582, 815073.980198180302978 ], [ 446151.711920755915344, 815056.517697351053357 ], [ 446142.980620340444148, 815037.467596447095275 ], [ 446123.930619436316192, 815004.130094863474369 ], [ 446113.611818945966661, 814979.523793693631887 ], [ 446104.086818492971361, 814946.979892149567604 ], [ 446096.149318116717041, 814908.086090302094817 ], [ 446093.768018003553152, 814875.542288755998015 ], [ 446103.293118455447257, 814835.060986833646894 ], [ 446117.580619134008884, 814812.835885778069496 ], [ 446142.186920302920043, 814798.548385098576546 ], [ 446185.049522339366376, 814783.467084381729364 ], [ 446201.718323131091893, 814777.117084080353379 ], [ 446224.737124224193394, 814758.860783213749528 ], [ 446249.343425393104553, 814738.223282232880592 ], [ 446272.362126486375928, 814729.491981819272041 ], [ 446295.380927579477429, 814719.173281328752637 ], [ 446313.637228446081281, 814709.64818087592721 ], [ 446330.306029237806797, 814697.74198031052947 ], [ 446356.499830482527614, 814680.279379481449723 ], [ 446373.962331311777234, 814662.023078614845872 ], [ 446379.518631575629115, 814642.179377671331167 ], [ 446369.993631123565137, 814623.129276767373085 ], [ 446364.437330859713256, 814606.460475975647569 ], [ 446357.293630519881845, 814580.266674730926752 ], [ 446352.531130294315517, 814568.360474165529013 ], [ 446352.531130294315517, 814549.310373259708285 ], [ 446353.324830331839621, 814527.879072243347764 ], [ 446352.531130294315517, 814495.335270697250962 ], [ 446354.118630369193852, 814462.79146915115416 ], [ 446353.324830331839621, 814445.32896832190454 ], [ 446347.76853006798774, 814423.103867266327143 ], [ 446339.037329653277993, 814414.372666850686073 ], [ 446327.131029087118804, 814414.372666850686073 ], [ 446318.399728672578931, 814422.310167228803039 ], [ 446312.049728371202946, 814425.485167378559709 ], [ 446300.14342780597508, 814425.485167378559709 ], [ 446289.824727315455675, 814430.247667605057359 ], [ 446277.918426750227809, 814438.978968020528555 ], [ 446267.599626259878278, 814450.09146854840219 ], [ 446261.249625958502293, 814458.822668962180614 ], [ 446254.105925618670881, 814461.997769113630056 ], [ 446237.437124826945364, 814468.347769415006042 ], [ 446218.38702392205596, 814467.553969377651811 ], [ 446197.749522942118347, 814452.472668660804629 ], [ 446173.937021811492741, 814442.153968170285225 ], [ 446158.061921057291329, 814430.247667605057359 ], [ 446147.743220566771924, 814423.897667303681374 ], [ 446129.486919700168073, 814423.103867266327143 ], [ 446115.993119059130549, 814419.928867114707828 ], [ 446098.530618229880929, 814412.785166775807738 ], [ 446082.655517475679517, 814408.022566549479961 ], [ 446067.574216758832335, 814402.466366285458207 ], [ 446045.349215703085065, 814404.847566399723291 ], [ 446030.267914987169206, 814407.228866511955857 ], [ 446017.567914384417236, 814404.847566399723291 ], [ 446004.867913780733943, 814380.24126522988081 ], [ 445985.817812875844538, 814371.510064816102386 ], [ 445977.880312498658895, 814356.428764099255204 ], [ 445977.880312498658895, 814345.316263571381569 ], [ 445981.055312649346888, 814329.441162817180157 ], [ 445978.674112536944449, 814319.122462326660752 ], [ 445973.117812273092568, 814304.041161611676216 ], [ 445959.624011632055044, 814293.722361121326685 ] ] } },
{ "type": "Feature", "properties": { "OBJECTID": 281, "Name": null, "ClassID": 0, "Surface": "DIRT", "Width": 5.0, "Shape_Leng": 626.19327400899999 }, "geometry": { "type": "LineString", "coordinates": [ [ 446376.343631424941123, 814652.498078161850572 ], [ 446390.63113210350275, 814628.685577031224966 ], [ 446402.537432668730617, 814608.047976050525904 ], [ 446404.918732781894505, 814582.647974843159318 ], [ 446407.299932895228267, 814549.310373259708285 ], [ 446419.99993349891156, 814523.910372054204345 ], [ 446435.875034252181649, 814502.479071035981178 ], [ 446450.162534930743277, 814484.222770169377327 ], [ 446467.62503576092422, 814492.954070582985878 ], [ 446489.850136816501617, 814505.654071187600493 ], [ 446516.837638097815216, 814509.622771374881268 ], [ 446562.081540247425437, 814504.066571110859513 ], [ 446601.769042132422328, 814502.479071035981178 ], [ 446630.34414348937571, 814498.510270847007632 ], [ 446654.95044465828687, 814496.922770772129297 ], [ 446665.269245147705078, 814493.747770620509982 ], [ 446672.41294548753649, 814477.078969828784466 ], [ 446672.41294548753649, 814455.647668812423944 ], [ 446685.11304609104991, 814431.835167679935694 ], [ 446696.225546618923545, 814411.197666700929403 ], [ 446717.656847636215389, 814381.828765304759145 ], [ 446736.706848541274667, 814350.078763797879219 ], [ 446752.581849295645952, 814322.297462478280067 ], [ 446762.106949747540057, 814308.009961798787117 ], [ 446763.694449823349714, 814305.628661686554551 ] ] } },
{ "type": "Feature", "properties": { "OBJECTID": 282, "Name": null, "ClassID": 0, "Surface": "DIRT", "Width": 5.0, "Shape_Leng": 249.65165045500001 }, "geometry": { "type": "LineString", "coordinates": [ [ 445672.28599798399955, 814758.067083176225424 ], [ 445688.954798775725067, 814765.210783515125513 ], [ 445706.417299604974687, 814775.529584005475044 ], [ 445715.148600019514561, 814786.64208453334868 ], [ 445727.848600623197854, 814805.692185437306762 ], [ 445734.992300962097943, 814820.773486154153943 ], [ 445747.692401565611362, 814826.329686418175697 ], [ 445758.804902093484998, 814823.948486305773258 ], [ 445768.329902545548975, 814819.185886079445481 ], [ 445782.617403224110603, 814824.742186343297362 ], [ 445795.317503827624023, 814822.360986229032278 ], [ 445803.255004204809666, 814827.123486455529928 ], [ 445812.780004656873643, 814826.329686418175697 ], [ 445828.655005411244929, 814826.329686418175697 ], [ 445836.592505788430572, 814835.854686871170998 ], [ 445848.498806353658438, 814852.523487662896514 ], [ 445861.198806956410408, 814850.935987586155534 ], [ 445871.517607446759939, 814842.998487209901214 ] ] } },
{ "type": "Feature", "properties": { "OBJECTID": 283, "Name": "Compact Road", "ClassID": 0, "Surface": "PAVED", "Width": 9.0, "Shape_Leng": 359.09334248099998 }, "geometry": { "type": "LineString", "coordinates": [ [ 459218.826341410167515, 850916.08600058965385 ], [ 459238.103542326018214, 850887.17019921541214 ], [ 459261.236243424005806, 850859.539497904479504 ], [ 459271.517443913035095, 850844.438997186720371 ], [ 459282.441144431941211, 850827.089496362954378 ], [ 459287.903044691309333, 850812.631595674902201 ], [ 459292.401044904254377, 850797.852394973859191 ], [ 459294.65004501119256, 850779.860294118523598 ], [ 459297.862945164553821, 850758.976593127474189 ], [ 459308.829045685008168, 850735.435292009264231 ], [ 459319.743146203458309, 850718.237391192466021 ], [ 459330.98794673755765, 850695.416990108788013 ], [ 459348.516647569835186, 850665.651288693770766 ], [ 459361.0844481671229, 850625.632986793294549 ], [ 459364.391748324036598, 850602.151185678318143 ], [ 459366.040248402394354, 850594.94958533719182 ] ] } },
{ "type": "Feature", "properties": { "OBJECTID": 284, "Name": null, "ClassID": 0, "Surface": "DIRT", "Width": 6.0, "Shape_Leng": 471.04675570199998 }, "geometry": { "type": "LineString", "coordinates": [ [ 459520.378255733288825, 843833.117964167147875 ], [ 459540.883556706830859, 843815.258563319221139 ], [ 459554.774157366715372, 843799.383562564849854 ], [ 459565.357557869516313, 843773.586561338976026 ], [ 459568.664858026430011, 843763.66466086730361 ], [ 459577.263858434744179, 843745.143859988078475 ], [ 459599.75345950294286, 843747.789660112932324 ], [ 459632.164961042813957, 843760.357460711151361 ], [ 459658.623362299054861, 843774.909561401233077 ], [ 459687.72756368201226, 843785.492861904203892 ], [ 459722.123465315438807, 843790.123062124475837 ], [ 459762.472567232325673, 843794.753362344577909 ], [ 459804.144469210878015, 843801.367862658575177 ], [ 459831.925770530477166, 843805.998162878677249 ], [ 459846.477871221490204, 843815.920063350349665 ], [ 459864.337272070348263, 843823.196063695475459 ], [ 459881.5352728869766, 843834.4408642295748 ], [ 459919.238474678248167, 843853.623265139758587 ] ] } },
{ "type": "Feature", "properties": { "OBJECTID": 286, "Name": "Compact Road", "ClassID": 0, "Surface": "PAVED", "Width": 9.0, "Shape_Leng": 100.335827145 }, "geometry": { "type": "LineString", "coordinates": [ [ 459210.472841013222933, 851003.476104740053415 ], [ 459198.585240448825061, 850977.130603488534689 ], [ 459193.12334018945694, 850959.781102664768696 ], [ 459194.408540250733495, 850943.716701902449131 ], [ 459206.296140815131366, 850927.009801108390093 ], [ 459218.826341410167515, 850916.08600058965385 ] ] } },
{ "type": "Feature", "properties": { "OBJECTID": 287, "Name": "Compact Road", "ClassID": 0, "Surface": "PAVED", "Width": 11.0, "Shape_Leng": 3425.58426001 }, "geometry": { "type": "LineString", "coordinates": [ [ 457927.707880085334182, 832384.248620374128222 ], [ 457887.56517817825079, 832166.719810042530298 ], [ 457845.971476202830672, 831945.441099531948566 ], [ 457812.696474622935057, 831745.791190048679709 ], [ 457791.067773595452309, 831617.682483965530992 ], [ 457774.430272804573178, 831501.219978433102369 ], [ 457757.792772014625371, 831434.669975271448493 ], [ 457729.508970671333373, 831374.774972427636385 ], [ 457671.277767905034125, 831338.172570688650012 ], [ 457588.090263954363763, 831299.906268870458007 ], [ 457445.007857157848775, 831228.365065472200513 ], [ 457326.88165154773742, 831168.470062628388405 ], [ 457228.720346884801984, 831120.221360336989164 ], [ 457168.027444002218544, 831082.544458547607064 ], [ 457115.639841513708234, 831049.206856964156032 ], [ 457060.077238875441253, 831007.931755002588034 ], [ 457006.102136311121285, 830961.100452778860927 ], [ 456960.858234162442386, 830911.887850441038609 ], [ 456917.201932088471949, 830869.025248404592276 ], [ 456896.564331108704209, 830847.593947388231754 ], [ 456877.02293018065393, 830819.741246065124869 ], [ 456863.529129539616406, 830795.134944895282388 ], [ 456854.797929124906659, 830761.003643274307251 ], [ 456850.829128935933113, 830726.872241653501987 ], [ 456852.416629011742771, 830691.153439957648516 ], [ 456861.941629463806748, 830653.847138185054064 ], [ 456879.404230293817818, 830614.159536300227046 ], [ 456896.073031085543334, 830584.790734905749559 ], [ 456919.091832178644836, 830538.753132717683911 ], [ 456947.666833535768092, 830482.396830040961504 ], [ 456965.129334365017712, 830440.32792804390192 ], [ 456977.829434968531132, 830408.577926535159349 ], [ 457002.435736137442291, 830332.377722915261984 ], [ 457018.310736890882254, 830281.577620502561331 ], [ 457038.948237871751189, 830217.283717449754477 ], [ 457051.648338474333286, 830172.833715338259935 ], [ 457069.90463934186846, 830129.971113301813602 ], [ 457090.542140321806073, 830091.077311454340816 ], [ 457107.21094111353159, 830072.027210550382733 ], [ 457144.517242886126041, 830028.370908476412296 ], [ 457180.236044581979513, 829989.477106628939509 ], [ 457227.06744680646807, 829941.852004367858171 ], [ 457261.198748427443206, 829906.133102670311928 ], [ 457298.505050200037658, 829867.239300822839141 ], [ 457323.111351368017495, 829842.632999654859304 ], [ 457349.305152612738311, 829814.057998297736049 ], [ 457368.355153517797589, 829787.864197053015232 ], [ 457386.611454384401441, 829752.939095394685864 ], [ 457399.311454988084733, 829729.920294301584363 ], [ 457409.630255477502942, 829688.645192340016365 ], [ 457413.599055666476488, 829641.813890116289258 ], [ 457415.186555741354823, 829623.557589249685407 ] ] } },
{ "type": "Feature", "properties": { "OBJECTID": 288, "Name": null, "ClassID": 0, "Surface": "DIRT", "Width": 5.0, "Shape_Leng": 428.51273934900001 }, "geometry": { "type": "LineString", "coordinates": [ [ 457785.566173333674669, 831587.370382525026798 ], [ 457766.516072428785264, 831572.289181808009744 ], [ 457756.197371939197183, 831542.920380413532257 ], [ 457756.991071976721287, 831515.138979094102979 ], [ 457754.609871863387525, 831488.151477811858058 ], [ 457747.466071524657309, 831449.257675964385271 ], [ 457724.447270430624485, 831425.445074833929539 ], [ 457705.39726952649653, 831401.632573703303933 ], [ 457680.790968357585371, 831371.469972269609571 ], [ 457665.709667640738189, 831359.563671704381704 ], [ 457641.897066510282457, 831349.2449712138623 ], [ 457610.147065001539886, 831346.863671101629734 ], [ 457580.778263607062399, 831335.751170573756099 ], [ 457567.284462966024876, 831317.494869707152247 ], [ 457554.584462363272905, 831302.413568990305066 ], [ 457548.234462060965598, 831288.126068310812116 ], [ 457546.646961986087263, 831278.601067859679461 ] ] } },
{ "type": "Feature", "properties": { "OBJECTID": 289, "Name": null, "ClassID": 0, "Surface": "DIRT", "Width": 5.0, "Shape_Leng": 696.49824144399997 }, "geometry": { "type": "LineString", "coordinates": [ [ 457756.991071976721287, 831546.095380565151572 ], [ 457750.641071675345302, 831574.670381922274828 ], [ 457763.341072278097272, 831619.914284070953727 ], [ 457756.991071976721287, 831648.489285428076982 ], [ 457738.734771109186113, 831654.045585691928864 ], [ 457705.39726952649653, 831654.839285729452968 ], [ 457679.997168319299817, 831651.664285577833652 ], [ 457642.690866547636688, 831650.076785502955317 ], [ 457627.609565831720829, 831654.045585691928864 ], [ 457611.734565077349544, 831661.983086068183184 ], [ 457591.890764134936035, 831672.301886558532715 ], [ 457567.284462966024876, 831683.41438708640635 ], [ 457554.584462363272905, 831692.93938753940165 ], [ 457537.915661571547389, 831698.495687803253531 ], [ 457516.484360553324223, 831695.320687651634216 ], [ 457498.228059685789049, 831692.93938753940165 ], [ 457488.703059233725071, 831682.620587049052119 ], [ 457476.796758668497205, 831681.826887011528015 ], [ 457465.684258140623569, 831686.589387238025665 ], [ 457449.015457348898053, 831688.176887312904 ], [ 457425.996656254865229, 831685.795587200671434 ], [ 457402.977855161763728, 831680.23938693664968 ], [ 457368.846553540788591, 831672.301886558532715 ], [ 457352.177752749063075, 831672.301886558532715 ], [ 457333.921451881527901, 831665.951786257326603 ], [ 457328.365251618437469, 831661.189286030828953 ], [ 457318.046451128087938, 831642.139285126700997 ], [ 457309.315150713548064, 831620.707984108477831 ], [ 457302.171450373716652, 831596.895482977852225 ], [ 457299.790150260552764, 831579.432882148772478 ], [ 457295.027650034986436, 831561.970381317660213 ], [ 457293.440149959176779, 831544.507880488410592 ], [ 457289.471449770964682, 831531.014079848304391 ], [ 457287.090149657800794, 831531.014079848304391 ] ] } },
{ "type": "Feature", "properties": { "OBJECTID": 290, "Name": null, "ClassID": 0, "Surface": "GRAVEL", "Width": 8.0, "Shape_Leng": 6054.6968509300004 }, "geometry": { "type": "LineString", "coordinates": [ [ 456896.564331108704209, 830847.593947388231754 ], [ 456866.401829675771296, 830876.962748782709241 ], [ 456846.558028733357787, 830884.900249158963561 ], [ 456829.095527904108167, 830889.662749385461211 ], [ 456813.220427149906754, 830891.250249460339546 ], [ 456787.02662590611726, 830896.012749686837196 ], [ 456758.451624548994005, 830900.775349913164973 ], [ 456731.464023266918957, 830903.950350064784288 ], [ 456709.239022211171687, 830903.950350064784288 ], [ 456684.632721042260528, 830902.362849988043308 ], [ 456667.963920250535011, 830906.331550177186728 ], [ 456656.057619685307145, 830925.381551081314683 ], [ 456655.263919647783041, 830949.987852251157165 ], [ 456652.088919496163726, 830973.006653344258666 ], [ 456648.120119308121502, 831002.375454738736153 ], [ 456641.770119006745517, 831024.60055579431355 ], [ 456636.213818742893636, 831042.06305662356317 ], [ 456635.42011870443821, 831059.525657454505563 ], [ 456635.42011870443821, 831089.688158886507154 ], [ 456640.18261893093586, 831114.29446005448699 ], [ 456646.532619232311845, 831134.138260997831821 ], [ 456648.120119308121502, 831157.950862128287554 ], [ 456644.94511915743351, 831171.444562768563628 ], [ 456647.326419270597398, 831193.669663826003671 ], [ 456643.357619081623852, 831208.750964540988207 ], [ 456633.038818592205644, 831227.007165407761931 ], [ 456621.926318064332008, 831236.532265860587358 ], [ 456609.226317460648715, 831240.500966049730778 ], [ 456589.382516518235207, 831238.913465974852443 ], [ 456567.95121550001204, 831230.975965596735477 ], [ 456545.72621444426477, 831223.832165258005261 ], [ 456534.613613916561007, 831217.482164956629276 ], [ 456522.707413351163268, 831211.132164655253291 ], [ 456509.213612710125744, 831202.400864239782095 ], [ 456494.926112031564116, 831200.81336416490376 ], [ 456484.607311541214585, 831200.019664127379656 ], [ 456475.082311089150608, 831204.782164352014661 ], [ 456465.557210637256503, 831216.688464919105172 ], [ 456456.032210184261203, 831230.182165559381247 ], [ 456452.063509996049106, 831245.263466276228428 ], [ 456452.063509996049106, 831265.901067255064845 ], [ 456449.682209882885218, 831289.713568387553096 ], [ 456449.682209882885218, 831320.669869856908917 ], [ 456449.682209882885218, 831343.688670950010419 ], [ 456440.15720943082124, 831361.944971818476915 ], [ 456435.39470920432359, 831376.232472496107221 ], [ 456429.044708902947605, 831396.076273439452052 ], [ 456428.250908864662051, 831413.538874268531799 ], [ 456428.250908864662051, 831438.93887547403574 ], [ 456429.838408940471709, 831456.40137630328536 ], [ 456439.363409392535686, 831468.307676870375872 ], [ 456456.826010222546756, 831475.451477209106088 ], [ 456471.113510901108384, 831472.276477057486773 ], [ 456482.226011428982019, 831469.101476907730103 ], [ 456494.132311994209886, 831466.720176793634892 ], [ 456509.213612710125744, 831471.482677020132542 ], [ 456521.119913276284933, 831478.626477360725403 ], [ 456529.057413652539253, 831492.913978038355708 ], [ 456531.438613765873015, 831504.820278603583574 ], [ 456531.438613765873015, 831521.489079395309091 ], [ 456532.232413804158568, 831544.507880488410592 ], [ 456530.644913728348911, 831561.970381317660213 ], [ 456538.582414105534554, 831577.051682034507394 ], [ 456554.457414858974516, 831595.307982901111245 ], [ 456563.982415311969817, 831606.42048342898488 ], [ 456566.363715425133705, 831625.470484334975481 ], [ 456567.157415462657809, 831634.995484786108136 ], [ 456566.363715425133705, 831655.633085766807199 ], [ 456574.301215802319348, 831680.23938693664968 ], [ 456594.938816782087088, 831705.639388142153621 ], [ 456602.082517120987177, 831719.133188784122467 ], [ 456607.63881738577038, 831736.595689613372087 ], [ 456607.63881738577038, 831754.058290442451835 ], [ 456598.907516970299184, 831765.17079097032547 ], [ 456583.826216254383326, 831777.077091535553336 ], [ 456567.95121550001204, 831793.745792327448726 ], [ 456552.869914784096181, 831811.208393156528473 ], [ 456526.676113539375365, 831841.370894588530064 ], [ 456510.801112785935402, 831868.358495870605111 ], [ 456494.926112031564116, 831899.314797341823578 ], [ 456482.226011428982019, 831914.396098058670759 ], [ 456464.763510598801076, 831919.952298320829868 ], [ 456443.332209581509233, 831916.777298171073198 ], [ 456433.013409091159701, 831912.808597981929779 ], [ 456421.107208525761962, 831912.808597981929779 ], [ 456402.057107620872557, 831919.158598283305764 ], [ 456387.769606942310929, 831923.921098509803414 ], [ 456367.92580599989742, 831927.88989869877696 ], [ 456352.050805245526135, 831919.952298320829868 ], [ 456342.525804793462157, 831908.839797792956233 ], [ 456330.619504227302969, 831900.902297416701913 ], [ 456303.631902946159244, 831890.583496926352382 ], [ 456284.581902041099966, 831897.727297266945243 ], [ 456270.294401362538338, 831906.458597680553794 ], [ 456252.831800532527268, 831925.508598584681749 ], [ 456237.750599816441536, 831933.446098962798715 ], [ 456219.494298949837685, 831946.939899602904916 ], [ 456194.887997780926526, 831961.227400282397866 ], [ 456175.837896876037121, 831974.721200922504067 ], [ 456159.962896121665835, 831967.577400583773851 ], [ 456145.675395443104208, 831954.877399981021881 ], [ 456135.356594952754676, 831941.383599339053035 ], [ 456122.656594350002706, 831926.302398623898625 ], [ 456111.544093822129071, 831915.983598133549094 ], [ 456097.256493143737316, 831914.396098058670759 ], [ 456082.175192426890135, 831922.333598434925079 ], [ 456062.331491484306753, 831935.827399075031281 ], [ 456039.312690391205251, 831947.73359964042902 ], [ 456007.562588883563876, 831972.339900810271502 ], [ 455989.306288016028702, 831990.596201676875353 ], [ 455970.256287110969424, 832003.29630227945745 ], [ 455945.649985942989588, 832015.202502846717834 ], [ 455918.66238466091454, 832020.758803110569715 ], [ 455891.67488337866962, 832029.490103524178267 ], [ 455872.624782473780215, 832045.365104278549552 ], [ 455849.605981380678713, 832071.558905523270369 ], [ 455826.587280287407339, 832093.783906579017639 ], [ 455817.855979872867465, 832112.04020744562149 ], [ 455804.362179231829941, 832138.234008690342307 ], [ 455794.04337874148041, 832155.696609519422054 ], [ 455782.930878213606775, 832165.221609970554709 ], [ 455763.880877308547497, 832185.065410913899541 ], [ 455745.624576441943645, 832207.290411969646811 ], [ 455733.718275876715779, 832226.340412873774767 ], [ 455724.987075462006032, 832249.359213966876268 ], [ 455717.843275122344494, 832266.028014758601785 ], [ 455709.11197470780462, 832279.521815400570631 ], [ 455697.205674141645432, 832303.334316531196237 ], [ 455696.411974104121327, 832321.590617397800088 ], [ 455694.824474029242992, 832344.609418490901589 ], [ 455700.380774293094873, 832370.803219735622406 ], [ 455705.936974557116628, 832391.440820716321468 ], [ 455708.318274670280516, 832417.634621961042285 ], [ 455708.318274670280516, 832435.097122790291905 ], [ 455698.793274217285216, 832450.972123544663191 ], [ 455686.093173614703119, 832469.228424411267042 ], [ 455673.393173011019826, 832488.278425315394998 ], [ 455632.911871088668704, 832531.934827389195561 ], [ 455607.511769881471992, 832558.922328671440482 ], [ 455576.555468411184847, 832597.022430481389165 ], [ 455545.599166940897703, 832645.441332779824734 ], [ 455518.611565659753978, 832688.30383481644094 ], [ 455481.305263887159526, 832731.960236890241504 ], [ 455460.667762907221913, 832774.029038887470961 ], [ 455459.080262831412256, 832824.829141300171614 ], [ 455459.080262831412256, 832855.78544277139008 ], [ 455467.017763208597898, 832931.985646391287446 ], [ 455473.367763509973884, 832979.610748652368784 ], [ 455490.830264340154827, 833000.24824963323772 ], [ 455522.580365847796202, 833019.298250537365675 ], [ 455557.505467507056892, 833054.223352197557688 ], [ 455563.855467808432877, 833077.242153290659189 ], [ 455568.617968034930527, 833101.054654421284795 ], [ 455560.680467657744884, 833128.836055740714073 ], [ 455541.63036675285548, 833158.998557172715664 ], [ 455521.786665810272098, 833181.223658228293061 ], [ 455502.736564905382693, 833194.717358870431781 ], [ 455487.655264188535511, 833209.798659585416317 ], [ 455474.161563548259437, 833233.611260717734694 ], [ 455469.399063321761787, 833262.980062112212181 ], [ 455466.223963171243668, 833298.698863808065653 ], [ 455467.017763208597898, 833328.861365241929889 ], [ 455476.542763661593199, 833347.911466145887971 ], [ 455493.211564453318715, 833362.992766862735152 ], [ 455497.974064678885043, 833389.980268144980073 ], [ 455496.386564604006708, 833432.04907014220953 ], [ 455498.767864717170596, 833468.561671877279878 ], [ 455490.830264340154827, 833498.724273309111595 ], [ 455490.0365643016994, 833527.299274666234851 ], [ 455490.830264340154827, 833555.874376023188233 ], [ 455486.067764113657176, 833573.336876852437854 ], [ 455475.749063623137772, 833590.00567764416337 ], [ 455476.542763661593199, 833637.630779907107353 ], [ 455482.892763962969184, 833665.412081226706505 ], [ 455508.292865169234574, 833689.22458235733211 ], [ 455532.105366299860179, 833715.418383602052927 ], [ 455546.392966979183257, 833747.168485110625625 ], [ 455552.742967280559242, 833798.762387560680509 ], [ 455541.63036675285548, 833840.037389520555735 ], [ 455528.930366149172187, 833890.043791895732284 ], [ 455528.930366149172187, 833926.556393630802631 ], [ 455530.517866224981844, 833959.100195176899433 ], [ 455532.899166338145733, 833982.118996270000935 ], [ 455525.755365998484194, 834008.312797512859106 ], [ 455516.230365546420217, 834032.125298645347357 ], [ 455491.624064377509058, 834047.206599360331893 ], [ 455468.605263284407556, 834060.700400002300739 ], [ 455459.080262831412256, 834076.575400756672025 ], [ 455470.986563397571445, 834104.356702074408531 ], [ 455490.830264340154827, 834129.756803281605244 ], [ 455501.942864867858589, 834160.71310475282371 ], [ 455501.942864867858589, 834200.400606637820601 ], [ 455501.942864867858589, 834236.913208371028304 ], [ 455490.830264340154827, 834260.725809503346682 ], [ 455487.655264188535511, 834283.744610596448183 ], [ 455483.686564000323415, 834312.319611953571439 ], [ 455480.511563849635422, 834337.719713158905506 ], [ 455473.367763509973884, 834355.975914025679231 ], [ 455451.93646249268204, 834375.026014931499958 ], [ 455439.236461888998747, 834398.04481602460146 ], [ 455439.236461888998747, 834433.763617720454931 ], [ 455456.698962718248367, 834468.688719380646944 ], [ 455477.33656369894743, 834516.313821641728282 ], [ 455491.624064377509058, 834558.382623640820384 ], [ 455510.674065282568336, 834602.038925714790821 ], [ 455527.342866074293852, 834639.345227485522628 ], [ 455540.836666715331376, 834659.189028428867459 ], [ 455567.824167996644974, 834667.92032884247601 ], [ 455591.636769128032029, 834679.032829370349646 ], [ 455604.336769730783999, 834703.639130540192127 ], [ 455625.768070749007165, 834718.720431255176663 ], [ 455642.436871540732682, 834729.039231745526195 ], [ 455653.549372068606317, 834758.408033141866326 ], [ 455661.48687244579196, 834774.283033894374967 ], [ 455678.949473274871707, 834810.795635629445314 ], [ 455680.536973350681365, 834842.545637138187885 ], [ 455678.949473274871707, 834872.708238570019603 ], [ 455684.505673538893461, 834891.758239474147558 ], [ 455683.711973501369357, 834925.095841057598591 ], [ 455682.918173463083804, 834962.402142830193043 ], [ 455680.536973350681365, 834998.914744565263391 ], [ 455682.1244734255597, 835025.902345845475793 ], [ 455672.599372973665595, 835041.777346599847078 ], [ 455668.630672784522176, 835058.446147391572595 ], [ 455671.805672935210168, 835076.702448260039091 ], [ 455677.361973199993372, 835100.514949390664697 ], [ 455685.299473576247692, 835129.090050747618079 ], [ 455681.330673388205469, 835141.790051350370049 ], [ 455674.186973048374057, 835164.808852443471551 ], [ 455676.568173161707819, 835202.908954253420234 ], [ 455667.043172709643841, 835230.690255573019385 ], [ 455655.136872143484652, 835245.77145629003644 ], [ 455640.849371464923024, 835260.852757005020976 ], [ 455621.799370560795069, 835279.109057873487473 ], [ 455606.718069843947887, 835298.159058777615428 ], [ 455591.954469142481685, 835319.88735980913043 ] ] } },
{ "type": "Feature", "properties": { "OBJECTID": 291, "Name": null, "ClassID": 0, "Surface": "DIRT", "Width": 6.0, "Shape_Leng": 458.63955162299999 }, "geometry": { "type": "LineString", "coordinates": [ [ 456669.853820340707898, 830903.878850061446428 ], [ 456645.247519171796739, 830880.860048968344927 ], [ 456626.197418266907334, 830868.953848401084542 ], [ 456602.384917135350406, 830872.922548590227962 ], [ 456578.572316004894674, 830885.622649192810059 ], [ 456553.172314798459411, 830893.560149570927024 ], [ 456504.753412498161197, 830891.178849456831813 ], [ 456477.765911216847599, 830880.860048968344927 ], [ 456454.747110123746097, 830866.572548288851976 ], [ 456444.428309633396566, 830845.14124727062881 ], [ 456432.522109067998827, 830819.741246065124869 ], [ 456412.678308125585318, 830801.484945196658373 ], [ 456378.547006503678858, 830781.641144255176187 ], [ 456361.878205711953342, 830755.44734301045537 ], [ 456355.528205410577357, 830714.172241050750017 ], [ 456344.415604882873595, 830687.184739768505096 ] ] } },
{ "type": "Feature", "properties": { "OBJECTID": 292, "Name": null, "ClassID": 0, "Surface": "DIRT", "Width": 6.0, "Shape_Leng": 383.4660419 }, "geometry": { "type": "LineString", "coordinates": [ [ 456447.603309784084558, 830855.460047760978341 ], [ 456430.934608992189169, 830851.491247572004795 ], [ 456416.647008313797414, 830850.697547534480691 ], [ 456401.565707596950233, 830866.572548288851976 ], [ 456384.897006805986166, 830892.766349533572793 ], [ 456367.434405975975096, 830915.785150626674294 ], [ 456369.021906051784754, 830941.185251832008362 ], [ 456374.578206315636635, 830966.585253039374948 ], [ 456376.16570639051497, 830998.335354547947645 ], [ 456375.371906353160739, 831022.147855678573251 ], [ 456372.990706239826977, 831062.629157600924373 ], [ 456353.940705335699022, 831085.647958694025874 ], [ 456338.06560458149761, 831111.841759938746691 ], [ 456322.984303864650428, 831139.623061258345842 ], [ 456315.840603525750339, 831158.673162162303925 ], [ 456308.6968031860888, 831165.816862503066659 ] ] } },
{ "type": "Feature", "properties": { "OBJECTID": 293, "Name": null, "ClassID": 0, "Surface": "DIRT", "Width": 6.0, "Shape_Leng": 428.09600036799998 }, "geometry": { "type": "LineString", "coordinates": [ [ 456650.803719435818493, 830887.210149269551039 ], [ 456683.347520980983973, 830876.097548741847277 ], [ 456709.541322225704789, 830861.016348024830222 ], [ 456736.528923506848514, 830827.678746441379189 ], [ 456743.672723846510053, 830799.103645084425807 ], [ 456725.416422979906201, 830747.50984263420105 ], [ 456709.541322225704789, 830713.378541013225913 ], [ 456703.191321923397481, 830691.153439957648516 ], [ 456714.303922452032566, 830663.372138638049364 ], [ 456734.147623394615948, 830647.497137883678079 ], [ 456758.753924562595785, 830612.572036225348711 ], [ 456768.279025015421212, 830583.99703486636281 ], [ 456784.947725807316601, 830539.546932755038142 ] ] } },
{ "type": "Feature", "properties": { "OBJECTID": 294, "Name": null, "ClassID": 0, "Surface": "DIRT", "Width": 5.0, "Shape_Leng": 503.34584019900001 }, "geometry": { "type": "LineString", "coordinates": [ [ 456854.797929124906659, 830761.003643274307251 ], [ 456818.285327390767634, 830733.222341954708099 ], [ 456800.02902652323246, 830695.122240144759417 ], [ 456792.885326184332371, 830676.865939278155565 ], [ 456788.916525995358825, 830659.403438448905945 ], [ 456788.122825957834721, 830634.797137280926108 ], [ 456788.122825957834721, 830619.715836564078927 ], [ 456789.710326033644378, 830605.428335884585977 ], [ 456789.710326033644378, 830591.140735207125545 ], [ 456785.741525844670832, 830576.059434490278363 ], [ 456785.741525844670832, 830560.184433735907078 ], [ 456784.947725807316601, 830539.546932755038142 ], [ 456802.410326636396348, 830514.940631587058306 ], [ 456818.285327390767634, 830503.03433102183044 ], [ 456825.42912772949785, 830487.953030304983258 ], [ 456826.222827767953277, 830473.665529627352953 ], [ 456829.397827918641269, 830452.234228609129786 ], [ 456835.747828220017254, 830426.834227401763201 ], [ 456850.035428898409009, 830407.784126497805119 ], [ 456856.385429199784994, 830398.259126044809818 ], [ 456875.435430104844272, 830399.846626119688153 ], [ 456896.866731123067439, 830406.196626422926784 ], [ 456919.091832178644836, 830403.021626271307468 ], [ 456946.079333459958434, 830398.259126044809818 ], [ 456947.666833535768092, 830399.052926082164049 ] ] } },
{ "type": "Feature", "properties": { "OBJECTID": 295, "Name": null, "ClassID": 0, "Surface": "DIRT", "Width": 6.0, "Shape_Leng": 386.73488569199998 }, "geometry": { "type": "LineString", "coordinates": [ [ 457057.998338776640594, 830159.339914696291089 ], [ 457017.516936853528023, 830193.471216319128871 ], [ 456979.416935043409467, 830217.283717449754477 ], [ 456915.12303198967129, 830237.921318428590894 ], [ 456878.610430255532265, 830255.383819259703159 ], [ 456854.004129086621106, 830276.021420238539577 ], [ 456832.572828069329262, 830293.483921067789197 ], [ 456834.95412818249315, 830322.059022426605225 ], [ 456845.272928671911359, 830349.840323746204376 ], [ 456846.860428747721016, 830378.415325103327632 ], [ 456848.447928823530674, 830412.546626724302769 ] ] } },
{ "type": "Feature", "properties": { "OBJECTID": 296, "Name": null, "ClassID": 0, "Surface": "PAVED", "Width": 7.0, "Shape_Leng": 2679.38722934 }, "geometry": { "type": "LineString", "coordinates": [ [ 457415.186555741354823, 829623.557589249685407 ], [ 457454.874157627113163, 829625.938789362087846 ], [ 457478.686658757738769, 829623.557589249685407 ], [ 457500.91165981348604, 829615.620088871568441 ], [ 457522.342960831709206, 829591.807487741112709 ], [ 457547.743062037974596, 829557.676186120137572 ], [ 457575.524363357573748, 829521.957384422421455 ], [ 457598.543164450675249, 829492.588583027943969 ], [ 457623.943165657110512, 829475.919782236218452 ], [ 457653.311967052519321, 829464.807281708344817 ], [ 457691.412068861536682, 829450.519781030714512 ], [ 457743.005971312522888, 829431.469680124893785 ], [ 457796.187273838557303, 829412.419679220765829 ], [ 457848.574876327067614, 829390.988378202542663 ], [ 457893.024978437460959, 829372.732077335938811 ], [ 457930.331280210055411, 829351.300776317715645 ], [ 457960.493881642818451, 829340.18827578984201 ], [ 458008.118983904831111, 829329.869475299492478 ], [ 458054.156586091034114, 829322.725774960592389 ], [ 458120.831689258106053, 829313.994474545121193 ], [ 458164.48799133207649, 829306.056974168866873 ], [ 458201.794393103569746, 829288.594373339787126 ], [ 458226.400694272480905, 829263.19437213242054 ], [ 458249.419495365582407, 829233.825570737943053 ], [ 458263.706996044144034, 829216.362969908863306 ], [ 458287.519497175700963, 829187.78796855174005 ], [ 458301.013297816738486, 829171.912967797368765 ], [ 458313.713298419490457, 829152.069166854023933 ], [ 458319.269598683342338, 829124.287865534424782 ], [ 458324.032098909839988, 829090.156463913619518 ], [ 458333.557099361903965, 829070.312762971967459 ], [ 458351.019700191915035, 829046.500161839649081 ], [ 458374.832201322540641, 829031.4188611228019 ], [ 458405.788502792827785, 829021.100160634145141 ], [ 458435.951104225590825, 829003.637559805065393 ], [ 458456.588605205528438, 828983.000058824196458 ], [ 458475.638606110587716, 828962.362457843497396 ], [ 458501.83240735437721, 828949.662457240745425 ], [ 458538.345009088516235, 828940.137456787750125 ], [ 458570.095110597088933, 828942.518756901845336 ], [ 458593.907611727714539, 828952.043757352977991 ], [ 458620.101412972435355, 828965.537557994946837 ], [ 458642.326514028012753, 828988.556259088218212 ], [ 458659.789014857262373, 829019.51266055740416 ], [ 458682.014015913009644, 829055.231462255120277 ], [ 458708.207917156629264, 829073.487763121724129 ], [ 458734.401718401350081, 829086.187763724476099 ], [ 458752.657919268123806, 829090.950263950973749 ], [ 458786.789320889860392, 829089.362763876095414 ], [ 458812.189322096295655, 829086.187763724476099 ], [ 458836.00182322692126, 829073.487763121724129 ], [ 458861.40192443318665, 829058.406462404876947 ], [ 458886.008225602097809, 829047.293961877003312 ], [ 458912.995826884172857, 829033.800161236897111 ], [ 458947.920828542672098, 829027.450160935521126 ], [ 458989.195930503308773, 829031.4188611228019 ], [ 459016.977231822907925, 829049.675161991268396 ], [ 459043.171033066697419, 829078.250263348221779 ], [ 459063.808534047566354, 829111.587764931842685 ], [ 459091.589835366234183, 829145.719166552647948 ], [ 459121.752436798997223, 829168.73796764574945 ], [ 459154.296238345094025, 829172.706667834892869 ], [ 459201.921340607106686, 829155.244167005643249 ], [ 459233.671442114748061, 829141.750366363674402 ], [ 459263.04024351015687, 829135.400366062298417 ], [ 459292.409044904634356, 829138.575366213917732 ], [ 459317.80904611106962, 829151.275366816669703 ], [ 459352.73414777033031, 829175.087967947125435 ], [ 459389.246749504469335, 829206.837969455868006 ], [ 459414.646750710904598, 829220.331770095974207 ], [ 459442.42805203050375, 829229.063070511445403 ], [ 459480.528153840452433, 829229.063070511445403 ], [ 459505.134455009363592, 829223.506770247593522 ], [ 459529.740756177343428, 829222.713070210069418 ], [ 459559.109557572752237, 829229.063070511445403 ], [ 459590.065859043039382, 829239.381771001964808 ], [ 459625.784660739824176, 829248.113071415573359 ], [ 459645.628461682237685, 829251.288071567192674 ] ] } },
{ "type": "Feature", "properties": { "OBJECTID": 297, "Name": null, "ClassID": 0, "Surface": "GRAVEL", "Width": 8.0, "Shape_Leng": 1100.9660930299999 }, "geometry": { "type": "LineString", "coordinates": [ [ 459645.628461682237685, 829251.288071567192674 ], [ 459631.340961003676057, 829289.388173377141356 ], [ 459592.44715915620327, 829376.700877523049712 ], [ 459566.253357912413776, 829440.994680577889085 ], [ 459546.409556969068944, 829497.351083254441619 ], [ 459539.265756630338728, 829509.257383819669485 ], [ 459524.184455913491547, 829544.976185515522957 ], [ 459511.484455310739577, 829578.313787098973989 ], [ 459481.321953877806664, 829650.545090530067682 ], [ 459459.890652859583497, 829685.470192190259695 ], [ 459438.459351842291653, 829714.838993584737182 ], [ 459416.234250786714256, 829745.001595016568899 ], [ 459397.184249881654978, 829758.495395658537745 ], [ 459367.815448486246169, 829763.257895885035396 ], [ 459328.127846601419151, 829767.22659607231617 ], [ 459296.377745093777776, 829771.195396261289716 ], [ 459264.627743585966527, 829783.895396864041686 ], [ 459232.87764207739383, 829800.564197655767202 ], [ 459195.5713403057307, 829819.614198561757803 ], [ 459146.358737967908382, 829841.8392996173352 ], [ 459104.289935969747603, 829860.095600483939052 ], [ 459070.95233438629657, 829875.970601238310337 ], [ 459036.821032765321434, 829910.101902859285474 ], [ 459010.62723152153194, 829938.677004216238856 ], [ 458995.545930804684758, 829953.758204933255911 ], [ 458967.764629485085607, 829972.808305837213993 ], [ 458936.808328014798462, 829992.652106780558825 ], [ 458938.39582809060812, 829992.652106780558825 ] ] } },
{ "type": "Feature", "properties": { "OBJECTID": 298, "Name": null, "ClassID": 0, "Surface": "DIRT", "Width": 6.0, "Shape_Leng": 435.99713560599997 }, "geometry": { "type": "LineString", "coordinates": [ [ 458938.39582809060812, 829992.652106780558825 ], [ 458870.133224847726524, 830033.133408702909946 ], [ 458800.283021530136466, 830078.377210851758718 ], [ 458758.214219531975687, 830098.221011793240905 ], [ 458719.3204176845029, 830105.364812133833766 ], [ 458680.426515837199986, 830104.571012096479535 ], [ 458655.026514630764723, 830095.046011643484235 ], [ 458636.770213764160872, 830084.727211153134704 ], [ 458616.926412821747363, 830069.646010436117649 ], [ 458581.207611124962568, 830040.277209041640162 ], [ 458570.095110597088933, 830013.289607759565115 ] ] } },
{ "type": "Feature", "properties": { "OBJECTID": 299, "Name": null, "ClassID": 0, "Surface": "GRAVEL", "Width": 9.0, "Shape_Leng": 1249.7607110700001 }, "geometry": { "type": "LineString", "coordinates": [ [ 459645.628461682237685, 829251.288071567192674 ], [ 459668.647262775339186, 829191.756668739020824 ], [ 459691.666063868440688, 829131.431565873324871 ], [ 459710.716164773330092, 829082.218963537365198 ], [ 459728.178665602579713, 829043.325161689892411 ], [ 459739.291166130453348, 829016.337660407647491 ], [ 459763.103767261840403, 828963.156257880851626 ], [ 459768.659967525862157, 828948.07495716586709 ], [ 459773.422467752359807, 828933.78745648637414 ], [ 459784.53506828006357, 828915.531155619770288 ], [ 459805.172569260001183, 828889.337354375049472 ], [ 459828.985070390626788, 828867.906053356826305 ], [ 459846.447671220637858, 828848.062252415344119 ], [ 459859.147671823389828, 828828.218451471999288 ], [ 459871.847672427073121, 828811.549750680103898 ], [ 459886.135273105464876, 828794.087149851024151 ], [ 459921.060274763964117, 828774.243348907679319 ], [ 459942.491575782187283, 828753.605847928673029 ], [ 459953.604076310060918, 828727.412046683952212 ], [ 459959.160376573912799, 828705.980745665729046 ], [ 459963.129176762886345, 828683.755744609981775 ], [ 459963.129176762886345, 828645.655642800033092 ], [ 459954.397876347415149, 828601.20554069057107 ], [ 459951.222876196727157, 828565.486738992854953 ], [ 459945.666575932875276, 828525.005337070673704 ], [ 459942.491575782187283, 828492.461535524576902 ], [ 459937.729075555689633, 828447.21773337572813 ], [ 459932.172775291837752, 828397.211331000551581 ], [ 459927.410275066271424, 828366.255029529333115 ], [ 459924.235274915583432, 828278.148625345900655 ], [ 459915.504074500873685, 828233.698523234575987 ], [ 459894.866473520174623, 828183.692220859229565 ], [ 459872.641472464427352, 828140.035818785429001 ], [ 459857.560171748511493, 828117.017017692327499 ] ] } },
{ "type": "Feature", "properties": { "OBJECTID": 300, "Name": null, "ClassID": 0, "Surface": "PAVED", "Width": 7.0, "Shape_Leng": 385.899001806 }, "geometry": { "type": "LineString", "coordinates": [ [ 459900.422773784026504, 828196.392221461981535 ], [ 459947.254076008684933, 828166.229620030149817 ], [ 460017.897979363799095, 828114.635817578062415 ], [ 460075.048082078807056, 828073.360715618357062 ], [ 460127.435684566386044, 828037.641913922503591 ], [ 460162.360786225646734, 828013.035612752661109 ], [ 460205.223388261161745, 827983.666811358183622 ], [ 460216.33588878903538, 827974.935510942712426 ] ] } },
{ "type": "Feature", "properties": { "OBJECTID": 301, "Name": null, "ClassID": 0, "Surface": "DIRT", "Width": 5.0, "Shape_Leng": 143.29265278099999 }, "geometry": { "type": "LineString", "coordinates": [ [ 459318.946146165952086, 829152.988866897299886 ], [ 459295.133645034395158, 829175.213867953047156 ], [ 459275.289844091981649, 829192.676468782126904 ], [ 459263.383543526753783, 829199.820169122889638 ], [ 459251.477342961356044, 829199.820169122889638 ], [ 459241.952242508530617, 829199.820169122889638 ], [ 459229.252241904847324, 829206.170169424265623 ], [ 459220.521041490137577, 829223.63277025334537 ], [ 459210.995941038243473, 829235.539070818573236 ] ] } },
{ "type": "Feature", "properties": { "OBJECTID": 302, "Name": null, "ClassID": 0, "Surface": "DIRT", "Width": 6.0, "Shape_Leng": 417.61897316900001 }, "geometry": { "type": "LineString", "coordinates": [ [ 459164.958338851109147, 829169.657667689025402 ], [ 459148.28963806014508, 829187.913968557491899 ], [ 459128.445837116800249, 829205.376469386741519 ], [ 459121.302036778070033, 829225.220270328223705 ], [ 459117.333236589096487, 829252.207771610468626 ], [ 459111.777036325074732, 829276.814072778448462 ], [ 459106.220736061222851, 829291.895373495295644 ], [ 459094.314535495825112, 829298.245373796671629 ], [ 459086.376935118809342, 829321.26417488977313 ], [ 459093.520735458470881, 829345.076776022091508 ], [ 459097.489535646513104, 829368.095577115193009 ], [ 459090.345735307782888, 829381.589277755469084 ], [ 459066.533134176395833, 829395.08307839743793 ], [ 459048.276933309622109, 829410.164379112422466 ], [ 459028.4331323672086, 829430.008180055767298 ], [ 459010.176831499673426, 829438.739480471238494 ], [ 458996.683030858635902, 829438.739480471238494 ], [ 458971.283029652200639, 829418.895679527893662 ], [ 458948.264228559099138, 829399.051878584548831 ] ] } },
{ "type": "Feature", "properties": { "OBJECTID": 303, "Name": null, "ClassID": 0, "Surface": "DIRT", "Width": 7.0, "Shape_Leng": 1933.0466560100001 }, "geometry": { "type": "LineString", "coordinates": [ [ 458889.526625769212842, 829045.832361808046699 ], [ 458895.876626070588827, 829014.082360301166773 ], [ 458896.670326108112931, 828996.61975947022438 ], [ 458891.1141258450225, 828967.250958075746894 ], [ 458887.939125693403184, 828938.675956718623638 ], [ 458881.589025392197073, 828912.482155473902822 ], [ 458876.826525165699422, 828892.638354532420635 ], [ 458880.001525316387415, 828873.588253626599908 ], [ 458886.351525618694723, 828851.363252570852637 ], [ 458899.05162622127682, 828824.375751290470362 ], [ 458903.020326410420239, 828804.53195034712553 ], [ 458914.926626975648105, 828779.131849139928818 ], [ 458927.626627578400075, 828754.525547971948981 ], [ 458945.089228408411145, 828739.4442472551018 ], [ 458976.045529878698289, 828710.075445860624313 ], [ 458994.301830745302141, 828674.356644164770842 ], [ 459016.526831801049411, 828639.431542504578829 ], [ 459033.195632592774928, 828618.794041525572538 ], [ 459063.358134025707841, 828596.569040469825268 ], [ 459095.902035571634769, 828571.962739299982786 ], [ 459110.983236287720501, 828550.531438283622265 ], [ 459110.983236287720501, 828522.750136964023113 ], [ 459108.60203617438674, 828498.143835794180632 ], [ 459118.12703662738204, 828476.712534775957465 ], [ 459141.145837720483541, 828466.393734285607934 ], [ 459180.039639567956328, 828454.487433720380068 ], [ 459214.964741226285696, 828442.581233154982328 ], [ 459226.871041792444885, 828428.293632477521896 ], [ 459194.327140246517956, 828435.437432816252112 ], [ 459153.052138285711408, 828435.437432816252112 ], [ 459139.558337644673884, 828427.499932439997792 ], [ 459109.395736212842166, 828411.62483168579638 ], [ 459083.995735006406903, 828397.33733100630343 ], [ 459057.801933761686087, 828387.018530515953898 ], [ 459037.958132819272578, 828374.318529913201928 ], [ 459010.97053153719753, 828354.474728969857097 ], [ 458985.570530330762267, 828340.187228292226791 ], [ 458965.726729388348758, 828322.724727462977171 ], [ 458948.264228559099138, 828310.024626858532429 ], [ 458935.564127955585718, 828294.149626106023788 ], [ 458918.101627126336098, 828281.449625501409173 ], [ 458892.701625919900835, 828282.243325538933277 ], [ 458873.65152501501143, 828290.974625954404473 ], [ 458861.74532444961369, 828296.530926218256354 ], [ 458837.932723318226635, 828301.293426444754004 ], [ 458819.676422451622784, 828298.118426293134689 ], [ 458794.276421245187521, 828290.180925916880369 ], [ 458766.495119925588369, 828284.624625653028488 ], [ 458722.045017814263701, 828268.749624898657203 ], [ 458688.707416230812669, 828263.193324634805322 ], [ 458649.813614383339882, 828259.224624445661902 ], [ 458595.044711781665683, 828249.699523994699121 ], [ 458557.738410010002553, 828243.349523693323135 ], [ 458522.019608313217759, 828239.380823504179716 ], [ 458487.094506654888391, 828238.587023466825485 ], [ 458460.107005372643471, 828231.443223126232624 ], [ 458432.325704053044319, 828215.568222373723984 ], [ 458410.894403035752475, 828194.136921355500817 ], [ 458391.84430213086307, 828178.261920601129532 ], [ 458365.650500886142254, 828144.130618980154395 ], [ 458352.950500283390284, 828115.555517623201013 ], [ 458340.250499679706991, 828092.536716530099511 ], [ 458327.55049907695502, 828069.517915435135365 ], [ 458334.69419941585511, 828021.892813174054027 ], [ 458339.45669964235276, 827984.586511401459575 ], [ 458341.044199717231095, 827958.392710158601403 ] ] } },
{ "type": "Feature", "properties": { "OBJECTID": 304, "Name": null, "ClassID": 0, "Surface": "DIRT", "Width": 6.0, "Shape_Leng": 166.27000544200001 }, "geometry": { "type": "LineString", "coordinates": [ [ 458763.320119774900377, 829090.282463919371367 ], [ 458784.751320792362094, 829072.819963090121746 ], [ 458809.357621961273253, 829045.832361808046699 ], [ 458851.426523959264159, 829013.288560261949897 ], [ 458881.589025392197073, 829000.588559659197927 ], [ 458897.464126146398485, 829003.763559810817242 ] ] } },
{ "type": "Feature", "properties": { "OBJECTID": 305, "Name": null, "ClassID": 0, "Surface": "DIRT", "Width": 5.0, "Shape_Leng": 235.481153788 }, "geometry": { "type": "LineString", "coordinates": [ [ 458897.464126146398485, 828830.725751591846347 ], [ 458862.539024487137794, 828846.600752346217632 ], [ 458835.551423205062747, 828864.857053212821484 ], [ 458837.932723318226635, 828899.782154871150851 ], [ 458851.426523959264159, 828941.057156831026077 ], [ 458857.776524261571467, 828960.900957774370909 ], [ 458853.807724072597921, 828978.363558603450656 ], [ 458841.107723469845951, 829005.351059885695577 ], [ 458842.695223544724286, 829022.813560714945197 ] ] } },
{ "type": "Feature", "properties": { "OBJECTID": 306, "Name": null, "ClassID": 0, "Surface": "GRAVEL", "Width": 9.0, "Shape_Leng": 651.95256479800003 }, "geometry": { "type": "LineString", "coordinates": [ [ 458323.581698887981474, 829110.920064900070429 ], [ 458300.562897794879973, 829106.157564673572779 ], [ 458282.306596927344799, 829080.757463466376066 ], [ 458268.812796287238598, 829056.944962335750461 ], [ 458250.556595419533551, 829030.751161092892289 ], [ 458229.918994439765811, 829006.144859923049808 ], [ 458234.681494665332139, 828975.98225849121809 ], [ 458232.300294552929699, 828952.963457398116589 ], [ 458213.250193648040295, 828941.850956870242953 ], [ 458191.818892629817128, 828939.469656756147742 ], [ 458151.337590707466006, 828930.738456342369318 ], [ 458115.618789010681212, 828910.894655399024487 ], [ 458095.774988068267703, 828882.319554042071104 ], [ 458081.487487389706075, 828852.157052610069513 ], [ 458075.137487087398767, 828821.20065113902092 ], [ 458052.91238603182137, 828784.688149403780699 ], [ 458025.924884750507772, 828764.050548424944282 ], [ 457989.412283016368747, 828738.650547217577696 ], [ 457941.787180754356086, 828708.487945785745978 ], [ 457916.387179547920823, 828689.437944879755378 ], [ 457900.512078793719411, 828683.087944578379393 ] ] } },
{ "type": "Feature", "properties": { "OBJECTID": 307, "Name": null, "ClassID": 0, "Surface": "DIRT", "Width": 6.0, "Shape_Leng": 273.46635387100002 }, "geometry": { "type": "LineString", "coordinates": [ [ 458134.66878991574049, 829313.32667451351881 ], [ 458143.400090330280364, 829285.545373193919659 ], [ 458145.781390443444252, 829260.939072025939822 ], [ 458141.812590254470706, 829214.10776980035007 ], [ 458144.193790367804468, 829190.295168669894338 ], [ 458140.225090179592371, 829162.513867350295186 ], [ 458147.368890518322587, 829139.495066257193685 ], [ 458162.450091235339642, 829104.570064598694444 ], [ 458194.993892780505121, 829068.8511629011482 ], [ 458202.93149315752089, 829062.501162599772215 ] ] } },
{ "type": "Feature", "properties": { "OBJECTID": 308, "Name": "Compact Road", "ClassID": 0, "Surface": "PAVED", "Width": 10.0, "Shape_Leng": 3284.9794387500001 }, "geometry": { "type": "LineString", "coordinates": [ [ 457415.186555741354823, 829623.557589249685407 ], [ 457421.879856059327722, 829554.627185974270105 ], [ 457427.436156323179603, 829483.18948258087039 ], [ 457432.992456587962806, 829425.245679829269648 ], [ 457437.754956813529134, 829364.126776926219463 ], [ 457440.929956964217126, 829302.214173985645175 ], [ 457438.548656851053238, 829276.020372740924358 ], [ 457426.642356285825372, 829199.820169122889638 ], [ 457414.736155720427632, 829146.638866595923901 ], [ 457396.479854852892458, 829075.994963241741061 ], [ 457387.748554438352585, 829033.132361205294728 ], [ 457376.63605391047895, 828979.15725864097476 ], [ 457374.254753797315061, 828955.344757510349154 ], [ 457370.286053609102964, 828931.532156379893422 ], [ 457363.142253269441426, 828879.938353929668665 ], [ 457355.998552930541337, 828821.994451176375151 ], [ 457351.236052704043686, 828775.163148952648044 ], [ 457348.854752590879798, 828742.619247406721115 ], [ 457342.504752289503813, 828707.694245748221874 ], [ 457332.185951799154282, 828681.500444503501058 ], [ 457318.692151158116758, 828653.719143183901906 ], [ 457298.054650178179145, 828627.525341939181089 ], [ 457269.479548821225762, 828602.125240733847022 ], [ 457233.760747124440968, 828579.900239678099751 ], [ 457186.135644862428308, 828562.437638849020004 ], [ 457139.304342637769878, 828556.88143858499825 ], [ 457085.329240074381232, 828563.231438886374235 ], [ 457039.291637888178229, 828580.693939715623856 ], [ 457001.985336115583777, 828596.569040469825268 ], [ 456948.803933589719236, 828624.350341789424419 ], [ 456891.653830875642598, 828652.131643109023571 ], [ 456843.23502857517451, 828676.737944277003407 ], [ 456797.991126426495612, 828698.169245295226574 ], [ 456778.941125521436334, 828707.694245748221874 ], [ 456713.059722392819822, 828740.238047292456031 ], [ 456672.578420469537377, 828760.875548273324966 ], [ 456638.447118848562241, 828776.750649027526379 ], [ 456594.790716774761677, 828797.388150008395314 ], [ 456546.371914475224912, 828822.788251213729382 ], [ 456514.621812967583537, 828838.663251968100667 ], [ 456468.584210780449212, 828859.300752948969603 ], [ 456440.80290946085006, 828868.825753400102258 ], [ 456412.227908103726804, 828875.175853703171015 ], [ 456379.684106557630002, 828875.969553740695119 ], [ 456350.315205163322389, 828875.175853703171015 ], [ 456319.358903693035245, 828868.032053362578154 ], [ 456281.258901882916689, 828853.744552684947848 ], [ 456251.096300450153649, 828838.663251968100667 ], [ 456239.189999884925783, 828828.344451477751136 ], [ 456221.727499055676162, 828810.088150611147285 ], [ 456198.708697962574661, 828787.069349518045783 ], [ 456181.246197132393718, 828756.113048046827316 ], [ 456166.164896416477859, 828719.600446313619614 ], [ 456156.639895964413881, 828694.994245143607259 ], [ 456151.877395737916231, 828654.51284322142601 ], [ 456151.083595700562, 828622.762841712683439 ], [ 456156.639895964413881, 828583.075239827856421 ], [ 456166.164896416477859, 828538.625137716531754 ], [ 456174.102396793663502, 828491.793835492804646 ], [ 456175.689896868541837, 828460.837434021756053 ], [ 456174.102396793663502, 828425.912432363256812 ], [ 456169.339896567165852, 828391.781130742281675 ], [ 456165.371096379123628, 828372.731029838323593 ], [ 456155.568495913408697, 828338.579028215259314 ], [ 456139.693495159037411, 828306.829026708379388 ], [ 456122.230894329957664, 828267.935124861076474 ], [ 456101.593393349088728, 828236.978823389858007 ], [ 456084.130892519839108, 828205.228821881115437 ], [ 456064.287091577425599, 828173.478720374405384 ], [ 456053.174591049551964, 828157.603719620034099 ], [ 456038.093290333636105, 828126.647418148815632 ], [ 456012.693189127370715, 828088.547316338866949 ], [ 455985.705687845125794, 828044.891014266759157 ], [ 455957.924386525526643, 828008.378412531688809 ], [ 455926.968085055239499, 827969.484610684216022 ], [ 455897.599183660000563, 827943.290809439495206 ], [ 455857.117881737649441, 827913.128208007663488 ], [ 455830.924080492928624, 827896.459407215937972 ], [ 455803.142779174260795, 827883.759406613186002 ] ] } },
{ "type": "Feature", "properties": { "OBJECTID": 309, "Name": null, "ClassID": 0, "Surface": "DIRT", "Width": 6.0, "Shape_Leng": 808.53586474400004 }, "geometry": { "type": "LineString", "coordinates": [ [ 457513.161360395140946, 829600.664788162335753 ], [ 457498.080059679225087, 829580.027187181636691 ], [ 457498.873759716749191, 829564.152186427265406 ], [ 457506.811360093764961, 829532.402084918692708 ], [ 457524.273860923014581, 829496.683283222839236 ], [ 457536.180161488242447, 829469.695781940594316 ], [ 457541.736361752264202, 829455.408181261271238 ], [ 457528.242561111226678, 829418.895679527893662 ], [ 457514.748860470950603, 829364.920576963573694 ], [ 457510.780060281977057, 829317.295474702492356 ], [ 457496.49255960341543, 829256.176571799442172 ], [ 457470.298758359625936, 829195.851468933746219 ], [ 457459.979957869276404, 829164.101367425173521 ], [ 457443.311157077550888, 829068.057462863624096 ], [ 457413.148655644617975, 829028.369860978797078 ], [ 457396.479854852892458, 828996.61975947022438 ], [ 457381.3985541369766, 828900.575854908674955 ], [ 457367.111053458414972, 828837.075751893222332 ] ] } },
{ "type": "Feature", "properties": { "OBJECTID": 310, "Name": null, "ClassID": 0, "Surface": "DIRT", "Width": 7.0, "Shape_Leng": 358.863126513 }, "geometry": { "type": "LineString", "coordinates": [ [ 457370.286053609102964, 828931.532156379893422 ], [ 457325.835951497778296, 828937.088456643745303 ], [ 457271.067048896104097, 828933.119656454771757 ], [ 457178.991944523528218, 828929.944656303152442 ], [ 457100.410540790297091, 828922.800855964422226 ], [ 457036.910337775014341, 828922.800855964422226 ], [ 457012.304036606103182, 828922.007155926898122 ] ] } },
{ "type": "Feature", "properties": { "OBJECTID": 311, "Name": null, "ClassID": 0, "Surface": "DIRT", "Width": 6.0, "Shape_Leng": 688.31347878899999 }, "geometry": { "type": "LineString", "coordinates": [ [ 457349.648452629335225, 828725.950546614825726 ], [ 457328.217251610942185, 828721.188046388328075 ], [ 457314.723450969904661, 828693.406645068898797 ], [ 457303.610950442031026, 828673.562944127246737 ], [ 457285.354649575427175, 828654.51284322142601 ], [ 457253.604548066854477, 828643.400342693552375 ], [ 457200.423245540820062, 828636.256542354822159 ], [ 457167.08564395736903, 828631.494042128324509 ], [ 457137.716842562891543, 828610.856541147455573 ], [ 457133.748042373917997, 828592.600240280851722 ], [ 457136.923042524605989, 828567.200239075347781 ], [ 457140.098042676225305, 828549.737638244405389 ], [ 457132.160542299039662, 828531.481337377801538 ], [ 457119.460541695356369, 828514.018836548551917 ], [ 457108.348041167482734, 828495.762535681948066 ], [ 457076.597939659841359, 828491.000035455450416 ], [ 457048.022938302718103, 828500.525035908445716 ], [ 457023.416637133806944, 828504.493836095556617 ], [ 456997.22283589001745, 828506.875036209821701 ], [ 456978.966535022482276, 828509.256336322054267 ], [ 456963.091434268280864, 828513.225036511197686 ], [ 456951.185233702883124, 828529.100137265399098 ], [ 456948.010233552195132, 828550.531438283622265 ], [ 456933.722632873803377, 828575.137739451602101 ], [ 456924.197632420808077, 828597.362740507349372 ], [ 456911.497631818056107, 828620.381541600450873 ], [ 456900.385131290182471, 828639.431542504578829 ], [ 456894.82883102633059, 828652.131643109023571 ] ] } },
{ "type": "Feature", "properties": { "OBJECTID": 312, "Name": null, "ClassID": 0, "Surface": "DIRT", "Width": 8.0, "Shape_Leng": 409.55699128499998 }, "geometry": { "type": "LineString", "coordinates": [ [ 456515.415613004937768, 828843.425752194598317 ], [ 456481.284311383962631, 828869.619553439319134 ], [ 456457.471710252575576, 828892.638354532420635 ], [ 456432.071709046140313, 828919.625855814665556 ], [ 456403.496607689186931, 828941.850956870242953 ], [ 456374.127806293778121, 828949.788457246497273 ], [ 456354.284005351364613, 828950.582157284021378 ], [ 456335.234004447236657, 828959.313457699492574 ], [ 456309.833903240039945, 828966.45725803822279 ], [ 456288.402602222748101, 828952.963457398116589 ], [ 456277.290101694874465, 828936.294656606391072 ], [ 456272.527601468376815, 828912.482155473902822 ], [ 456259.827600865624845, 828884.70085415430367 ], [ 456252.683800525963306, 828864.063253175467253 ], [ 456238.396299847401679, 828845.013252269476652 ], [ 456239.189999884925783, 828828.344451477751136 ] ] } },
{ "type": "Feature", "properties": { "OBJECTID": 313, "Name": null, "ClassID": 0, "Surface": "DIRT", "Width": 5.0, "Shape_Leng": 1089.6408446800001 }, "geometry": { "type": "LineString", "coordinates": [ [ 456338.40900459792465, 828959.313457699492574 ], [ 456289.990102297626436, 828995.826059432700276 ], [ 456261.41510094050318, 829020.432360602542758 ], [ 456240.77749996073544, 829037.101161394268274 ], [ 456210.614998527802527, 829057.738662373274565 ], [ 456195.533697810955346, 829074.407463165000081 ], [ 456187.596197434701025, 829101.394964447245002 ], [ 456193.15239769872278, 829134.732566030696034 ], [ 456197.914897924289107, 829165.688867501914501 ], [ 456197.914897924289107, 829197.438969008624554 ], [ 456192.358697660267353, 829229.982770554721355 ], [ 456195.533697810955346, 829254.589071724563837 ], [ 456193.946197736077011, 829270.464072477072477 ], [ 456193.15239769872278, 829297.451673759147525 ], [ 456185.214897321537137, 829328.407975230365992 ], [ 456166.958596454001963, 829353.014276398345828 ], [ 456139.971095172688365, 829368.889277152717113 ], [ 456101.870993362739682, 829387.939378056675196 ], [ 456072.502191967330873, 829398.2580785471946 ], [ 456048.689690836705267, 829407.7830790001899 ], [ 456031.22709000762552, 829409.370579075068235 ], [ 456012.177089102566242, 829406.195578925311565 ], [ 455991.53948812186718, 829405.401878887787461 ], [ 455965.345686878077686, 829403.02057877369225 ], [ 455908.989384201355278, 829394.289378359913826 ], [ 455882.001782919280231, 829389.526878133416176 ], [ 455861.364281939342618, 829391.908078245818615 ], [ 455843.901781110092998, 829389.526878133416176 ], [ 455823.264180129393935, 829384.764277907088399 ], [ 455798.657878960482776, 829374.445577416568995 ], [ 455766.114077415317297, 829368.095577115193009 ], [ 455739.92027617059648, 829366.508077040314674 ], [ 455716.107775039970875, 829366.508077040314674 ], [ 455678.801373267546296, 829364.920576963573694 ], [ 455661.338872438296676, 829366.508077040314674 ], [ 455639.113871382549405, 829368.889277152717113 ], [ 455621.651270553469658, 829380.79557771794498 ], [ 455598.632469460368156, 829383.970577869564295 ], [ 455574.819968328811228, 829397.464378509670496 ] ] } },
{ "type": "Feature", "properties": { "OBJECTID": 315, "Name": null, "ClassID": 0, "Surface": "DIRT", "Width": 6.0, "Shape_Leng": 320.15832824300003 }, "geometry": { "type": "LineString", "coordinates": [ [ 456170.927396642975509, 828428.293632477521896 ], [ 456155.846095926128328, 828487.8250353038311 ], [ 456132.033594795502722, 828529.893837302923203 ], [ 456109.014793702401221, 828552.912638396024704 ], [ 456093.139692948199809, 828582.281439790502191 ], [ 456100.283493286930025, 828625.144041826948524 ], [ 456112.189793853089213, 828666.419143786653876 ], [ 456116.952294078655541, 828696.581745220348239 ], [ 456132.033594795502722, 828719.600446313619614 ] ] } },
{ "type": "Feature", "properties": { "OBJECTID": 316, "Name": null, "ClassID": 0, "Surface": "GRAVEL", "Width": 7.0, "Shape_Leng": 1532.8168134099999 }, "geometry": { "type": "LineString", "coordinates": [ [ 455986.499387882649899, 828044.891014266759157 ], [ 456003.168188674375415, 828027.428413435816765 ], [ 456031.743290031328797, 828014.728412833064795 ], [ 456084.130892519839108, 828009.172112569212914 ], [ 456121.43719429243356, 828003.615912305191159 ], [ 456161.918496214784682, 827995.678411928936839 ], [ 456195.256097798235714, 827989.328311627730727 ], [ 456232.562399569898844, 827989.328311627730727 ], [ 456296.856302623637021, 827990.915811702609062 ], [ 456323.843803905881941, 827998.059612041339278 ], [ 456349.243905112147331, 828011.553412683308125 ], [ 456366.706405941396952, 828031.397213624790311 ], [ 456390.519007072784007, 828047.272214379161596 ], [ 456417.506508354097605, 828048.859714454039931 ], [ 456446.08160971198231, 828042.509714152663946 ], [ 456458.78161031473428, 828032.190913662314415 ], [ 456467.512910729274154, 828010.759612644091249 ], [ 456471.481610918417573, 827984.565811401233077 ], [ 456477.831611219793558, 827954.403309967368841 ], [ 456487.356711672618985, 827933.765708988532424 ], [ 456505.61291253939271, 827925.034508572891355 ], [ 456534.981713933870196, 827905.984407668933272 ], [ 456550.063014650717378, 827886.934406762942672 ], [ 456565.144315366633236, 827868.67810589633882 ], [ 456578.63811600767076, 827859.15310544334352 ], [ 456608.006917403079569, 827854.390605218708515 ], [ 456637.375718797557056, 827854.390605218708515 ], [ 456662.775720003992319, 827855.184305256232619 ], [ 456685.000821059569716, 827857.565605368465185 ], [ 456719.132122680544853, 827858.359305405989289 ], [ 456739.769623661413789, 827856.771805331110954 ], [ 456761.994724716991186, 827848.040604915469885 ], [ 456779.457225546240807, 827832.959304200485349 ], [ 456789.776026036590338, 827817.878003483638167 ], [ 456801.682326601818204, 827802.796702766790986 ], [ 456815.176027243025601, 827789.303002126514912 ], [ 456840.576128449290991, 827760.727900769561529 ], [ 456870.738629882223904, 827732.152799412608147 ], [ 456894.551231012679636, 827719.452798807993531 ], [ 456925.507532482966781, 827704.371498093008995 ], [ 456948.526333576999605, 827694.846497640013695 ], [ 456972.33883470762521, 827694.052797602489591 ], [ 457024.726537195965648, 827698.815297828987241 ], [ 457066.001539156772196, 827711.515298431739211 ], [ 457084.257840023376048, 827712.309098469093442 ], [ 457089.814140287227929, 827699.608997866511345 ], [ 457085.845340099185705, 827684.527697149664164 ], [ 457073.939039533026516, 827661.508996056392789 ], [ 457065.20783911831677, 827643.252695189788938 ], [ 457058.857838816940784, 827624.20259428396821 ], [ 457052.507838515564799, 827612.296393718570471 ], [ 457052.507838515564799, 827594.040092851966619 ], [ 457053.301538553088903, 827572.608791833743453 ], [ 457055.682838666252792, 827548.002490665763617 ], [ 457058.064038779586554, 827528.158689722418785 ], [ 457058.064038779586554, 827511.489888930693269 ], [ 457054.095338590443134, 827488.471087837591767 ] ] } },
{ "type": "Feature", "properties": { "OBJECTID": 317, "Name": null, "ClassID": 0, "Surface": "GRAVEL", "Width": 6.0, "Shape_Leng": 1978.0310356099999 }, "geometry": { "type": "LineString", "coordinates": [ [ 457086.639140136539936, 827709.133998317644 ], [ 457104.101640965789557, 827728.184099223464727 ], [ 457126.326642021536827, 827742.471599901095033 ], [ 457158.076743530109525, 827755.171600505709648 ], [ 457185.06434481125325, 827766.28420103341341 ], [ 457208.083145905286074, 827780.571701711043715 ], [ 457230.308146960102022, 827798.034202540293336 ], [ 457252.533148015849292, 827826.609303899109364 ], [ 457267.614448732696474, 827853.596805179491639 ], [ 457282.695749448612332, 827880.584406461566687 ], [ 457298.570750202983618, 827915.509408120065928 ], [ 457318.414551145397127, 827947.259509628638625 ], [ 457335.083351937122643, 827975.040810948237777 ], [ 457368.420953520573676, 828005.203412381932139 ], [ 457393.027254689484835, 828021.07841313444078 ], [ 457435.096056687645614, 828024.253413286060095 ], [ 457477.164858685806394, 828021.872213173657656 ], [ 457517.646260607987642, 828025.84091336093843 ], [ 457539.871261663734913, 828029.015913512557745 ], [ 457589.083864001557231, 828021.872213173657656 ], [ 457632.740166074596345, 828009.965912606567144 ], [ 457662.902767507359385, 828003.615912305191159 ], [ 457701.796569354832172, 828000.440912155434489 ], [ 457730.371670712716877, 828003.615912305191159 ], [ 457756.565471956506371, 828003.615912305191159 ], [ 457808.953074445016682, 827995.678411928936839 ], [ 457845.465676179155707, 827975.834610985592008 ], [ 457863.721877045929432, 827962.340810345485806 ], [ 457880.390677837654948, 827952.022009855136275 ], [ 457903.40947893075645, 827949.640809742733836 ], [ 457959.765881608240306, 827957.578310118988156 ], [ 457988.340882965363562, 827962.340810345485806 ], [ 458024.853484699502587, 827969.484610684216022 ], [ 458055.016086132265627, 827982.184611286967993 ], [ 458074.859887074679136, 827990.915811702609062 ], [ 458099.466088243760169, 827998.059612041339278 ], [ 458121.691189299337566, 828007.584612494334579 ], [ 458177.253791937604547, 828025.84091336093843 ], [ 458210.591393521055579, 828029.809713549911976 ], [ 458247.103895255364478, 828036.159713851287961 ], [ 458269.328996310941875, 828025.047213323414326 ], [ 458300.285297782160342, 828008.378412531688809 ], [ 458324.097798912785947, 827982.184611286967993 ], [ 458341.044199717231095, 827958.392710158601403 ], [ 458361.404200684279203, 827930.590708836913109 ], [ 458374.104201287962496, 827904.396907592192292 ], [ 458401.091702570207417, 827873.440606122836471 ], [ 458436.810604265891016, 827855.97810529358685 ], [ 458472.52940596267581, 827840.896804576739669 ], [ 458497.929407169111073, 827809.940503107383847 ], [ 458519.360708187334239, 827776.602901523932815 ], [ 458544.760809393599629, 827745.646600052714348 ], [ 458559.842010109685361, 827728.184099223464727 ], [ 458583.654611241072416, 827709.927798356860876 ], [ 458619.373412937857211, 827686.115297224372625 ], [ 458636.042213729582727, 827678.177696848288178 ], [ 458660.648514898493886, 827674.208996659144759 ], [ 458676.523515651933849, 827670.240196472033858 ], [ 458690.017316292971373, 827645.633895302191377 ], [ 458703.651516940444708, 827617.125993948429823 ] ] } },
{ "type": "Feature", "properties": { "OBJECTID": 318, "Name": null, "ClassID": 0, "Surface": "GRAVEL", "Width": 8.0, "Shape_Leng": 298.20087559199999 }, "geometry": { "type": "LineString", "coordinates": [ [ 458703.651516940444708, 827617.125993948429823 ], [ 458707.479817122220993, 827609.121293568983674 ], [ 458724.148617913946509, 827590.865092700347304 ], [ 458740.023618668317795, 827586.102592475712299 ], [ 458760.661219648085535, 827588.483792588114738 ], [ 458780.505020590499043, 827597.215093003585935 ], [ 458805.905021796934307, 827605.946293417364359 ], [ 458827.336322815157473, 827615.471393870189786 ], [ 458846.386423720046878, 827624.996394321322441 ], [ 458866.23012466263026, 827636.902694888412952 ], [ 458893.217725944705307, 827649.602695491164923 ], [ 458916.236527037806809, 827666.271496282890439 ], [ 458940.842828206717968, 827679.765196923166513 ], [ 458962.274129224941134, 827691.67149748839438 ] ] } },
{ "type": "Feature", "properties": { "OBJECTID": 319, "Name": null, "ClassID": 0, "Surface": "PAVED", "Width": 8.0, "Shape_Leng": 1010.69986478 }, "geometry": { "type": "LineString", "coordinates": [ [ 458962.274129224941134, 827691.67149748839438 ], [ 459037.680532806552947, 827738.502899713814259 ], [ 459099.593135747127235, 827778.98420163616538 ], [ 459166.268238913267851, 827819.465503558516502 ], [ 459234.530942155979574, 827857.565605368465185 ], [ 459275.012244078330696, 827880.584406461566687 ], [ 459317.081046076491475, 827906.778207706287503 ], [ 459363.118648263625801, 827927.415708687156439 ], [ 459413.918750676326454, 827960.753310270607471 ], [ 459478.212653730064631, 827992.503311777487397 ], [ 459517.106455577537417, 828011.553412683308125 ], [ 459547.269057010300457, 828018.697113022208214 ], [ 459583.781558744609356, 828026.634713398292661 ], [ 459646.487961722537875, 828037.747213926166296 ], [ 459689.350563758984208, 828041.715914115309715 ], [ 459731.419365757144988, 828045.684714304283261 ], [ 459765.550767377950251, 828048.859714454039931 ], [ 459801.269569074735045, 828059.972214981913567 ], [ 459821.113370017148554, 828075.847315736114979 ], [ 459857.560171748511493, 828117.017017692327499 ] ] } },
{ "type": "Feature", "properties": { "OBJECTID": 320, "Name": null, "ClassID": 0, "Surface": "GRAVEL", "Width": 7.0, "Shape_Leng": 276.10171022399999 }, "geometry": { "type": "LineString", "coordinates": [ [ 458866.23012466263026, 827636.108894849196076 ], [ 458880.517725341022015, 827593.246292814612389 ], [ 458883.692725491710007, 827550.383690778166056 ], [ 458867.023924699984491, 827519.427389308810234 ], [ 458825.748822740279138, 827478.946087384596467 ], [ 458805.111321759410203, 827456.721086328849196 ], [ 458805.905021796934307, 827436.87728538736701 ], [ 458799.555021495558321, 827414.652184331789613 ], [ 458796.380021344870329, 827393.220883313566446 ] ] } },
{ "type": "Feature", "properties": { "OBJECTID": 321, "Name": null, "ClassID": 0, "Surface": "DIRT", "Width": 8.0, "Shape_Leng": 515.64782361300001 }, "geometry": { "type": "LineString", "coordinates": [ [ 457647.027766753919423, 828006.790912456810474 ], [ 457668.459067771211267, 827985.359611438587308 ], [ 457697.827869166620076, 827963.134510383009911 ], [ 457720.052870222367346, 827936.14700910076499 ], [ 457735.134170938283205, 827906.778207706287503 ], [ 457743.865471352823079, 827890.903106952086091 ], [ 457755.771671919152141, 827867.884405858814716 ], [ 457769.265472559258342, 827846.45310484059155 ], [ 457773.234272748231888, 827825.021803822368383 ], [ 457789.902973540127277, 827809.940503107383847 ], [ 457807.365574369207025, 827786.921702012419701 ], [ 457815.303074746392667, 827766.28420103341341 ], [ 457808.953074445016682, 827745.646600052714348 ], [ 457804.190574218519032, 827724.215299034491181 ], [ 457808.953074445016682, 827686.115297224372625 ], [ 457803.396774181164801, 827664.683996208012104 ], [ 457782.759273200295866, 827641.665195113047957 ], [ 457757.359171994030476, 827614.677593832835555 ], [ 457727.990370599552989, 827582.133792286738753 ] ] } },
{ "type": "Feature", "properties": { "OBJECTID": 322, "Name": null, "ClassID": 0, "Surface": "DIRT", "Width": 8.0, "Shape_Leng": 1128.4591230799999 }, "geometry": { "type": "LineString", "coordinates": [ [ 457054.095338590443134, 827488.471087837591767 ], [ 457052.507838515564799, 827467.833586856722832 ], [ 457050.920338439755142, 827421.795984670519829 ], [ 457038.220237837173045, 827390.839683201164007 ], [ 457008.057736404240131, 827358.295881655067205 ], [ 456962.813834255561233, 827332.895780447870493 ], [ 456926.301332521252334, 827297.970678789541125 ], [ 456896.932531125843525, 827266.220677280798554 ], [ 456869.151129806414247, 827230.501875584945083 ], [ 456845.338628675788641, 827201.9267742279917 ], [ 456819.144827431067824, 827182.082973284646869 ], [ 456803.269826677627861, 827175.732972983270884 ], [ 456786.601025885902345, 827174.939272945746779 ], [ 456762.78842475451529, 827168.589172644540668 ], [ 456740.56342369876802, 827161.445472305640578 ], [ 456720.719622756354511, 827145.570371551439166 ], [ 456703.25712192710489, 827131.282870871946216 ], [ 456678.650820758193731, 827113.026570005342364 ], [ 456646.10701921209693, 827084.451568648219109 ], [ 456638.16941883508116, 827071.751568043604493 ], [ 456644.519519137218595, 827055.082767251878977 ], [ 456654.044519589282572, 827045.557666800916195 ], [ 456662.775720003992319, 827032.857666196301579 ], [ 456657.219519739970565, 827013.807665292173624 ], [ 456657.219519739970565, 826995.551364425569773 ], [ 456669.919520343653858, 826971.738863294944167 ], [ 456689.763321286067367, 826942.369961898773909 ], [ 456710.40082226600498, 826916.176160655915737 ], [ 456724.688422945328057, 826892.363659523427486 ], [ 456728.657123133540154, 826866.169858280569315 ], [ 456727.069623057730496, 826843.944857224822044 ], [ 456715.957122529856861, 826827.276056433096528 ], [ 456704.844622001983225, 826808.225955527275801 ], [ 456695.319621549919248, 826782.032154284417629 ], [ 456692.938321436755359, 826747.900852661579847 ], [ 456693.73212147410959, 826720.913351381197572 ], [ 456702.463321888819337, 826692.338250024244189 ], [ 456718.338422643020749, 826659.000648440793157 ], [ 456735.80092347227037, 826633.600647233426571 ], [ 456746.119723962619901, 826618.51934651657939 ] ] } },
{ "type": "Feature", "properties": { "OBJECTID": 323, "Name": null, "ClassID": 0, "Surface": "DIRT", "Width": 7.0, "Shape_Leng": 1188.4550614299999 }, "geometry": { "type": "LineString", "coordinates": [ [ 456170.856196639128029, 828407.934431510046124 ], [ 456179.587497053667903, 828371.421829774975777 ], [ 456174.031196789816022, 828339.671728268265724 ], [ 456155.774895923212171, 828281.727925514802337 ], [ 456126.406094527803361, 828198.384021556004882 ], [ 456136.724895018152893, 828156.315119558945298 ], [ 456167.681196488440037, 828129.327618276700377 ], [ 456228.00629935413599, 828099.958816882222891 ], [ 456263.725101049989462, 828065.827515261247754 ], [ 456285.950202105566859, 828040.427414054051042 ], [ 456234.356299655511975, 828007.089812470600009 ], [ 456196.256197845563293, 827984.071011377498507 ], [ 456143.868595357052982, 827984.864811414852738 ], [ 456086.718492642976344, 827980.102311188355088 ], [ 456028.774689890444279, 827972.958510849624872 ], [ 455973.212087251245975, 827951.527209831401706 ], [ 455908.124384160153568, 827918.983408285304904 ], [ 455881.930582916364074, 827899.139607343822718 ], [ 455845.418081182055175, 827861.039605533704162 ], [ 455785.092878316529095, 827811.033203158527613 ], [ 455757.311576996929944, 827781.664401764050126 ], [ 455760.486577147617936, 827758.645600670948625 ], [ 455784.299178279004991, 827745.151800028979778 ], [ 455829.542980427853763, 827718.164298746734858 ], [ 455843.036781068891287, 827702.289197992533445 ] ] } },
{ "type": "Feature", "properties": { "OBJECTID": 324, "Name": null, "ClassID": 0, "Surface": "DIRT", "Width": 5.0, "Shape_Leng": 349.44290124700001 }, "geometry": { "type": "LineString", "coordinates": [ [ 455757.311576996929944, 827779.283101649954915 ], [ 455707.305274621583521, 827765.789401009678841 ], [ 455673.173973000608385, 827752.295600367709994 ], [ 455660.473872397094965, 827718.957998784258962 ], [ 455640.630171454511583, 827695.145497653633356 ], [ 455612.0550700975582, 827660.220395995303988 ], [ 455566.017467911355197, 827623.707794260233641 ], [ 455538.236166591756046, 827610.214093619957566 ], [ 455531.886166289448738, 827571.320191772654653 ], [ 455528.711166138760746, 827551.476390829309821 ] ] } },
{ "type": "Feature", "properties": { "OBJECTID": 325, "Name": "Compact Road", "ClassID": 0, "Surface": "PAVED", "Width": 10.0, "Shape_Leng": 3749.7497552899999 }, "geometry": { "type": "LineString", "coordinates": [ [ 455805.730479296296835, 827882.470806552097201 ], [ 455754.930376883596182, 827867.389605835080147 ], [ 455708.892774697393179, 827853.895805194973946 ], [ 455643.805171606130898, 827834.845804288983345 ], [ 455567.604967986233532, 827812.620703233405948 ], [ 455512.042365347035229, 827777.69560157507658 ], [ 455469.179763311520219, 827730.070499312132597 ], [ 455432.66726157721132, 827674.507896674796939 ], [ 455422.348461086861789, 827660.220395995303988 ], [ 455368.373358523473144, 827583.226492337882519 ], [ 455339.004557128064334, 827541.157690340653062 ], [ 455294.554455016739666, 827487.976287813857198 ], [ 455258.835653320886195, 827469.719986947253346 ], [ 455208.035550908185542, 827462.576286608353257 ], [ 455165.966648909263313, 827471.307487022131681 ], [ 455092.147745403461158, 827521.31388939730823 ], [ 455053.253943555988371, 827545.126390527933836 ], [ 455017.535141859203577, 827561.795191319659352 ], [ 454951.653738730587065, 827563.382691396400332 ], [ 454900.85363631695509, 827544.332690490409732 ], [ 454869.103634809143841, 827521.31388939730823 ], [ 454846.878533753566444, 827488.770087851211429 ], [ 454828.622232886962593, 827446.701185854151845 ], [ 454811.15973205678165, 827405.426183892413974 ], [ 454799.253431491553783, 827378.438582612201571 ], [ 454777.028430435806513, 827328.432280236855149 ], [ 454746.072128965519369, 827256.994576843455434 ], [ 454706.384527080692351, 827165.713172506541014 ], [ 454677.015725685283542, 827098.244269302114844 ], [ 454664.315725082531571, 827052.206667115911841 ], [ 454661.934424969367683, 827016.48786542005837 ], [ 454665.903225157409906, 826976.800263535231352 ], [ 454684.953226062469184, 826917.268960706889629 ], [ 454702.415726891718805, 826869.643858445808291 ], [ 454714.322027457877994, 826818.843756031244993 ], [ 454714.322027457877994, 826775.187353959307075 ], [ 454707.972027155570686, 826669.618448944762349 ], [ 454692.097026402130723, 826620.405846606940031 ], [ 454661.140624932013452, 826579.130744645372033 ], [ 454620.659323008731008, 826542.61814291216433 ], [ 454573.034220746718347, 826499.755540875717998 ], [ 454547.634219540283084, 826467.211739329621196 ], [ 454532.552918824367225, 826426.730437407270074 ], [ 454500.009117278270423, 826289.411430886015296 ], [ 454486.5153166372329, 826246.548828849568963 ], [ 454461.115315430797637, 826206.067526927217841 ], [ 454407.933912904933095, 826141.773623872548342 ], [ 454376.18381139729172, 826106.848522214218974 ], [ 454293.633707475848496, 826020.329618103802204 ], [ 454235.689804723486304, 825958.417015163227916 ], [ 454167.427201481536031, 825883.80431162007153 ], [ 454120.595799257047474, 825837.766809433698654 ], [ 454089.63949778676033, 825806.810407962650061 ], [ 454038.839395374059677, 825762.360405851155519 ], [ 454001.533093602396548, 825730.610304344445467 ], [ 453953.114291301928461, 825685.366502195596695 ], [ 453912.632889379747212, 825649.647600498050451 ], [ 453859.451586853712797, 825602.022498236969113 ], [ 453800.713984063826501, 825548.047395672649145 ], [ 453754.676381876692176, 825505.978593673557043 ], [ 453729.276280670426786, 825474.228492166846991 ], [ 453708.638779690489173, 825447.24099088460207 ], [ 453679.269978295080364, 825394.853388397023082 ], [ 453669.744977843016386, 825365.48458700068295 ] ] } },
{ "type": "Feature", "properties": { "OBJECTID": 326, "Name": null, "ClassID": 0, "Surface": "DIRT", "Width": 10.0, "Shape_Leng": 894.24097920600002 }, "geometry": { "type": "LineString", "coordinates": [ [ 455387.423359428532422, 827608.626593545079231 ], [ 455365.992058410309255, 827561.795191319659352 ], [ 455335.829556977376342, 827500.676288416609168 ], [ 455295.348155055195093, 827458.607486419379711 ], [ 455227.085551812313497, 827438.76368547603488 ], [ 455161.204148683696985, 827453.844986192882061 ], [ 455104.847846006974578, 827477.657587323337793 ], [ 455054.841443631798029, 827523.695089511573315 ], [ 455009.597641482017934, 827541.951390378177166 ], [ 454953.2412388054654, 827546.713890604674816 ], [ 454900.85363631695509, 827518.13888924755156 ], [ 454857.197334243915975, 827470.513786984607577 ], [ 454834.178533150814474, 827428.44498498737812 ], [ 454823.066032622940838, 827390.344883177429438 ], [ 454817.509732359088957, 827354.626081479713321 ], [ 454806.397231831215322, 827321.288479896262288 ], [ 454787.347130926325917, 827286.36337823793292 ], [ 454770.678430134430528, 827275.250877710059285 ] ] } },
{ "type": "Feature", "properties": { "OBJECTID": 327, "Name": null, "ClassID": 0, "Surface": "DIRT", "Width": 7.0, "Shape_Leng": 798.58107103299994 }, "geometry": { "type": "LineString", "coordinates": [ [ 454483.340316486544907, 826242.580028660595417 ], [ 454511.91541784349829, 826217.973727492615581 ], [ 454537.315419049933553, 826185.429925946518779 ], [ 454546.046719465404749, 826156.854924589395523 ], [ 454551.602919728495181, 826121.136122893542051 ], [ 454539.696719163097441, 826066.367220291867852 ], [ 454519.852918220683932, 826028.267118481919169 ], [ 454508.740417692810297, 825979.054516144096851 ], [ 454505.565317542292178, 825935.398214070126414 ], [ 454504.771617504768074, 825901.266912449151278 ], [ 454511.91541784349829, 825876.660611281171441 ], [ 454515.090417994186282, 825857.610510375350714 ], [ 454503.184117428958416, 825823.479208754375577 ], [ 454493.659116976894438, 825791.729207247495651 ], [ 454489.690316787920892, 825756.010305549949408 ], [ 454495.246617051772773, 825731.404004381969571 ], [ 454492.865316938608885, 825703.62270306237042 ], [ 454495.246617051772773, 825686.160202233120799 ], [ 454504.771617504768074, 825676.635201780125499 ], [ 454507.946617655456066, 825648.060100423172116 ], [ 454500.802817315794528, 825610.753798650577664 ], [ 454488.102816713042557, 825586.941297519952059 ], [ 454497.627817165106535, 825489.309792881831527 ] ] } },
{ "type": "Feature", "properties": { "OBJECTID": 329, "Name": null, "ClassID": 0, "Surface": "DIRT", "Width": 8.0, "Shape_Leng": 989.38487715199994 }, "geometry": { "type": "LineString", "coordinates": [ [ 454557.952920030802488, 826480.705539971590042 ], [ 454550.809219690971076, 826421.174137143418193 ], [ 454536.521719012409449, 826348.9428337123245 ], [ 454521.44041829649359, 826279.886430433019996 ], [ 454502.390317391604185, 826228.292527982965112 ], [ 454468.259015770629048, 826174.317425418645144 ], [ 454424.602713696658611, 826137.804823683574796 ], [ 454392.05891215056181, 826110.023522363975644 ], [ 454365.071310869418085, 826075.892220743000507 ], [ 454349.990010152570903, 826051.285919575020671 ], [ 454340.465009700506926, 826025.885918367654085 ], [ 454323.002508871257305, 826020.329618103802204 ], [ 454303.158707928843796, 826003.660817312076688 ], [ 454284.108707023784518, 825968.735815653577447 ], [ 454258.708605817519128, 825931.429413883015513 ], [ 454221.402304044924676, 825898.885612336918712 ], [ 454197.589702914468944, 825883.010611582547426 ], [ 454172.189701708033681, 825848.879309961572289 ], [ 454162.664701255038381, 825821.098008641973138 ], [ 454139.645900161936879, 825796.491707472130656 ], [ 454110.277098767459393, 825782.204106794670224 ], [ 454068.208196768537164, 825759.979105738922954 ], [ 454033.283195110037923, 825740.135304795578122 ], [ 454002.326893639750779, 825729.816504305228591 ], [ 454001.533093602396548, 825730.610304344445467 ] ] } },
{ "type": "Feature", "properties": { "OBJECTID": 330, "Name": null, "ClassID": 0, "Surface": "GRAVEL", "Width": 9.0, "Shape_Leng": 4656.4590266599998 }, "geometry": { "type": "LineString", "coordinates": [ [ 453669.744977843016386, 825365.48458700068295 ], [ 453693.557478973641992, 825358.340786661952734 ], [ 453710.226279765367508, 825348.021986171603203 ], [ 453718.957580179907382, 825332.940785454586148 ], [ 453732.451280821114779, 825306.746984211727977 ], [ 453749.913881651125848, 825271.028082514181733 ], [ 453774.520182819105685, 825242.453081157058477 ], [ 453823.732785156928003, 825222.609280215576291 ], [ 453873.739087532274425, 825208.321779536083341 ], [ 453922.951689869165421, 825203.55927930958569 ], [ 453964.226791829802096, 825198.79677908308804 ], [ 454009.470593978650868, 825177.365478066727519 ], [ 454022.964394619688392, 825157.521677123382688 ], [ 454034.076895147562027, 825126.565375654026866 ], [ 454045.189395675435662, 825101.959074484184384 ], [ 454052.333196015097201, 825073.383973127231002 ], [ 454058.683196316473186, 825059.890172487124801 ], [ 454072.970696995034814, 825045.60267180763185 ], [ 454107.102098615840077, 825032.90267120487988 ], [ 454153.139700802974403, 825028.14017097838223 ], [ 454179.333502046763897, 825024.965170826762915 ], [ 454218.227303894236684, 825036.871371392160654 ], [ 454238.071104836650193, 825046.396471844986081 ], [ 454255.533605665899813, 825046.396471844986081 ], [ 454277.758606721647084, 825033.696371242403984 ], [ 454299.18990773987025, 825017.027570450678468 ], [ 454322.208708832971752, 824996.390069469809532 ], [ 454337.290009549818933, 824976.546268528327346 ], [ 454353.165010303258896, 824958.289967659860849 ], [ 454387.296411924995482, 824966.227568037807941 ], [ 454457.146515242755413, 825006.708869960159063 ], [ 454504.771617504768074, 825028.14017097838223 ], [ 454553.984219841659069, 825054.333972223103046 ], [ 454566.684220445342362, 825063.065172636881471 ], [ 454572.240520709194243, 825079.733973428606987 ], [ 454569.06552055850625, 825105.134074635803699 ], [ 454566.684220445342362, 825136.090376105159521 ], [ 454569.06552055850625, 825173.396677877753973 ], [ 454603.196822179481387, 825177.365478066727519 ], [ 454632.565623573958874, 825176.571678027510643 ], [ 454653.203124554827809, 825175.777977989986539 ], [ 454673.840725534595549, 825175.777977989986539 ], [ 454706.384527080692351, 825178.952978141605854 ], [ 454734.165828400291502, 825197.209279008209705 ], [ 454769.884630097076297, 825217.846779989078641 ], [ 454793.697231227532029, 825226.578080402687192 ], [ 454815.128432245925069, 825219.434280063956976 ], [ 454829.416032924316823, 825208.321779536083341 ], [ 454847.672333791851997, 825190.859178707003593 ], [ 454862.753534507937729, 825170.221677726134658 ], [ 454876.247335148975253, 825152.759176896885037 ], [ 454888.947335751727223, 825140.05907629430294 ], [ 454904.822436505928636, 825132.915375955402851 ], [ 454931.809937788173556, 825131.327875878661871 ], [ 454957.210038994438946, 825129.740375803783536 ], [ 454984.197540275752544, 825120.215375350788236 ], [ 455004.835141256451607, 825108.309074785560369 ], [ 455023.885142161510885, 825097.196574257686734 ], [ 455042.93514306563884, 825092.433974031358957 ], [ 455067.541444234549999, 825091.640273993834853 ], [ 455099.291545743122697, 825099.577774371951818 ], [ 455119.135346685536206, 825102.752774521708488 ], [ 455140.56664770282805, 825098.784074334427714 ], [ 455158.822948570363224, 825093.227774070575833 ], [ 455175.49174936208874, 825093.227774070575833 ], [ 455191.366750116460025, 825093.227774070575833 ], [ 455217.560551360249519, 825095.609074182808399 ], [ 455244.548052641563118, 825086.877773767337203 ], [ 455262.010653471574187, 825079.733973428606987 ], [ 455286.616954640485346, 825080.527773465961218 ], [ 455309.635755733586848, 825086.877773767337203 ], [ 455331.860756789334118, 825091.640273993834853 ], [ 455354.87955788243562, 825113.865275049582124 ], [ 455373.929558787494898, 825145.615376558154821 ], [ 455395.360859804786742, 825173.396677877753973 ], [ 455419.173460936173797, 825190.859178707003593 ], [ 455440.604761954396963, 825203.55927930958569 ], [ 455466.004763160832226, 825213.084279762580991 ], [ 455490.611064329743385, 825210.702979650348425 ], [ 455510.454865272156894, 825190.859178707003593 ], [ 455528.711166138760746, 825159.109177198261023 ], [ 455554.111167345196009, 825121.802875427529216 ], [ 455569.986268099397421, 825091.640273993834853 ], [ 455580.304968589916825, 825067.033972825855017 ], [ 455603.323769683018327, 825046.396471844986081 ], [ 455646.980171756818891, 825031.3151711281389 ], [ 455673.173973000608385, 825018.61517052538693 ], [ 455684.28647352848202, 824994.008869357407093 ], [ 455689.842773792333901, 824965.433768000453711 ], [ 455706.51147458422929, 824936.064966604113579 ], [ 455724.767775450833142, 824905.108665134757757 ], [ 455727.14907556399703, 824874.946063701063395 ], [ 455731.11777575314045, 824836.052261853590608 ], [ 455744.611576394177973, 824803.508460309356451 ], [ 455775.567877864465117, 824764.614658461883664 ], [ 455803.349179184064269, 824732.070756915956736 ], [ 455827.161780314520001, 824724.927056577056646 ], [ 455863.6742820488289, 824727.308256689459085 ], [ 455896.218183594755828, 824732.070756915956736 ], [ 455915.268184499815106, 824729.689556801691651 ], [ 455932.730685329064727, 824721.752056425437331 ], [ 455950.986986195668578, 824703.49575555883348 ], [ 455963.686986799351871, 824677.301954314112663 ], [ 455978.76828751526773, 824652.695653146132827 ], [ 456008.137088910676539, 824620.945551637560129 ], [ 456045.443490682169795, 824596.339250469580293 ], [ 456103.38729343470186, 824562.207948846742511 ], [ 456131.168594754301012, 824533.632947489619255 ], [ 456139.106095131486654, 824508.232846284285188 ], [ 456138.31239509396255, 824483.626545114442706 ], [ 456129.581094678491354, 824459.02024394646287 ], [ 456115.293593999929726, 824421.713942173868418 ], [ 456097.831093170680106, 824380.438840214163065 ], [ 456089.099792756140232, 824343.926238479092717 ], [ 456092.274792906828225, 824312.176236972212791 ], [ 456100.212293284013867, 824276.457435274496675 ], [ 456108.943593698553741, 824242.326033653691411 ], [ 456124.818594452925026, 824193.113431315869093 ], [ 456129.581094678491354, 824169.300930185243487 ], [ 456126.406094527803361, 824140.725828828290105 ], [ 456121.643594302237034, 824118.500827772542834 ], [ 456118.468594150617719, 824094.688226642087102 ], [ 456128.78739464096725, 824074.050725661218166 ], [ 456153.393695809878409, 824048.650724455714226 ], [ 456190.699997581541538, 824012.931822758167982 ], [ 456212.924998637288809, 823989.119321627542377 ], [ 456270.868901389651, 823931.175418874248862 ], [ 456304.206502973102033, 823894.662917140871286 ], [ 456329.606504179537296, 823866.087815783917904 ], [ 456344.687804895453155, 823846.244014840573072 ], [ 456378.819106517359614, 823832.750214200466871 ], [ 456434.381709155626595, 823820.050213597714901 ], [ 456482.006811418570578, 823811.318913182243705 ], [ 456534.394413906149566, 823801.793912729248405 ], [ 456577.257015942595899, 823786.712612014263868 ], [ 456621.707118053920567, 823762.900110881775618 ], [ 456649.488419373519719, 823743.850109977647662 ], [ 456697.907221673056483, 823708.925008319318295 ], [ 456732.832323331385851, 823686.700007263571024 ], [ 456777.282425442710519, 823661.299906056374311 ], [ 456820.145027479156852, 823635.899904850870371 ], [ 456867.770129741169512, 823618.437304021790624 ] ] } },
{ "type": "Feature", "properties": { "OBJECTID": 331, "Name": null, "ClassID": 0, "Surface": "GRAVEL", "Width": 9.0, "Shape_Leng": 4365.3267633200003 }, "geometry": { "type": "LineString", "coordinates": [ [ 456338.33780459407717, 823857.356515368446708 ], [ 456352.625305272638798, 823880.375316461548209 ], [ 456365.325305876322091, 823909.744117857888341 ], [ 456378.025406478904188, 823940.700419327244163 ], [ 456383.581606742925942, 823966.894220571964979 ], [ 456378.819106517359614, 824001.025622192770243 ], [ 456376.437806404195726, 824042.300624152645469 ], [ 456381.994106668047607, 824084.369526151567698 ], [ 456389.137907006777823, 824127.23212818801403 ], [ 456393.900407233275473, 824158.188429657369852 ], [ 456393.106607195921242, 824185.175930939614773 ], [ 456389.137907006777823, 824220.10103259794414 ], [ 456395.487907309085131, 824262.169834597036242 ], [ 456403.425407685339451, 824297.888636292889714 ], [ 456415.33170825149864, 824335.988738102838397 ], [ 456439.938009420409799, 824378.85134013928473 ], [ 456462.163010475225747, 824427.270142437890172 ], [ 456481.213111380115151, 824466.164044285193086 ], [ 456484.388111530803144, 824507.439146246761084 ], [ 456484.388111530803144, 824547.920448169112206 ], [ 456485.975611606612802, 824607.451850997284055 ], [ 456491.531811870634556, 824659.045653447508812 ], [ 456493.119311945512891, 824697.939455294981599 ], [ 456501.850612360984087, 824736.833357142284513 ], [ 456525.663113491609693, 824778.902159139513969 ], [ 456551.856914735399187, 824812.239760722965002 ], [ 456581.225716130807996, 824843.989762231707573 ], [ 456588.369516470469534, 824870.18356347642839 ], [ 456586.782016394659877, 824901.933664983138442 ], [ 456571.700715678744018, 824944.796267019584775 ], [ 456557.41321500018239, 824963.0524678863585 ], [ 456533.600713868625462, 824969.402568187564611 ], [ 456495.500612058676779, 824968.608768150210381 ], [ 456464.544310588389635, 824963.0524678863585 ], [ 456439.938009420409799, 824967.021268075332046 ], [ 456417.712908363901079, 824980.515068715438247 ], [ 456399.456607497297227, 825007.502569997683167 ], [ 456358.975305574014783, 825063.065172636881471 ], [ 456348.656505084596574, 825083.702773617580533 ], [ 456335.162804443389177, 825096.402774220332503 ], [ 456316.906503575854003, 825125.77157561480999 ], [ 456300.237702784128487, 825159.902877235785127 ], [ 456284.362702030688524, 825187.684178555384278 ], [ 456263.725101049989462, 825221.815480176359415 ], [ 456256.581400711089373, 825242.453081157058477 ], [ 456268.487601276487112, 825268.646882401779294 ], [ 456283.568901992402971, 825294.046883607283235 ], [ 456308.969003199599683, 825305.953184174373746 ], [ 456350.244005159474909, 825323.415685003623366 ], [ 456409.775407987646759, 825349.609486246481538 ], [ 456444.700509645976126, 825370.2470872271806 ], [ 456475.65681111626327, 825394.059588357806206 ], [ 456497.088112134486437, 825426.603389903903008 ], [ 456522.4881133409217, 825468.672291902825236 ], [ 456540.744414208456874, 825505.978593673557043 ], [ 456566.938215452246368, 825517.091094201430678 ], [ 456616.150817790068686, 825509.153593825176358 ], [ 456661.394719938747585, 825502.009793486446142 ], [ 456689.176021258346736, 825496.453593222424388 ], [ 456709.019722200930119, 825480.578592468053102 ], [ 456723.307322879321873, 825471.053492015227675 ], [ 456747.913624048233032, 825470.259791977703571 ], [ 456780.457425593398511, 825481.372292505577207 ], [ 456808.238726912997663, 825488.516092844307423 ], [ 456830.463727968744934, 825488.516092844307423 ], [ 456851.101328949443996, 825495.659793185070157 ], [ 456861.420029439032078, 825509.947393862530589 ], [ 456864.59512959048152, 825535.347395069897175 ], [ 456871.738829929381609, 825561.541196312755346 ], [ 456897.932631173171103, 825577.416197067126632 ], [ 456928.095232605934143, 825594.878797896206379 ], [ 456976.51403490640223, 825602.816298274323344 ], [ 457016.201636791229248, 825599.641298122704029 ], [ 457036.045437733642757, 825595.672497933730483 ], [ 457043.9829381108284, 825604.403798349201679 ], [ 457051.126738449558616, 825643.297600196674466 ], [ 457056.68293871358037, 825686.95400227047503 ], [ 457067.001739203929901, 825723.466504003852606 ], [ 457077.320539694279432, 825751.247805323451757 ], [ 457098.751840711571276, 825768.710406152531505 ], [ 457121.7706418056041, 825805.222907887771726 ], [ 457133.67684237100184, 825835.385509319603443 ], [ 457135.264342445880175, 825872.691811092197895 ], [ 457139.233142634853721, 825906.029412675648928 ], [ 457155.108143388293684, 825943.33571444824338 ], [ 457180.508244595490396, 825983.817016370594501 ], [ 457212.258246103301644, 826017.948417991399765 ], [ 457244.008347610943019, 826053.667219687253237 ], [ 457282.108449420891702, 826085.417221195995808 ], [ 457290.045949798077345, 826106.05482217669487 ], [ 457289.252149759791791, 826127.486123194918036 ], [ 457278.93344927020371, 826152.092424362897873 ], [ 457277.345949194394052, 826176.698725530877709 ], [ 457281.314649383537471, 826224.323827793821692 ], [ 457290.839649835601449, 826264.011329678818583 ], [ 457297.189650136977434, 826298.142731299623847 ], [ 457304.333450476638973, 826340.211533298715949 ], [ 457312.270950853824615, 826365.61153450421989 ], [ 457343.22725232411176, 826402.124136239290237 ], [ 457371.008553643710911, 826439.430438010022044 ], [ 457386.08985435962677, 826475.943039745092392 ], [ 457403.55245518963784, 826508.486841291189194 ], [ 457402.758655151352286, 826537.85564268566668 ], [ 457402.758655151352286, 826565.636944005265832 ], [ 457421.01495601888746, 826606.118345927447081 ], [ 457439.271256885491312, 826653.743348190560937 ], [ 457464.671258091926575, 826686.287249736487865 ], [ 457493.24635944981128, 826733.912351997569203 ], [ 457543.252661824226379, 826810.112455617636442 ], [ 457585.321563823148608, 826878.375058859586716 ], [ 457601.196564576588571, 826924.412661045789719 ], [ 457623.421565632335842, 826973.625263383612037 ], [ 457670.252967856824398, 827066.494267795234919 ], [ 457682.159168422222137, 827106.97556971758604 ], [ 457685.334268572740257, 827143.488171452656388 ], [ 457685.334268572740257, 827168.888172658160329 ], [ 457684.540468535386026, 827168.094372620806098 ] ] } },
{ "type": "Feature", "properties": { "OBJECTID": 332, "Name": null, "ClassID": 0, "Surface": "DIRT", "Width": 6.0, "Shape_Leng": 1584.6181764 }, "geometry": { "type": "LineString", "coordinates": [ [ 457597.227764388546348, 826910.918860405683517 ], [ 457573.415263256989419, 826921.237660896033049 ], [ 457544.840161900036037, 826916.475160669535398 ], [ 457522.615160844288766, 826902.187659990042448 ], [ 457501.1838598260656, 826892.662659538909793 ], [ 457479.752558808773756, 826882.343859048560262 ], [ 457459.908757866360247, 826872.818858595564961 ], [ 457438.477456848137081, 826873.612558633089066 ], [ 457417.839955868199468, 826882.343859048560262 ], [ 457388.471154472790658, 826892.662659538909793 ], [ 457367.039853454567492, 826892.662659538909793 ], [ 457346.402252474799752, 826883.137559086084366 ], [ 457334.496051909402013, 826872.818858595564961 ], [ 457324.970951456576586, 826858.531257916241884 ], [ 457313.064750891178846, 826852.975057654082775 ], [ 457292.427149911411107, 826846.625057350844145 ], [ 457274.170849043875933, 826839.481257012113929 ], [ 457267.027148704975843, 826829.956256559118629 ], [ 457256.708348214626312, 826820.431256107985973 ], [ 457242.420847536064684, 826810.906255654990673 ], [ 457224.16454666852951, 826802.968655278906226 ], [ 457206.70204583927989, 826794.237454863265157 ], [ 457180.508244595490396, 826768.04365361854434 ], [ 457152.726943275891244, 826741.056052336469293 ], [ 457141.614342748187482, 826710.893550904467702 ], [ 457125.739341993816197, 826694.224750112742186 ], [ 457107.483041126281023, 826682.318449547514319 ], [ 457082.876739958301187, 826672.793449094519019 ], [ 457063.032939014956355, 826675.968449246138334 ], [ 457043.9829381108284, 826683.905949622392654 ], [ 457009.851636489853263, 826691.049749962985516 ], [ 456990.801535584963858, 826684.699749659746885 ], [ 456966.98903445340693, 826678.349649358540773 ], [ 456937.620233058929443, 826675.968449246138334 ], [ 456912.220131851732731, 826680.730949472635984 ], [ 456896.345131098292768, 826684.699749659746885 ], [ 456870.945129891857505, 826671.999649057164788 ], [ 456843.163828572258353, 826656.918448340147734 ], [ 456816.176227290183306, 826641.043347587808967 ], [ 456795.538726310245693, 826637.868347436189651 ], [ 456759.819824613630772, 826629.137047020718455 ], [ 456746.119723962619901, 826618.51934651657939 ], [ 456736.801123520359397, 826605.32454589009285 ], [ 456715.36982250213623, 826580.718244722113013 ], [ 456689.969721295870841, 826566.430744042620063 ], [ 456675.682220617309213, 826537.061942648142576 ], [ 456671.713420428335667, 826501.343040952458978 ], [ 456668.538420277647674, 826479.118039896711707 ], [ 456673.300920504145324, 826468.799239406362176 ], [ 456698.701021710410714, 826471.974239556118846 ], [ 456727.27602306753397, 826475.149239707738161 ], [ 456762.20112472679466, 826464.036739179864526 ], [ 456784.426125782541931, 826452.924238651990891 ], [ 456809.826226988807321, 826447.367938388139009 ], [ 456839.988828421570361, 826445.780438313260674 ], [ 456875.707630118355155, 826438.63673797249794 ], [ 456905.076431512832642, 826423.555437257513404 ], [ 456925.713932492770255, 826412.442936729639769 ], [ 456953.495233812369406, 826412.442936729639769 ], [ 456979.689035057090223, 826421.967937180772424 ], [ 457002.707836150191724, 826428.317937482148409 ], [ 457025.726637243293226, 826437.842937935143709 ], [ 457053.507938562892377, 826463.243039142340422 ], [ 457070.970539391972125, 826473.561739632859826 ] ] } },
{ "type": "Feature", "properties": { "OBJECTID": 333, "Name": null, "ClassID": 0, "Surface": "DIRT", "Width": 10.0, "Shape_Leng": 961.87176710300002 }, "geometry": { "type": "LineString", "coordinates": [ [ 456669.332220315933228, 826485.468040198087692 ], [ 456636.788418769836426, 826468.005539368838072 ], [ 456593.925816734321415, 826446.574238350614905 ], [ 456566.938215452246368, 826428.317937482148409 ], [ 456543.919414359144866, 826418.792937031015754 ], [ 456505.02561251167208, 826397.361636012792587 ], [ 456458.19431028701365, 826362.43653435446322 ], [ 456428.825408891774714, 826348.9428337123245 ], [ 456393.900407233275473, 826333.861532997339964 ], [ 456374.850306328386068, 826325.924032619222999 ], [ 456342.306504782289267, 826321.955232430249453 ], [ 456309.762703237123787, 826315.605232128873467 ], [ 456273.250101502984762, 826294.173931110650301 ], [ 456241.500099994242191, 826283.061430584639311 ], [ 456227.212599315680563, 826271.1551300175488 ], [ 456196.256197845563293, 826252.105129113420844 ], [ 456172.443696714937687, 826244.961328774690628 ], [ 456143.074895319528878, 826237.023828396573663 ], [ 456120.84979426395148, 826225.911327868700027 ], [ 456096.243493095040321, 826208.44872703962028 ], [ 456064.493491587229073, 826184.636225908994675 ], [ 456041.474690494127572, 826167.173625079914927 ], [ 456003.374588684178889, 826145.742424061521888 ], [ 455966.068286912515759, 826121.929822931066155 ], [ 455921.618184801191092, 826102.086021987721324 ], [ 455885.105583067052066, 826088.592221347615123 ], [ 455857.324281747452915, 826077.479720819741488 ], [ 455839.861780918203294, 826092.561021534726024 ], [ 455821.60548005066812, 826103.673522062599659 ] ] } },
{ "type": "Feature", "properties": { "OBJECTID": 334, "Name": null, "ClassID": 0, "Surface": "DIRT", "Width": 8.0, "Shape_Leng": 1182.0626045 }, "geometry": { "type": "LineString", "coordinates": [ [ 456383.581606742925942, 826329.892732808366418 ], [ 456374.850306328386068, 826298.936431337147951 ], [ 456362.150305725634098, 826256.867629339918494 ], [ 456357.387805499136448, 826229.086328020319343 ], [ 456370.087806101888418, 826201.305026700720191 ], [ 456389.137907006777823, 826168.761125154793262 ], [ 456403.425407685339451, 826139.392323760315776 ], [ 456405.012907761149108, 826118.75482277944684 ], [ 456406.600407836958766, 826098.117321798577905 ], [ 456410.569208025000989, 826076.686020782217383 ], [ 456423.269208628684282, 826057.635919876396656 ], [ 456435.969209231436253, 826039.379619009792805 ], [ 456442.319209532812238, 826021.917118180543184 ], [ 456439.144209382124245, 826002.073317237198353 ], [ 456416.919208326376975, 825982.229516295716166 ], [ 456406.600407836958766, 825977.467016069218516 ], [ 456402.63160764798522, 825961.592015314847231 ], [ 456395.487907309085131, 825944.923214523121715 ], [ 456375.644106365740299, 825932.223213920369744 ], [ 456365.325305876322091, 825913.173113014549017 ], [ 456355.80030542332679, 825897.298112260177732 ], [ 456342.306504782289267, 825884.598111657425761 ], [ 456318.494003651663661, 825839.354309508576989 ], [ 456309.762703237123787, 825817.923008490353823 ], [ 456307.381503123790026, 825786.966707020998001 ], [ 456295.47520255856216, 825761.566605813801289 ], [ 456274.837601577863097, 825727.435304192826152 ], [ 456253.40640056040138, 825698.066502798348665 ], [ 456233.562599617987871, 825664.728901214897633 ], [ 456215.306298750452697, 825641.710100121796131 ], [ 456209.749998486600816, 825609.166298575699329 ], [ 456211.337498562410474, 825578.209997104480863 ], [ 456224.831299202516675, 825548.841195710003376 ], [ 456249.437600371427834, 825533.759894993156195 ], [ 456281.981401917524636, 825532.17239491827786 ], [ 456300.237702784128487, 825521.059894390404224 ], [ 456312.144003350287676, 825499.628593372181058 ], [ 456312.93770338781178, 825465.497291751205921 ], [ 456308.969003199599683, 825432.159690167754889 ], [ 456306.587703086435795, 825409.140889074653387 ], [ 456305.794003048911691, 825386.915888018906116 ], [ 456316.112703538499773, 825369.453287189826369 ], [ 456337.544004556722939, 825340.878285832703114 ], [ 456345.481504933908582, 825321.034484889358282 ] ] } },
{ "type": "Feature", "properties": { "OBJECTID": 335, "Name": null, "ClassID": 0, "Surface": "GRAVEL", "Width": 10.0, "Shape_Leng": 2550.3956794699998 }, "geometry": { "type": "LineString", "coordinates": [ [ 456338.33780459407717, 823857.356515368446708 ], [ 456301.031402822583914, 823827.194013936445117 ], [ 456266.900101200677454, 823792.268912278115749 ], [ 456226.418799278326333, 823760.518810769543052 ], [ 456217.687498863786459, 823736.706309638917446 ], [ 456203.399998185224831, 823707.337508242577314 ], [ 456186.731197393499315, 823681.937407037243247 ], [ 456167.681196488440037, 823664.474906207993627 ], [ 456141.487395244650543, 823646.21860533952713 ], [ 456101.799793358892202, 823631.137304624542594 ], [ 456044.649690644815564, 823615.262303870171309 ], [ 456004.168388722464442, 823602.562303267419338 ], [ 455958.924486572854221, 823586.687302513048053 ], [ 455933.524485366418958, 823566.843501569703221 ], [ 455899.393183745443821, 823535.093400062993169 ], [ 455855.736781671643257, 823509.693398855626583 ], [ 455806.524179334752262, 823476.35579727217555 ], [ 455762.867877260781825, 823450.955696066841483 ], [ 455724.767775450833142, 823423.968194784596562 ], [ 455696.192774093709886, 823406.505693955346942 ], [ 455677.936473227106035, 823389.04309312440455 ], [ 455660.473872397094965, 823353.324291428551078 ], [ 455638.248871341347694, 823320.780489882454276 ], [ 455608.086269909515977, 823284.267888149246573 ], [ 455583.479968740604818, 823247.755286414176226 ], [ 455560.461267647333443, 823210.448984641581774 ], [ 455548.554967081174254, 823184.255183398723602 ], [ 455545.379966930486262, 823152.505181889981031 ], [ 455550.936167194508016, 823119.961280344054103 ], [ 455561.254967684857547, 823092.179979024454951 ], [ 455573.954968287609518, 823064.3986777048558 ], [ 455580.304968589916825, 823041.379876611754298 ], [ 455584.273768777959049, 823016.773575443774462 ], [ 455595.386269305832684, 822961.210972804576159 ], [ 455596.180069343186915, 822931.842171410098672 ], [ 455591.417569117620587, 822908.823370315134525 ], [ 455589.83006904181093, 822888.979569373652339 ], [ 455590.623769079335034, 822867.548368355259299 ], [ 455593.005069192498922, 822839.766967035830021 ], [ 455589.036269004456699, 822813.573165791109204 ], [ 455577.923768476583064, 822781.029364246875048 ], [ 455557.286167495884001, 822746.104362586513162 ], [ 455539.823666666634381, 822715.14806111715734 ], [ 455516.804865573532879, 822681.810459533706307 ], [ 455489.023564253933728, 822646.88535787537694 ], [ 455469.179763311520219, 822611.960356215015054 ], [ 455462.036062971688807, 822592.910255311056972 ], [ 455454.892262632958591, 822530.203852333128452 ], [ 455442.985962067730725, 822459.560048976913095 ], [ 455438.223461841233075, 822411.934946715831757 ], [ 455428.698461388237774, 822384.947345433756709 ], [ 455432.66726157721132, 822346.053543586283922 ], [ 455439.017261878587306, 822296.840941248461604 ], [ 455446.954762255772948, 822250.00953902490437 ], [ 455455.685962670482695, 822193.653236348181963 ], [ 455461.242262934334576, 822161.109434802085161 ], [ 455464.417263085022569, 822122.215532954782248 ], [ 455463.623563047498465, 822103.165532048791647 ], [ 455458.861062821000814, 822078.55923088081181 ], [ 455449.33596236910671, 822051.57172959856689 ], [ 455442.985962067730725, 822030.140428580343723 ], [ 455431.87346153985709, 822001.565327223390341 ], [ 455416.792160823009908, 821972.196525828912854 ], [ 455400.123360031284392, 821931.715223906561732 ], [ 455389.010859503410757, 821895.996422208845615 ], [ 455369.960858598351479, 821853.927520211786032 ], [ 455349.323257618583739, 821815.827418401837349 ], [ 455331.067056751810014, 821786.458617007359862 ] ] } },
{ "type": "Feature", "properties": { "OBJECTID": 336, "Name": null, "ClassID": 0, "Surface": "GRAVEL", "Width": 7.0, "Shape_Leng": 626.37846879000006 }, "geometry": { "type": "LineString", "coordinates": [ [ 455461.242262934334576, 822595.291555423289537 ], [ 455413.617160672321916, 822596.879055500030518 ], [ 455383.454659239389002, 822585.766554972156882 ], [ 455351.704557731747627, 822570.685254255309701 ], [ 455329.479556676000357, 822546.872653124853969 ], [ 455296.935655130073428, 822532.585152445361018 ], [ 455263.598153546452522, 822523.853852031752467 ], [ 455235.02305218949914, 822525.441352106630802 ], [ 455220.735551510937512, 822546.078953087329865 ], [ 455200.891750568524003, 822568.303954143077135 ], [ 455164.379148834384978, 822601.641555726528168 ], [ 455142.947847816161811, 822627.835356969386339 ], [ 455120.722846760414541, 822659.58535847812891 ], [ 455094.529045516625047, 822688.160459835082293 ], [ 455076.272744649089873, 822700.860460437834263 ], [ 455058.016443782486022, 822719.91056134365499 ], [ 455035.791442726738751, 822748.485562700778246 ], [ 455038.966442877426744, 822771.504363793879747 ], [ 455042.93514306563884, 822805.635665414854884 ], [ 455034.997642688453197, 822826.273266395553946 ] ] } },
{ "type": "Feature", "properties": { "OBJECTID": 337, "Name": null, "ClassID": 0, "Surface": "GRAVEL", "Width": 7.0, "Shape_Leng": 482.63235934599999 }, "geometry": { "type": "LineString", "coordinates": [ [ 455303.285755432210863, 822534.172652520239353 ], [ 455316.779456072486937, 822565.922754028812051 ], [ 455327.891956600360572, 822588.147755084559321 ], [ 455320.748256261460483, 822619.104056555777788 ], [ 455315.191955997608602, 822657.204158363863826 ], [ 455325.510756487958133, 822696.891760250553489 ], [ 455332.654556826688349, 822715.14806111715734 ], [ 455333.448256864212453, 822738.960562247782946 ], [ 455324.71695644967258, 822781.029364246875048 ], [ 455315.191955997608602, 822812.7794657535851 ], [ 455311.223255808465183, 822842.942067187279463 ], [ 455309.635755733586848, 822864.373268205672503 ], [ 455300.110655280761421, 822892.948369562625885 ], [ 455302.491955393925309, 822926.285971146076918 ], [ 455308.04825565777719, 822964.385972954332829 ], [ 455317.573256110772491, 823001.692374726757407 ] ] } },
{ "type": "Feature", "properties": { "OBJECTID": 338, "Name": null, "ClassID": 0, "Surface": "DIRT", "Width": 6.0, "Shape_Leng": 255.356781138 }, "geometry": { "type": "LineString", "coordinates": [ [ 455927.174485065042973, 824723.339556500315666 ], [ 455956.543286459520459, 824763.027158385142684 ], [ 455977.974587477743626, 824808.270960535854101 ], [ 455998.612088457681239, 824850.339762533083558 ], [ 456035.918390230275691, 824869.38986343704164 ], [ 456050.999690946191549, 824890.821164455264807 ], [ 456074.812292077578604, 824924.158666038885713 ] ] } },
{ "type": "Feature", "properties": { "OBJECTID": 339, "Name": null, "ClassID": 0, "Surface": "DIRT", "Width": 5.0, "Shape_Leng": 341.30454387499998 }, "geometry": { "type": "LineString", "coordinates": [ [ 454353.165010303258896, 824957.496267622336745 ], [ 454338.083809587173164, 824945.589967057108879 ], [ 454315.065008494071662, 824928.127466227859259 ], [ 454299.983707777224481, 824905.902365172281861 ], [ 454285.696207098662853, 824886.852364268153906 ], [ 454270.614906382746994, 824874.15236366353929 ], [ 454242.833605063147843, 824860.658563023433089 ], [ 454212.671003630384803, 824844.783562269061804 ], [ 454166.6334014441818, 824827.320961439982057 ], [ 454122.977099370211363, 824810.65216064825654 ], [ 454084.083297522738576, 824797.95216004550457 ], [ 454065.033196617849171, 824789.220959629863501 ] ] } },
{ "type": "Feature", "properties": { "OBJECTID": 340, "Name": "Compact Road", "ClassID": 0, "Surface": "PAVED", "Width": 9.0, "Shape_Leng": 9119.9014395199993 }, "geometry": { "type": "LineString", "coordinates": [ [ 453669.744977843016386, 825365.48458700068295 ], [ 453637.994876334443688, 825314.684484587982297 ], [ 453601.482274600304663, 825263.884382175281644 ], [ 453561.000972677953541, 825221.815480176359415 ], [ 453541.157171735540032, 825201.177979197353125 ], [ 453485.594569096341729, 825140.05907629430294 ], [ 453468.725268295034766, 825123.616775512695312 ], [ 453433.206966607831419, 825088.465273844078183 ], [ 453395.900664836168289, 825052.746472146362066 ], [ 453370.500563629902899, 825024.171370789408684 ], [ 453356.213062951341271, 824994.802569394931197 ], [ 453346.688062498345971, 824965.433768000453711 ], [ 453346.688062498345971, 824932.096166417002678 ], [ 453354.625562875531614, 824886.05856422893703 ], [ 453360.975563176907599, 824851.133562570437789 ], [ 453370.500563629902899, 824805.88966042175889 ], [ 453376.850563931278884, 824775.727158989757299 ], [ 453388.585064488463104, 824707.33475574105978 ], [ 453402.201665135100484, 824638.27915246039629 ], [ 453410.955165551044047, 824580.89504973590374 ], [ 453422.626566105522215, 824515.7299466393888 ], [ 453427.489566336385906, 824456.400443822145462 ], [ 453444.024067121557891, 824349.413038739934564 ], [ 453460.55846790689975, 824273.549135137349367 ], [ 453478.065468738786876, 824186.986531024798751 ], [ 453499.462969754822552, 824078.053825851529837 ], [ 453510.161770262755454, 824023.587523264810443 ], [ 453519.887870725244284, 823981.765121277421713 ], [ 453528.641371141187847, 823898.120317304506898 ], [ 453530.586671233177185, 823848.517114948481321 ], [ 453525.723571002483368, 823800.859012685716152 ], [ 453522.805770863778889, 823738.611709728837013 ], [ 453511.134370309300721, 823660.802706032991409 ], [ 453507.243870124220848, 823582.993602337315679 ], [ 453514.052170448005199, 823527.554599704220891 ], [ 453534.477071418426931, 823467.252596840262413 ], [ 453604.505274743773043, 823382.635192820802331 ], [ 453640.491976452991366, 823329.141490280628204 ], [ 453660.916877423413098, 823287.319088293239474 ], [ 453676.478678163141012, 823218.263585014268756 ], [ 453668.697777792811394, 823181.304283257573843 ], [ 453655.081177146174014, 823119.056980300694704 ], [ 453632.711076083593071, 823077.234578315168619 ], [ 453601.587374605238438, 823018.87777554243803 ], [ 453575.326873358339071, 822959.548372725024819 ], [ 453561.710272711701691, 822909.945070369169116 ], [ 453556.847172480076551, 822863.259668152779341 ], [ 453560.737672665156424, 822814.628965841606259 ], [ 453565.600672896020114, 822749.463862746953964 ], [ 453571.436373173259199, 822679.435659421607852 ], [ 453571.436373173259199, 822605.517055910080671 ], [ 453575.326873358339071, 822545.215053046122193 ], [ 453582.1351736811921, 822480.049949949607253 ], [ 453587.970773958601058, 822426.556247409433126 ], [ 453584.080373774282634, 822387.651645561680198 ], [ 453567.545972988940775, 822331.240042882040143 ], [ 453535.449671464040875, 822265.102339740842581 ], [ 453502.380869893357158, 822224.252637799829245 ], [ 453450.832367445342243, 822171.731535306200385 ], [ 453411.927765597589314, 822123.100832996889949 ], [ 453383.721964257769287, 822079.33323091827333 ], [ 453347.735262548550963, 822016.113327914848924 ], [ 453311.74856083933264, 821958.729125188663602 ], [ 453280.624959360808134, 821905.235422648489475 ], [ 453229.076456911861897, 821814.782318351790309 ], [ 453189.19935501832515, 821757.398115625604987 ], [ 453155.157853401266038, 821699.041312854737043 ], [ 453134.732952430844307, 821632.903609713539481 ], [ 453131.815152292139828, 821568.711106663569808 ], [ 453141.541252754628658, 821497.710403291508555 ], [ 453161.96615372505039, 821439.353600520640612 ], [ 453197.952855434268713, 821349.873096270486712 ], [ 453221.295556542463601, 821285.680593220517039 ], [ 453247.556157790124416, 821213.707189802080393 ], [ 453259.227458344772458, 821178.693188140168786 ], [ 453265.06315862108022, 821125.199385598301888 ], [ 453258.254858298227191, 821061.979582596570253 ], [ 453243.665657605044544, 821004.595379870384932 ], [ 453228.103856866247952, 820912.197075480595231 ], [ 453218.377756403759122, 820849.949772525578737 ], [ 453188.226654971949756, 820702.112565502524376 ], [ 453174.610154325142503, 820627.221361946314573 ], [ 453170.71965414006263, 820582.481159821152687 ], [ 453169.747054094448686, 820535.79565760307014 ], [ 453169.747054094448686, 820487.164955293759704 ], [ 453174.610154325142503, 820434.643852798268199 ], [ 453177.527954463846982, 820314.039847070351243 ], [ 453177.527954463846982, 820245.95684383623302 ], [ 453179.473154556006193, 820179.819140695035458 ], [ 453169.747054094448686, 820124.38013806194067 ], [ 453145.431752939708531, 820066.023335291072726 ], [ 453115.280651506967843, 820029.064033534377813 ], [ 453061.786948966793716, 819978.488131131976843 ], [ 453019.964546980336308, 819942.501429423689842 ], [ 452984.95044531673193, 819904.569527622312307 ], [ 452936.31984300725162, 819840.377024572342634 ], [ 452901.305741343647242, 819779.102421661838889 ], [ 452878.935640281066298, 819744.088320000097156 ], [ 452807.934836909174919, 819627.374714456498623 ], [ 452761.249434691853821, 819564.154811453074217 ], [ 452715.536532520316541, 819503.852808589115739 ], [ 452658.152329795062542, 819437.715105447918177 ], [ 452608.549127439036965, 819378.385702628642321 ], [ 452576.452825914137065, 819332.672800457105041 ], [ 452564.781425359658897, 819286.959998287260532 ], [ 452558.945825083181262, 819239.301896022632718 ], [ 452575.480225868523121, 819163.438092419877648 ], [ 452603.686027207411826, 819075.90288826264441 ], [ 452612.439527623355389, 819015.600885398685932 ], [ 452613.412127669900656, 818942.654881933704019 ], [ 452607.576427392661572, 818893.051579577848315 ], [ 452597.850326930172741, 818773.420073894783854 ], [ 452593.959926745854318, 818729.652471816167235 ], [ 452582.28852619137615, 818688.802769875153899 ], [ 452550.192224667407572, 818635.308967335149646 ], [ 452502.534222403541207, 818589.596165163442492 ], [ 452446.122619723901153, 818554.582063499838114 ], [ 452373.176616258919239, 818526.376262161880732 ], [ 452315.79241353366524, 818504.006161099299788 ], [ 452272.997411500662565, 818488.444360358640552 ], [ 452222.421509098261595, 818459.265958974137902 ], [ 452174.763506835326552, 818412.580456756055355 ], [ 452156.283805957064033, 818369.78555472381413 ], [ 452144.612505403347313, 818323.100052505731583 ], [ 452145.585105448961258, 818268.633749919012189 ], [ 452155.311205911450088, 818194.715046407654881 ], [ 452160.174306142143905, 818139.276143774390221 ], [ 452172.818206742405891, 818056.603939848020673 ], [ 452178.653907019644976, 817980.740136245265603 ], [ 452185.462207343429327, 817913.629833057522774 ], [ 452193.243107712827623, 817845.546829823404551 ], [ 452192.270507666282356, 817789.135327143594623 ], [ 452187.407407435588539, 817699.654822893440723 ], [ 452181.571807158179581, 817653.94202072173357 ], [ 452160.174306142143905, 817479.844212453812361 ], [ 452154.338605864904821, 817419.542209589853883 ], [ 452148.502905587665737, 817350.486606309190392 ], [ 452138.776805126108229, 817283.376303121447563 ], [ 452115.434104016982019, 817196.813699010759592 ], [ 452071.6665019383654, 817120.94979540631175 ], [ 452050.269000922329724, 817094.689294159412384 ] ] } },
{ "type": "Feature", "properties": { "OBJECTID": 341, "Name": null, "ClassID": 0, "Surface": "DIRT", "Width": 7.0, "Shape_Leng": 1619.1292676800001 }, "geometry": { "type": "LineString", "coordinates": [ [ 453309.803360746242106, 825189.750978654250503 ], [ 453273.816659037023783, 825163.490477407351136 ], [ 453248.528757835738361, 825138.202476205304265 ], [ 453247.556157790124416, 825121.668075419962406 ], [ 453234.912157189100981, 825104.16107458807528 ], [ 453227.131256819702685, 825080.818273480981588 ], [ 453231.021657004952431, 825060.393472509458661 ], [ 453224.213356681168079, 825036.078071355819702 ], [ 453224.213356681168079, 825003.981869829818606 ], [ 453233.939557143487036, 824976.748668536543846 ], [ 453246.583457743749022, 824940.761966828256845 ], [ 453269.926258852705359, 824902.830065026879311 ], [ 453287.433259683661163, 824882.405164055526257 ], [ 453308.830760700628161, 824872.679063593968749 ], [ 453326.337761531583965, 824859.062462948262691 ], [ 453342.872262317687273, 824847.391062393784523 ], [ 453373.023263749666512, 824839.610162023454905 ], [ 453390.530264580622315, 824808.486560545861721 ], [ 453398.311164950020611, 824788.061659574508667 ], [ 453417.763465874828398, 824775.417658975347877 ], [ 453429.434866428375244, 824758.883258190006018 ], [ 453444.024067121557891, 824741.376257358118892 ], [ 453467.366768230684102, 824724.841756572946906 ], [ 453482.928568969480693, 824699.553855370730162 ], [ 453481.955968922935426, 824670.375453984364867 ], [ 453485.846369108185172, 824648.977952968329191 ], [ 453518.915270678699017, 824577.977149596437812 ], [ 453530.586671233177185, 824560.470148764550686 ], [ 453522.805770863778889, 824529.346447287127376 ], [ 453515.997470539994538, 824503.085946040228009 ], [ 453519.887870725244284, 824477.797944838181138 ], [ 453538.367571602575481, 824457.373043868690729 ], [ 453564.62807285040617, 824418.468542020767927 ], [ 453571.436373173259199, 824366.92003957182169 ], [ 453575.326873358339071, 824337.741638185456395 ], [ 453588.943474004976451, 824302.727536523714662 ], [ 453617.149275344796479, 824255.069534258916974 ], [ 453652.163277007639408, 824226.863732919096947 ], [ 453665.779877654276788, 824201.575731718912721 ], [ 453666.752477700822055, 824154.8903295006603 ], [ 453661.889477469958365, 824107.232227237895131 ], [ 453659.944177377037704, 824044.012424234300852 ], [ 453667.725077747367322, 824008.998322570696473 ], [ 453668.697777792811394, 823988.573421601206064 ], [ 453647.300276776775718, 823965.230720492079854 ], [ 453641.464576499536633, 823965.230720492079854 ], [ 453634.656276176683605, 823981.765121277421713 ], [ 453629.793175945058465, 823995.381721924990416 ], [ 453616.176575298421085, 824011.916122710332274 ], [ 453604.505274743773043, 824005.107822386547923 ], [ 453587.970773958601058, 823999.272122109308839 ], [ 453567.545972988940775, 823997.32692201808095 ], [ 453549.066272110678256, 824006.08042243309319 ], [ 453536.422271510586143, 824015.806622894480824 ], [ 453527.66877109464258, 824023.587523264810443 ], [ 453510.161770262755454, 824023.587523264810443 ] ] } },
{ "type": "Feature", "properties": { "OBJECTID": 342, "Name": null, "ClassID": 0, "Surface": "DIRT", "Width": 7.0, "Shape_Leng": 1509.93093436 }, "geometry": { "type": "LineString", "coordinates": [ [ 453642.437176546081901, 823324.278390049934387 ], [ 453676.478678163141012, 823337.894990695640445 ], [ 453703.711779456585646, 823341.785490879788995 ], [ 453734.835480934940279, 823322.333189956843853 ], [ 453754.287681858055294, 823284.401288155466318 ], [ 453761.095982181839645, 823255.222886769101024 ], [ 453751.369881720282137, 823227.017085429280996 ], [ 453725.109280472621322, 823207.564784506335855 ], [ 453694.958279040642083, 823198.811284089460969 ], [ 453686.20477862469852, 823162.824582381173968 ], [ 453674.533378070220351, 823120.029580347239971 ], [ 453666.752477700822055, 823089.878578916192055 ], [ 453667.725077747367322, 823077.234578315168619 ], [ 453672.58817797806114, 823058.754977436736226 ], [ 453673.560778023675084, 823041.247876605018973 ], [ 453666.752477700822055, 823031.521776143461466 ], [ 453646.327676730230451, 823020.823075635358691 ], [ 453636.601476268842816, 823014.01477531157434 ], [ 453624.930175714194775, 823000.398174665868282 ], [ 453616.176575298421085, 822979.973273696377873 ], [ 453613.258775159716606, 822956.630572587251663 ], [ 453609.368274975568056, 822929.397371293976903 ], [ 453601.587374605238438, 822911.890370462089777 ], [ 453595.751774328760803, 822891.465469490736723 ], [ 453593.806474235840142, 822863.259668152779341 ], [ 453600.614774559624493, 822840.889567090198398 ], [ 453622.012275575660169, 822828.245566489174962 ], [ 453644.382376638241112, 822810.738565657287836 ], [ 453656.053777192719281, 822788.368364594876766 ], [ 453659.944177377037704, 822775.724463993683457 ], [ 453693.985678994096816, 822774.75186394713819 ], [ 453719.273680195212364, 822777.669664086773992 ], [ 453747.479381535202265, 822765.025663485750556 ], [ 453762.068582228384912, 822744.600762516260147 ], [ 453763.041282273828983, 822722.230661453679204 ], [ 453746.506781488656998, 822714.449761083349586 ], [ 453726.081980518996716, 822710.559360899031162 ], [ 453710.520079779438674, 822702.778460528701544 ], [ 453697.876179179176688, 822688.189259836450219 ], [ 453687.177378671243787, 822672.627459097653627 ], [ 453670.642977885901928, 822652.202558126300573 ], [ 453650.218076915480196, 822641.503757618367672 ], [ 453629.793175945058465, 822637.613357434049249 ], [ 453617.149275344796479, 822629.832457065582275 ], [ 453613.258775159716606, 822611.352756187319756 ], [ 453613.258775159716606, 822588.010055078193545 ], [ 453612.286175114102662, 822560.776853784918785 ], [ 453611.313575067557395, 822541.324552860110998 ], [ 453619.09447543695569, 822528.680652260780334 ], [ 453632.711076083593071, 822518.954451797530055 ], [ 453645.354976684786379, 822509.228351335972548 ], [ 453651.190676962025464, 822499.50225087441504 ], [ 453656.053777192719281, 822475.186849718913436 ], [ 453669.670377839356661, 822459.625048980116844 ], [ 453682.314278439618647, 822446.008448334410787 ], [ 453689.122578763402998, 822428.501447502523661 ], [ 453687.177378671243787, 822411.967046717181802 ], [ 453680.369078347459435, 822398.350446069613099 ], [ 453661.889477469958365, 822387.651645561680198 ], [ 453649.245476868934929, 822375.980345007032156 ], [ 453639.519376407377422, 822362.363744361326098 ], [ 453634.656276176683605, 822348.747143713757396 ], [ 453628.82057589944452, 822330.267442835494876 ], [ 453624.930175714194775, 822316.650842189788818 ], [ 453620.067075483500957, 822304.979541635140777 ], [ 453615.203975251875818, 822285.52724071033299 ], [ 453615.203975251875818, 822267.047639833763242 ], [ 453603.532674698159099, 822245.650138817727566 ] ] } },
{ "type": "Feature", "properties": { "OBJECTID": 343, "Name": null, "ClassID": 0, "Surface": "GRAVEL", "Width": 6.0, "Shape_Leng": 228.48063416799999 }, "geometry": { "type": "LineString", "coordinates": [ [ 453535.449671464040875, 823464.334796700626612 ], [ 453535.449671464040875, 823437.101595407351851 ], [ 453541.28537174127996, 823405.005293883383274 ], [ 453558.792372573167086, 823367.073392082005739 ], [ 453573.38157326541841, 823335.949790602549911 ], [ 453603.532674698159099, 823304.826189124956727 ], [ 453634.656276176683605, 823301.908288987353444 ], [ 453651.190676962025464, 823308.71658930927515 ] ] } },
{ "type": "Feature", "properties": { "OBJECTID": 344, "Name": null, "ClassID": 0, "Surface": "DIRT", "Width": 5.0, "Shape_Leng": 1175.4230326700001 }, "geometry": { "type": "LineString", "coordinates": [ [ 452575.480225868523121, 818675.186169229447842 ], [ 452573.535025775432587, 818637.25416742824018 ], [ 452559.918425128795207, 818598.349665580317378 ], [ 452539.493524158373475, 818562.362963870167732 ], [ 452513.232922911643982, 818526.376262161880732 ], [ 452476.273621155880392, 818507.896661283448339 ], [ 452435.423919215798378, 818497.197860775515437 ], [ 452409.163317968137562, 818488.444360358640552 ], [ 452385.820616859942675, 818469.964659482240677 ], [ 452365.395715889520943, 818440.786258095875382 ], [ 452343.998214873485267, 818423.279257263988256 ], [ 452325.518613995984197, 818411.607856709510088 ], [ 452308.984113209880888, 818397.99125606380403 ], [ 452300.230612794868648, 818369.78555472381413 ], [ 452285.641412101686001, 818341.579753383994102 ], [ 452288.55921224039048, 818320.182252367958426 ], [ 452296.340112609788775, 818300.72995144315064 ], [ 452291.477112378925085, 818278.359850380569696 ], [ 452284.668812055140734, 818257.934949411079288 ], [ 452272.024811455048621, 818236.537448395043612 ], [ 452247.709510299377143, 818215.13994737714529 ], [ 452224.366809191182256, 818179.15324566885829 ], [ 452202.96930817514658, 818148.029644191265106 ], [ 452190.325307574123144, 818117.878642758354545 ], [ 452196.161007851362228, 818072.165840586647391 ], [ 452200.051408036611974, 818030.343438601121306 ], [ 452204.914508267305791, 817978.794936152175069 ], [ 452225.339409237727523, 817940.862934350967407 ], [ 452243.819010115228593, 817901.958432503044605 ], [ 452234.092909652739763, 817871.807431070134044 ], [ 452221.44890905264765, 817825.122028853744268 ], [ 452217.558508867397904, 817775.518726497888565 ], [ 452217.558508867397904, 817747.312925158068538 ], [ 452206.859708359465003, 817717.161923725157976 ], [ 452186.434807389043272, 817699.654822893440723 ], [ 452187.407407435588539, 817699.654822893440723 ] ] } },
{ "type": "Feature", "properties": { "OBJECTID": 345, "Name": null, "ClassID": 0, "Surface": "GRAVEL", "Width": 8.0, "Shape_Leng": 3816.7668974899998 }, "geometry": { "type": "LineString", "coordinates": [ [ 452309.626813240349293, 817012.650090262293816 ], [ 452318.866313679143786, 816992.438689302653074 ], [ 452319.642313716001809, 816991.662589266896248 ], [ 452336.715914526954293, 816932.681086463853717 ], [ 452358.446015559136868, 816886.116684252396226 ], [ 452370.863116148859262, 816860.506283035501838 ], [ 452377.071716444566846, 816838.000181967392564 ], [ 452370.08711611200124, 816813.165880788117647 ], [ 452349.133115117438138, 816777.466579092666507 ], [ 452341.372414748184383, 816748.751877728849649 ], [ 452332.835614343173802, 816725.469676623120904 ], [ 452328.179114121943712, 816689.770274925976992 ], [ 452347.580915043130517, 816631.564872162416577 ], [ 452361.550315706990659, 816590.432970209047198 ], [ 452384.832416812889278, 816542.316467924043536 ], [ 452406.562517845071852, 816501.184665968641639 ], [ 452438.381519355811179, 816469.365664457902312 ], [ 452463.215820536017418, 816463.157064164057374 ], [ 452493.482621973380446, 816460.828864052891731 ], [ 452555.568424922414124, 816453.844163721427321 ], [ 452595.148226802237332, 816450.739863572642207 ], [ 452623.862828166224062, 816435.994562873616815 ], [ 452646.369029235094786, 816413.488361803814769 ], [ 452667.322930230759084, 816381.669460292905569 ], [ 452670.427230377681553, 816352.17865889146924 ], [ 452667.322930230759084, 816317.255357233807445 ], [ 452660.338329898193479, 816279.227855427190661 ], [ 452664.218630082905293, 816255.169554283842444 ], [ 452683.620431004092097, 816238.095953473821282 ], [ 452713.887332442216575, 816228.007052993401885 ], [ 452751.138834211044014, 816212.485552256926894 ], [ 452786.062035869807005, 816189.203351151198149 ], [ 452832.626438082195818, 816164.369049971923232 ], [ 452843.491438598372042, 816159.712649749591947 ], [ 452879.966840330511332, 816158.160449676215649 ], [ 452922.650842357426882, 816154.280049491673708 ], [ 452963.006644275039434, 816143.415048975497484 ], [ 453016.555746817961335, 816123.237148018553853 ], [ 453056.911448734812438, 816110.043947391211987 ], [ 453084.850150061771274, 816086.761746285483241 ], [ 453136.070952494628727, 816016.915242968127131 ], [ 453169.442054079845548, 815970.350840756669641 ], [ 453201.261055591516197, 815914.473638102412224 ], [ 453219.886756476014853, 815866.357135817408562 ], [ 453236.184257250279188, 815829.105634046718478 ], [ 453250.92965795006603, 815801.166932720690966 ], [ 453285.852959608659148, 815735.976829623803496 ], [ 453305.254760530777276, 815713.470728555694222 ], [ 453325.432661488652229, 815690.964627485722303 ], [ 453359.579863110557199, 815680.09962696954608 ], [ 453396.831364880315959, 815672.33892660215497 ], [ 453418.561365912668407, 815667.682426379993558 ], [ 453453.484667571261525, 815675.443226749077439 ], [ 453489.960069303400815, 815690.188527449965477 ], [ 453525.659470999613404, 815694.068927634507418 ], [ 453561.358772695064545, 815688.636427376419306 ], [ 453604.042774721980095, 815664.578126233071089 ], [ 453624.99677571747452, 815642.848125200718641 ], [ 453642.070376528427005, 815593.955522878095508 ], [ 453648.278976823203266, 815573.001621883362532 ], [ 453665.35257763415575, 815564.464821478351951 ], [ 453724.334080435335636, 815556.704021109268069 ], [ 453794.180583753623068, 815548.943320740014315 ], [ 453831.432085522450507, 815537.302220188081264 ], [ 453864.803287107497454, 815528.765419781208038 ], [ 453914.47188946697861, 815509.363618860021234 ], [ 453982.766292710788548, 815478.320717386901379 ], [ 454034.763195180334151, 815459.694916501641273 ], [ 454097.625098166055977, 815435.636715358123183 ], [ 454146.517700488679111, 815419.339214583858848 ], [ 454189.977702552452683, 815407.698114031925797 ], [ 454227.229204322211444, 815407.698114031925797 ], [ 454254.391805612482131, 815420.891314659267664 ], [ 454271.465406423434615, 815443.397415727376938 ], [ 454274.569706570357084, 815471.336017053574324 ], [ 454269.913206349126995, 815507.811518786475062 ], [ 454277.674006718210876, 815531.093619892373681 ], [ 454290.86720734462142, 815559.032321220263839 ], [ 454310.269008265808225, 815590.075222693383694 ], [ 454332.775109334848821, 815620.342024132609367 ], [ 454365.370210883207619, 815645.176325311884284 ], [ 454388.652411988936365, 815666.906426344066858 ], [ 454395.637012320570648, 815690.964627485722303 ], [ 454376.235211399383843, 815727.440029218792915 ], [ 454356.833410478197038, 815756.154730582609773 ], [ 454338.983709629625082, 815781.765131799504161 ], [ 454331.999009298160672, 815810.479833163321018 ], [ 454327.342609076760709, 815842.298834674060345 ], [ 454331.22300926130265, 815867.909235890954733 ], [ 454347.520510035566986, 815902.832537548616529 ], [ 454366.92231095675379, 815927.66683872975409 ], [ 454389.428412025794387, 815956.381540093570948 ], [ 454401.845612615346909, 815980.43984123505652 ], [ 454402.62171265296638, 815997.513442046940327 ], [ 454387.100211915560067, 816012.258742745965719 ], [ 454372.354811214841902, 816027.780243484303355 ], [ 454368.474511031061411, 816044.077744258567691 ], [ 454370.802711141295731, 816059.599244995042682 ], [ 454363.818010809831321, 816082.105346065014601 ], [ 454347.520510035566986, 816099.955046912655234 ], [ 454330.446909224614501, 816103.835347097367048 ], [ 454306.388608082197607, 816093.746446616947651 ], [ 454292.419307418167591, 816096.074646728113294 ], [ 454271.465406423434615, 816108.491847317665815 ], [ 454271.465406423434615, 816109.267847353592515 ] ] } },
{ "type": "Feature", "properties": { "OBJECTID": 346, "Name": null, "ClassID": 0, "Surface": "DIRT", "Width": 7.0, "Shape_Leng": 638.03452873699996 }, "geometry": { "type": "LineString", "coordinates": [ [ 454271.465406423434615, 816109.267847353592515 ], [ 454266.808906202204525, 816115.476447649300098 ], [ 454272.241406460292637, 816127.117548203095794 ], [ 454285.434707086533308, 816137.206448681652546 ], [ 454303.284407934173942, 816137.982548719272017 ], [ 454317.253708598203957, 816153.504049455747008 ], [ 454331.22300926130265, 816165.921150045469403 ], [ 454339.759809667244554, 816178.338350635021925 ], [ 454344.416209887713194, 816206.276951963081956 ], [ 454346.744409998878837, 816235.76775336265564 ], [ 454352.953010293655097, 816268.362754911184311 ], [ 454356.833410478197038, 816297.077456275001168 ], [ 454366.92231095675379, 816337.433258192613721 ], [ 454372.354811214841902, 816364.595859481021762 ], [ 454378.563411509618163, 816381.669460292905569 ], [ 454390.980612100102007, 816403.399461325258017 ], [ 454416.591013316065073, 816432.114162689074874 ], [ 454435.216714200563729, 816454.620263757184148 ], [ 454453.066415048204362, 816493.423865601420403 ], [ 454468.587915785610676, 816525.242867112159729 ], [ 454485.66151659656316, 816560.16616877168417 ], [ 454507.391517628915608, 816571.031169287860394 ], [ 454537.658319066278636, 816564.82256899215281 ], [ 454571.029520651325583, 816559.390068734064698 ], [ 454592.759521683678031, 816555.509768549352884 ] ] } },
{ "type": "Feature", "properties": { "OBJECTID": 347, "Name": null, "ClassID": 0, "Surface": "DIRT", "Width": 5.0, "Shape_Leng": 959.85247303799997 }, "geometry": { "type": "LineString", "coordinates": [ [ 454229.557404432445765, 815409.250214105471969 ], [ 454253.615705574862659, 815401.489513736218214 ], [ 454269.913206349126995, 815403.041613809764385 ], [ 454283.106506976298988, 815417.010914474725723 ], [ 454292.419307418167591, 815434.860615322366357 ], [ 454305.612608045339584, 815449.606016023084521 ], [ 454328.89480915106833, 815462.023216612637043 ], [ 454358.385510551743209, 815472.888217128813267 ], [ 454390.204512062482536, 815486.85751779191196 ], [ 454404.173812726512551, 815495.394318196922541 ], [ 454421.247413537465036, 815486.85751779191196 ], [ 454438.321014348417521, 815475.216417238116264 ], [ 454456.946815232746303, 815463.575316686183214 ], [ 454479.4529163017869, 815452.71031617000699 ], [ 454494.974317039363086, 815437.964915469288826 ], [ 454504.287217481061816, 815416.234914436936378 ], [ 454501.182917334139347, 815397.609113551676273 ], [ 454503.511117444373667, 815371.99871233664453 ], [ 454508.167617665603757, 815350.268711304292083 ], [ 454519.032618181779981, 815323.882210049778223 ], [ 454532.225818808190525, 815302.152209019288421 ], [ 454548.52331958245486, 815268.005007397383451 ], [ 454558.612320061773062, 815240.066406069323421 ], [ 454554.731919877231121, 815224.54490533284843 ], [ 454541.538719250820577, 815202.814904300495982 ], [ 454532.225818808190525, 815178.756603157147765 ], [ 454520.584718255326152, 815155.47440205141902 ], [ 454507.391517628915608, 815132.968300983309746 ], [ 454497.302517149597406, 815116.67080020904541 ], [ 454497.302517149597406, 815102.701499545946717 ], [ 454499.630817260593176, 815091.836499029770494 ], [ 454500.406817297451198, 815083.299698622897267 ], [ 454505.83931755553931, 815070.882498033344746 ], [ 454524.465118439868093, 815063.897797701880336 ], [ 454543.866919361054897, 815063.897797701880336 ], [ 454573.357720762491226, 815061.569597590714693 ], [ 454583.446621241047978, 815058.465297443792224 ], [ 454584.998821315355599, 815049.152497000992298 ], [ 454575.685920872725546, 815031.302796153351665 ], [ 454559.388420098461211, 815011.124895196408033 ], [ 454543.866919361054897, 814987.842694088816643 ], [ 454529.121518661268055, 814962.2322928737849 ], [ 454522.912918366491795, 814942.054391914978623 ], [ 454500.406817297451198, 814921.100490920245647 ] ] } },
{ "type": "Feature", "properties": { "OBJECTID": 348, "Name": null, "ClassID": 0, "Surface": "DIRT", "Width": 5.0, "Shape_Leng": 1775.54504567 }, "geometry": { "type": "LineString", "coordinates": [ [ 453843.849286112003028, 815534.19792003929615 ], [ 453863.251087034121156, 815500.050718417391181 ], [ 453879.548587808385491, 815461.247116575017571 ], [ 453908.263289172202349, 815409.250214105471969 ], [ 453938.530190609395504, 815347.94051119312644 ], [ 453958.70809156820178, 815299.824008908122778 ], [ 453979.661992562934756, 815257.916006917133927 ], [ 453995.18349330034107, 815227.649205479770899 ], [ 454013.809194184839725, 815212.903804779052734 ], [ 454014.585294221527874, 815197.38240404240787 ], [ 454005.272393779829144, 815169.443702714517713 ], [ 454001.392093595117331, 815139.953001314774156 ], [ 454008.376693926751614, 815121.32720042951405 ], [ 454023.898194664157927, 815108.133999804034829 ], [ 454050.284595917910337, 815098.044999323785305 ], [ 454080.551497355103493, 815087.956098845228553 ], [ 454107.713998645544052, 815077.867198364809155 ], [ 454144.189400377683342, 815070.106397997587919 ], [ 454187.649502442218363, 815070.882498033344746 ], [ 454242.750705059617758, 815073.210698144510388 ], [ 454290.091107307933271, 815075.538898255676031 ], [ 454337.431609556078911, 815071.658598070964217 ], [ 454397.189212394878268, 815063.897797701880336 ], [ 454436.768914274871349, 815039.839596560224891 ], [ 454450.738214937970042, 815029.750596079975367 ], [ 454481.781116412952542, 814964.560492983087897 ], [ 454500.406817297451198, 814921.100490920245647 ], [ 454493.422216965816915, 814888.505389371886849 ], [ 454479.4529163017869, 814861.34288808144629 ], [ 454460.051015380769968, 814846.597487380728126 ], [ 454435.216714200563729, 814824.867386348545551 ], [ 454425.903813758864999, 814807.793785538524389 ], [ 454433.664614127017558, 814789.944184690713882 ], [ 454449.962114901281893, 814788.391984615474939 ], [ 454481.005016375333071, 814800.033085169270635 ], [ 454526.017218513414264, 814813.226285796612501 ], [ 454566.373020430095494, 814823.31528627499938 ], [ 454588.87912149913609, 814815.554585905745625 ], [ 454602.848422163166106, 814795.376684948801994 ], [ 454623.026323121041059, 814767.438083620741963 ], [ 454636.219623748213053, 814739.499382294714451 ], [ 454647.860724301077425, 814708.456480819731951 ], [ 454666.486425185576081, 814678.189679382368922 ], [ 454709.946527250111103, 814644.818577796220779 ], [ 454743.317628834396601, 814616.879876470193267 ], [ 454752.630529277026653, 814600.582375695928931 ], [ 454761.167329682968557, 814582.732674848288298 ], [ 454764.271629829891026, 814562.554873889312148 ], [ 454765.823729903437197, 814544.705173041671515 ], [ 454768.928030051290989, 814530.735872378572822 ], [ 454771.256230161525309, 814522.199071973562241 ], [ 454786.777730898931623, 814498.916870867833495 ], [ 454795.314531304873526, 814477.186869835481048 ], [ 454794.538431267254055, 814477.962869871407747 ] ] } },
{ "type": "Feature", "properties": { "OBJECTID": 349, "Name": null, "ClassID": 0, "Surface": "DIRT", "Width": 5.0, "Shape_Leng": 451.279062372 }, "geometry": { "type": "LineString", "coordinates": [ [ 454576.462020909413695, 814820.987086163833737 ], [ 454576.462020909413695, 814807.017785500735044 ], [ 454557.060119988396764, 814782.183384321630001 ], [ 454536.106218992732465, 814752.692682920023799 ], [ 454512.82401788700372, 814719.321481335908175 ], [ 454507.391517628915608, 814698.367580341175199 ], [ 454510.4958177767694, 814675.085379233583808 ], [ 454512.82401788700372, 814645.594577834010124 ], [ 454510.4958177767694, 814610.67137617431581 ], [ 454504.287217481061816, 814577.300174590200186 ], [ 454493.422216965816915, 814547.809473188593984 ], [ 454478.676816265098751, 814525.30337212048471 ], [ 454463.155315527692437, 814514.438271604478359 ], [ 454439.873214421793818, 814498.140770830214024 ], [ 454406.502012836746871, 814460.889269061386585 ], [ 454391.75661213696003, 814435.278867844492197 ] ] } },
{ "type": "Feature", "properties": { "OBJECTID": 350, "Name": null, "ClassID": 0, "Surface": "DIRT", "Width": 5.0, "Shape_Leng": 486.170174734 }, "geometry": { "type": "LineString", "coordinates": [ [ 454078.999297281727195, 815090.28429895453155 ], [ 454061.92569647077471, 815052.256797149777412 ], [ 454050.284595917910337, 815013.453095305711031 ], [ 454051.060695954598486, 814971.545193316414952 ], [ 454054.941096139140427, 814915.667990662157536 ], [ 454056.493196212686598, 814855.910287823528051 ], [ 454058.045396286062896, 814807.793785538524389 ], [ 454053.388896064832807, 814756.572983104735613 ], [ 454047.180395769886672, 814727.082281704992056 ], [ 454037.867495328187943, 814693.711080119013786 ], [ 454021.569994553923607, 814656.459678350016475 ], [ 454013.809194184839725, 814619.208176581189036 ], [ 454014.585294221527874, 814616.103876432403922 ] ] } },
{ "type": "Feature", "properties": { "OBJECTID": 352, "Name": null, "ClassID": 0, "Surface": "DIRT", "Width": 5.0, "Shape_Leng": 611.42114457299999 }, "geometry": { "type": "LineString", "coordinates": [ [ 453936.977990536019206, 815349.492611266672611 ], [ 453902.054688877426088, 815347.164411157369614 ], [ 453875.668287623673677, 815352.596911415457726 ], [ 453860.146786886267364, 815365.014112005010247 ], [ 453835.312485706992447, 815377.431212594732642 ], [ 453812.030284601263702, 815373.550912410020828 ], [ 453787.195983421057463, 815355.701211562380195 ], [ 453769.346282573416829, 815347.164411157369614 ], [ 453746.064081467688084, 815323.882210049778223 ], [ 453728.214480619877577, 815299.047908870503306 ], [ 453708.812579698860645, 815274.21360769122839 ], [ 453696.39547910913825, 815243.946706254035234 ], [ 453690.186878813430667, 815217.56020500138402 ], [ 453683.202178481966257, 815202.814904300495982 ], [ 453666.904677707701921, 815177.204503083601594 ], [ 453658.36787730269134, 815160.130902273580432 ], [ 453642.070376528427005, 815147.71370168402791 ], [ 453614.907775238156319, 815129.864000834524632 ], [ 453602.490674648433924, 815113.566500062122941 ], [ 453590.073474058881402, 815099.597199397161603 ], [ 453575.328073358163238, 815089.508198918774724 ], [ 453545.061271920800209, 815076.314998291432858 ], [ 453525.659470999613404, 815063.897797701880336 ], [ 453510.91407029889524, 815056.137097332626581 ], [ 453486.855769156478345, 815051.480697112157941 ] ] } },
{ "type": "Feature", "properties": { "OBJECTID": 353, "Name": null, "ClassID": 0, "Surface": "GRAVEL", "Width": 6.0, "Shape_Leng": 720.58866209500002 }, "geometry": { "type": "LineString", "coordinates": [ [ 453444.947867165319622, 815673.11492663808167 ], [ 453462.021467976272106, 815705.710028186440468 ], [ 453484.527569045312703, 815744.513630028814077 ], [ 453508.58587018866092, 815789.525932166725397 ], [ 453535.748371478170156, 815838.418434489518404 ], [ 453552.045872252434492, 815864.804935744032264 ], [ 453568.343473026528955, 815894.295737143605947 ], [ 453579.984573579393327, 815919.906138360500336 ], [ 453597.834174427203834, 815940.084039319306612 ], [ 453631.981376049108803, 815944.740439539775252 ], [ 453662.248277487233281, 815943.188339466229081 ], [ 453685.530478592962027, 815954.829440018162131 ], [ 453697.171479145996273, 815973.45514090359211 ], [ 453690.962978851050138, 816001.393742231652141 ], [ 453676.993678187020123, 816053.390644701197743 ], [ 453663.800377560779452, 816110.043947391211987 ], [ 453641.294276491738856, 816147.295449160039425 ], [ 453635.861776233650744, 816178.338350635021925 ], [ 453646.726776749826968, 816208.605152072384953 ], [ 453665.35257763415575, 816256.721654357388616 ] ] } },
{ "type": "Feature", "properties": { "OBJECTID": 354, "Name": null, "ClassID": 0, "Surface": "DIRT", "Width": 4.0, "Shape_Leng": 1020.31137245 }, "geometry": { "type": "LineString", "coordinates": [ [ 453021.212147039361298, 816120.132847869768739 ], [ 452980.856345122680068, 816118.580747796222568 ], [ 452939.724443168379366, 816114.700347611680627 ], [ 452917.994442136958241, 816100.731046948581934 ], [ 452892.384040920063853, 816085.20964621193707 ], [ 452876.862640183418989, 816069.688145475462079 ], [ 452852.028239003382623, 816053.390644701197743 ], [ 452836.506838265806437, 816026.228043410927057 ], [ 452833.402538118883967, 816007.602342525497079 ], [ 452832.626438082195818, 815988.976641640067101 ], [ 452816.328937307931483, 815972.679040865972638 ], [ 452793.046736202202737, 815949.396839760243893 ], [ 452777.525235464796424, 815929.995038839057088 ], [ 452762.779934763908386, 815913.697538064792752 ], [ 452734.065233400091529, 815884.982836700975895 ], [ 452716.991632589139044, 815865.58103577978909 ], [ 452696.813731631264091, 815832.985934231430292 ], [ 452688.276931225322187, 815813.584133310243487 ], [ 452674.307630562223494, 815802.719132794067264 ], [ 452664.994730119593441, 815789.525932166725397 ], [ 452659.56222986150533, 815770.900131283327937 ], [ 452656.45792971458286, 815756.154730582609773 ], [ 452652.57752953004092, 815730.544329365715384 ], [ 452654.905829641036689, 815720.455428887158632 ], [ 452654.905829641036689, 815698.725327854976058 ], [ 452648.697229345329106, 815678.547526895999908 ], [ 452640.160428940318525, 815666.906426344066858 ], [ 452623.08682812936604, 815652.93712567910552 ], [ 452607.565327391959727, 815638.191724980250001 ], [ 452601.356727097183466, 815625.774524390697479 ], [ 452593.596026728861034, 815609.477023616433144 ], [ 452588.939626507461071, 815593.955522878095508 ], [ 452585.05922632291913, 815577.658022103831172 ], [ 452575.746325880289078, 815565.24082151427865 ], [ 452557.120624995790422, 815555.151921035721898 ], [ 452540.823124221526086, 815535.750120114535093 ], [ 452524.525523447431624, 815514.796119118109345 ], [ 452506.675922599621117, 815503.155018566176295 ], [ 452477.185121199116111, 815482.201117569580674 ], [ 452459.335420351475477, 815462.023216612637043 ], [ 452448.470419835299253, 815448.053915947675705 ], [ 452434.501119172200561, 815429.428115064278245 ], [ 452411.218918066471815, 815417.78701451048255 ], [ 452388.712816997431219, 815411.578414216637611 ] ] } },
{ "type": "Feature", "properties": { "OBJECTID": 355, "Name": "Compact Road", "ClassID": 0, "Surface": "PAVED", "Width": 9.0, "Shape_Leng": 1919.8751199599999 }, "geometry": { "type": "LineString", "coordinates": [ [ 452050.269000922329724, 817094.689294159412384 ], [ 452015.421799266710877, 817053.74849221482873 ], [ 451968.081397018395364, 817020.377290630713105 ], [ 451901.339093848131597, 816981.573688786476851 ], [ 451826.836090309545398, 816952.082887386903167 ], [ 451754.661386881023645, 816921.816085947677493 ], [ 451666.965182716026902, 816882.236384067684412 ], [ 451617.29648035671562, 816860.506283035501838 ], [ 451561.419277702458203, 816834.895881820470095 ], [ 451524.167775933630764, 816800.748680198565125 ], [ 451510.974475306458771, 816779.794779201969504 ], [ 451500.885574827902019, 816752.632177913561463 ], [ 451490.020574311725795, 816714.60467610694468 ], [ 451486.140174127183855, 816664.935973746702075 ], [ 451482.259773942641914, 816608.282671056687832 ], [ 451476.05127364769578, 816551.629368364810944 ], [ 451470.618673389777541, 816472.469964604824781 ], [ 451459.753672873601317, 816416.592661950737238 ], [ 451430.262971472926438, 816359.939359260722995 ], [ 451389.131069519557059, 816305.614256680011749 ], [ 451336.358167013153434, 816266.034554800018668 ], [ 451272.720163990743458, 816233.439553251489997 ], [ 451192.784660193137825, 816214.813752368092537 ], [ 451162.517858755774796, 816209.381252110004425 ], [ 451144.668157908134162, 816207.829152036458254 ], [ 451067.060854221694171, 816193.859851371496916 ], [ 451013.511851678602397, 816186.09905100427568 ], [ 450963.843149319291115, 816174.457950450479984 ], [ 450917.278847107663751, 816152.727949418127537 ], [ 450882.355545449070632, 816111.596047464758158 ], [ 450863.729844564571977, 816079.001045916229486 ], [ 450834.239043163135648, 816033.988843778148293 ], [ 450821.821842573583126, 816003.721942340955138 ], [ 450814.061142205260694, 815953.277239944785833 ], [ 450807.852541910484433, 815901.280337475240231 ] ] } },
{ "type": "Feature", "properties": { "OBJECTID": 356, "Name": null, "ClassID": 0, "Surface": "PAVED", "Width": 9.0, "Shape_Leng": 286.06104530499999 }, "geometry": { "type": "LineString", "coordinates": [ [ 452050.269000922329724, 817094.689294159412384 ], [ 452082.164102436974645, 817070.045992989093065 ], [ 452106.998403616249561, 817054.524492252618074 ], [ 452139.593505164608359, 817042.883391698822379 ], [ 452190.814307597465813, 817045.211691809818149 ], [ 452240.482909956946969, 817045.211691809818149 ], [ 452282.39081194717437, 817039.003091514110565 ], [ 452306.449113089591265, 817019.60129059292376 ], [ 452309.626813240349293, 817012.650090262293816 ] ] } },
{ "type": "Feature", "properties": { "OBJECTID": 357, "Name": null, "ClassID": 0, "Surface": "DIRT", "Width": 6.0, "Shape_Leng": 444.52399107100001 }, "geometry": { "type": "LineString", "coordinates": [ [ 451585.477478845044971, 816844.208782263100147 ], [ 451604.103279730305076, 816830.239481598138809 ], [ 451623.50508065149188, 816841.104482114315033 ], [ 451650.66758194193244, 816851.193482594564557 ], [ 451673.173683010973036, 816858.17808292619884 ], [ 451681.710483415983617, 816872.923483626917005 ], [ 451701.888384374789894, 816881.460284031927586 ], [ 451720.514185259118676, 816876.027783773839474 ], [ 451737.587786070071161, 816846.536982372403145 ], [ 451743.796386364847422, 816826.359081413596869 ], [ 451728.274885628372431, 816810.837680676952004 ], [ 451698.00808419007808, 816790.659779718145728 ], [ 451671.621582937426865, 816773.586178908124566 ], [ 451639.026481389068067, 816766.601478576660156 ], [ 451613.416080172173679, 816769.705778723582625 ], [ 451594.014279250986874, 816797.644380049780011 ], [ 451580.044978587888181, 816825.583081377670169 ], [ 451577.716778476722538, 816834.11988178268075 ], [ 451571.508178181946278, 816841.880582151934505 ] ] } },
{ "type": "Feature", "properties": { "OBJECTID": 358, "Name": null, "ClassID": 0, "Surface": "DIRT", "Width": 4.0, "Shape_Leng": 337.03410258399998 }, "geometry": { "type": "LineString", "coordinates": [ [ 451379.818169076927006, 816299.405656386166811 ], [ 451394.563569777645171, 816294.749256163835526 ], [ 451417.845770883373916, 816312.598957011476159 ], [ 451445.008272173814476, 816310.270756902173162 ], [ 451469.06657331623137, 816300.181756421923637 ], [ 451497.781274680048227, 816281.556055538356304 ], [ 451530.376376228407025, 816253.617454210296273 ], [ 451544.345676891505718, 816239.648053547367454 ], [ 451551.330277223140001, 816220.246252626180649 ], [ 451552.882477297447622, 816207.829152036458254 ], [ 451573.836378292180598, 816203.172651814296842 ], [ 451592.462179177440703, 816196.188051482662559 ], [ 451600.222879545763135, 816181.442650781944394 ], [ 451610.31178002525121, 816164.369049971923232 ], [ 451621.952880578115582, 816135.654348608106375 ] ] } },
{ "type": "Feature", "properties": { "OBJECTID": 359, "Name": null, "ClassID": 0, "Surface": "DIRT", "Width": 4.0, "Shape_Leng": 348.583493809 }, "geometry": { "type": "LineString", "coordinates": [ [ 451145.444257944822311, 816203.172651814296842 ], [ 451146.220257981680334, 816180.666550746187568 ], [ 451162.517858755774796, 816137.982548719272017 ], [ 451177.26325945649296, 816103.835347097367048 ], [ 451203.649660709314048, 816061.927445106208324 ], [ 451220.723261520266533, 816024.675943337380886 ], [ 451253.318363068625331, 815971.903040830045938 ], [ 451271.944063953123987, 815954.829440018162131 ], [ 451293.674164985306561, 815935.4275390971452 ], [ 451308.419465686194599, 815926.890738692134619 ], [ 451322.388866349123418, 815940.084039319306612 ] ] } },
{ "type": "Feature", "properties": { "OBJECTID": 360, "Name": null, "ClassID": 0, "Surface": "DIRT", "Width": 4.0, "Shape_Leng": 338.1659122 }, "geometry": { "type": "LineString", "coordinates": [ [ 451146.220257981680334, 816186.09905100427568 ], [ 451186.576059898361564, 816196.188051482662559 ], [ 451226.931861815042794, 816189.203351151198149 ], [ 451246.333662737160921, 816158.160449676215649 ], [ 451257.198663253337145, 816118.580747796222568 ], [ 451282.80906446930021, 816071.240345548838377 ], [ 451296.778465133160353, 816038.645244000479579 ], [ 451299.106665243394673, 816020.795543152838945 ], [ 451292.898064948618412, 816005.274142414331436 ], [ 451282.80906446930021, 815980.43984123505652 ], [ 451268.839763806201518, 815957.157640129327774 ] ] } },
{ "type": "Feature", "properties": { "OBJECTID": 361, "Name": null, "ClassID": 0, "Surface": "DIRT", "Width": 4.0, "Shape_Leng": 77.162792972000005 }, "geometry": { "type": "LineString", "coordinates": [ [ 451298.330565206706524, 816016.13914293050766 ], [ 451335.582066976465285, 815988.200541604310274 ], [ 451359.640268119052052, 815971.126940792426467 ], [ 451358.86426808219403, 815970.350840756669641 ] ] } },
{ "type": "Feature", "properties": { "OBJECTID": 362, "Name": null, "ClassID": 0, "Surface": "DIRT", "Width": 8.0, "Shape_Leng": 210.33474968900001 }, "geometry": { "type": "LineString", "coordinates": [ [ 451144.668157908134162, 816207.829152036458254 ], [ 451117.505656617693603, 816186.09905100427568 ], [ 451074.045554554089904, 816156.608349602669477 ], [ 451068.613054296001792, 816151.175849344581366 ], [ 451083.358454995788634, 816122.461147980764508 ], [ 451101.208055843599141, 816085.98564624786377 ], [ 451114.401356470771134, 816045.629944331943989 ] ] } },
{ "type": "Feature", "properties": { "OBJECTID": 364, "Name": null, "ClassID": 0, "Surface": "DIRT", "Width": 5.0, "Shape_Leng": 270.237986202 }, "geometry": { "type": "LineString", "coordinates": [ [ 450912.622346886433661, 816144.191149013116956 ], [ 450897.877046186476946, 816162.816849898546934 ], [ 450885.459845595993102, 816190.755551224574447 ], [ 450887.788045707158744, 816221.798452699556947 ], [ 450903.309546444565058, 816254.393454248085618 ], [ 450923.487447402440012, 816293.197156090289354 ], [ 450931.248147771693766, 816314.927157122641802 ], [ 450963.067149282433093, 816322.687857491895556 ], [ 451011.959751605056226, 816327.344357712194324 ] ] } },
{ "type": "Feature", "properties": { "OBJECTID": 365, "Name": null, "ClassID": 0, "Surface": "DIRT", "Width": 4.0, "Shape_Leng": 433.54057927999997 }, "geometry": { "type": "LineString", "coordinates": [ [ 450883.90774552244693, 816190.755551224574447 ], [ 450861.401544453576207, 816216.365952441468835 ], [ 450834.239043163135648, 816248.184853952378035 ], [ 450822.597942610271275, 816273.795255169272423 ], [ 450806.300441836938262, 816312.598957011476159 ], [ 450799.31574150454253, 816354.506859002634883 ], [ 450792.331141172908247, 816371.58045981451869 ], [ 450776.809640435501933, 816386.325860513374209 ], [ 450749.647139145992696, 816409.608061619102955 ], [ 450731.79743829742074, 816422.02516220882535 ], [ 450703.858836971223354, 816441.427063131704926 ], [ 450682.904835975728929, 816459.276663979515433 ], [ 450649.533734390512109, 816467.03746434673667 ], [ 450638.668733874335885, 816474.022064680233598 ], [ 450637.892633837647736, 816512.825766522437334 ] ] } },
{ "type": "Feature", "properties": { "OBJECTID": 366, "Name": null, "ClassID": 0, "Surface": "DIRT", "Width": 6.0, "Shape_Leng": 204.631485814 }, "geometry": { "type": "LineString", "coordinates": [ [ 450817.941542389802635, 815975.007240977138281 ], [ 450784.570340804755688, 816004.49804237857461 ], [ 450761.288239698857069, 816026.228043410927057 ], [ 450751.199239219538867, 816055.718844810500741 ], [ 450734.125638408586383, 816075.896745769307017 ], [ 450717.828137634322047, 816092.970346581190825 ], [ 450717.828137634322047, 816111.596047464758158 ], [ 450701.530636860057712, 816134.878248570486903 ] ] } },
{ "type": "Feature", "properties": { "OBJECTID": 367, "Name": "Compact Road", "ClassID": 0, "Surface": "PAVED", "Width": 8.0, "Shape_Leng": 500.71970470500003 }, "geometry": { "type": "LineString", "coordinates": [ [ 450807.852541910484433, 815901.280337475240231 ], [ 450803.19614168908447, 815857.044235374778509 ], [ 450807.852541910484433, 815810.479833163321018 ], [ 450824.926142721436918, 815774.004431430250406 ], [ 450852.864744048565626, 815728.216129256412387 ], [ 450878.475145264528692, 815688.636427376419306 ], [ 450896.324846112169325, 815654.489225754514337 ], [ 450927.367747587151825, 815559.808321256190538 ], [ 450939.008848140016198, 815514.796119118109345 ], [ 450942.889248324558139, 815491.5139180123806 ], [ 450942.113148286938667, 815470.560017017647624 ], [ 450917.278847107663751, 815440.293115580454469 ] ] } },
{ "type": "Feature", "properties": { "OBJECTID": 368, "Name": null, "ClassID": 0, "Surface": "DIRT", "Width": 5.0, "Shape_Leng": 270.39912982800001 }, "geometry": { "type": "LineString", "coordinates": [ [ 450895.548746075481176, 815656.041325828060508 ], [ 450918.830947181209922, 815631.207024646922946 ], [ 450932.024247808381915, 815592.403422804549336 ], [ 450941.337048250250518, 815556.704021109268069 ], [ 450963.843149319291115, 815513.244019044563174 ], [ 450976.260349908843637, 815488.409617865458131 ], [ 450974.708249835297465, 815475.216417238116264 ], [ 450958.410649061203003, 815459.694916501641273 ], [ 450936.680648028850555, 815445.725615838542581 ], [ 450917.278847107663751, 815440.293115580454469 ] ] } },
{ "type": "Feature", "properties": { "OBJECTID": 369, "Name": "Compact Road?", "ClassID": 0, "Surface": "GRAVEL", "Width": 9.0, "Shape_Leng": 1080.4421655399999 }, "geometry": { "type": "LineString", "coordinates": [ [ 450917.278847107663751, 815440.293115580454469 ], [ 450882.355545449070632, 815411.578414216637611 ], [ 450838.895443384535611, 815384.415912926197052 ], [ 450804.748241762630641, 815367.342312114313245 ], [ 450780.690040620043874, 815367.342312114313245 ], [ 450758.183939551003277, 815375.879112521186471 ], [ 450736.453838518820703, 815399.161313626915216 ], [ 450707.739137155003846, 815417.010914474725723 ], [ 450675.920235644094646, 815428.652015026658773 ], [ 450645.653334205970168, 815433.308515248820186 ], [ 450613.058332658372819, 815432.532415211200714 ], [ 450586.671831404790282, 815424.771714841946959 ], [ 450573.478630778379738, 815406.922013994306326 ], [ 450575.03073085192591, 815380.535512741655111 ], [ 450569.598230593837798, 815360.357611782848835 ], [ 450553.300729819573462, 815338.627610750496387 ], [ 450512.168827866204083, 815322.330109976232052 ], [ 450485.006326575763524, 815304.480409128591418 ], [ 450450.859124953858554, 815275.765707764774561 ], [ 450426.024723774753511, 815254.035706732422113 ], [ 450417.487923368811607, 815225.321005368605256 ], [ 450416.711923331953585, 815201.262704227119684 ], [ 450415.935823295265436, 815188.069503599777818 ], [ 450408.175122926943004, 815154.69840201549232 ], [ 450398.862222484312952, 815107.357899766415358 ], [ 450394.205822262912989, 815075.538898255676031 ], [ 450392.653622189536691, 815049.152497000992298 ], [ 450395.75792233645916, 815025.094195859506726 ], [ 450403.518622705712914, 814994.051294384524226 ], [ 450402.742622668854892, 814959.904092762619257 ], [ 450401.190422594547272, 814942.054391914978623 ], [ 450400.414322557859123, 814895.490089703351259 ], [ 450404.294722742401063, 814865.223188266158104 ], [ 450410.503323037177324, 814822.539186237379909 ], [ 450412.055423110723495, 814803.137385316193104 ] ] } },
{ "type": "Feature", "properties": { "OBJECTID": 370, "Name": null, "ClassID": 0, "Surface": "GRAVEL", "Width": 7.0, "Shape_Leng": 729.30293859799997 }, "geometry": { "type": "LineString", "coordinates": [ [ 450415.159723258577287, 815199.710604153573513 ], [ 450446.202624732628465, 815197.38240404240787 ], [ 450471.037025912664831, 815197.38240404240787 ], [ 450495.095227055251598, 815195.830203969031572 ], [ 450533.122828861698508, 815201.262704227119684 ], [ 450576.582930925302207, 815207.471304520964622 ], [ 450606.849732363596559, 815215.232004890218377 ], [ 450637.116533800959587, 815212.127704743295908 ], [ 450655.74233468528837, 815210.575604669749737 ], [ 450702.306636896915734, 815208.247404558584094 ], [ 450727.1410380769521, 815208.247404558584094 ], [ 450755.079639404080808, 815216.008104927837849 ], [ 450780.690040620043874, 815222.992805259302258 ], [ 450805.52434179931879, 815223.768805295228958 ], [ 450839.67154342122376, 815219.888505110517144 ], [ 450867.610144748352468, 815232.305605700239539 ], [ 450905.637746554799378, 815222.216705221682787 ], [ 450925.815647513605654, 815222.216705221682787 ], [ 450931.248147771693766, 815242.394606180489063 ], [ 450939.008848140016198, 815264.900707248598337 ], [ 450952.978148803114891, 815279.646107949316502 ], [ 450976.260349908843637, 815291.287208503112197 ], [ 451011.183651568368077, 815301.376108981668949 ], [ 451035.241852710954845, 815296.719708761200309 ], [ 451086.462655143812299, 815268.781007433310151 ] ] } },
{ "type": "Feature", "properties": { "OBJECTID": 371, "Name": null, "ClassID": 0, "Surface": "DIRT", "Width": 5.0, "Shape_Leng": 723.41381265500002 }, "geometry": { "type": "LineString", "coordinates": [ [ 450412.055423110723495, 814803.137385316193104 ], [ 450452.411225027404726, 814791.496284764260054 ], [ 450481.902026428841054, 814785.28768446855247 ], [ 450532.346728824079037, 814799.256985131651163 ], [ 450568.046130520291626, 814815.554585905745625 ], [ 450599.089031994342804, 814818.65888605453074 ], [ 450637.116533800959587, 814810.122085647657514 ], [ 450668.935535311698914, 814809.345985611900687 ], [ 450713.947737449780107, 814827.97168649546802 ], [ 450740.334238703362644, 814840.388887086883187 ], [ 450779.913940583355725, 814839.612787049263716 ], [ 450810.180742020718753, 814846.597487380728126 ], [ 450848.984443863853812, 814855.910287823528051 ], [ 450897.100946149788797, 814871.431788560003042 ], [ 450929.695947697386146, 814869.103588450700045 ], [ 450975.484249872155488, 814872.207888597622514 ], [ 451010.407551530748606, 814877.640388855710626 ], [ 451054.643753631971776, 814886.177189260721207 ], [ 451090.343055327422917, 814895.490089703351259 ], [ 451112.849156396463513, 814891.609689518809319 ] ] } },
{ "type": "Feature", "properties": { "OBJECTID": 372, "Name": null, "ClassID": 0, "Surface": "DIRT", "Width": 5.0, "Shape_Leng": 300.31095533799999 }, "geometry": { "type": "LineString", "coordinates": [ [ 450481.902026428841054, 814987.066594053059816 ], [ 450452.411225027404726, 814982.410193830728531 ], [ 450426.024723774753511, 814973.87339342571795 ], [ 450401.190422594547272, 814965.336593020707369 ], [ 450380.236421599984169, 814955.247692542150617 ], [ 450356.95432049408555, 814942.830491952598095 ], [ 450328.239619130268693, 814921.876490956172347 ], [ 450322.03101883456111, 814911.787590477615595 ], [ 450317.374618614092469, 814890.057589445263147 ], [ 450316.59851857740432, 814872.207888597622514 ], [ 450322.03101883456111, 814854.35818774998188 ], [ 450332.896019350737333, 814829.523886570706964 ], [ 450339.880719683133066, 814816.33058594353497 ], [ 450340.656719719991088, 814797.704885058104992 ] ] } },
{ "type": "Feature", "properties": { "OBJECTID": 373, "Name": null, "ClassID": 0, "Surface": "DIRT", "Width": 5.0, "Shape_Leng": 313.618839573 }, "geometry": { "type": "LineString", "coordinates": [ [ 450316.59851857740432, 814619.984176617115736 ], [ 450300.301017803139985, 814640.938177611678839 ], [ 450293.316317470744252, 814657.235678385943174 ], [ 450284.779517065733671, 814691.382880007848144 ], [ 450275.466616623103619, 814719.321481335908175 ], [ 450262.273415996693075, 814745.707982588559389 ], [ 450244.423715149052441, 814763.557683436200023 ], [ 450215.709013785235584, 814775.974884025752544 ], [ 450198.635412974283099, 814780.63128424808383 ], [ 450190.098612568341196, 814802.361285280436277 ], [ 450184.666112310253084, 814838.060686975717545 ], [ 450199.411513010971248, 814876.864288818091154 ] ] } },
{ "type": "Feature", "properties": { "OBJECTID": 374, "Name": "Compact Road", "ClassID": 0, "Surface": "GRAVEL", "Width": 9.0, "Shape_Leng": 1977.18804583 }, "geometry": { "type": "LineString", "coordinates": [ [ 450412.055423110723495, 814803.137385316193104 ], [ 450398.862222484312952, 814765.885883547365665 ], [ 450374.803921341896057, 814731.738681925460696 ], [ 450356.178220456466079, 814699.143680376932025 ], [ 450342.985019830055535, 814671.981079086661339 ], [ 450329.015619167126715, 814642.490277687087655 ], [ 450316.59851857740432, 814619.984176617115736 ], [ 450312.71811839286238, 814576.524174552410841 ], [ 450308.837818208150566, 814549.361573262140155 ], [ 450300.301017803139985, 814532.287972452118993 ], [ 450276.242716659791768, 814501.245070977136493 ], [ 450245.19981518574059, 814486.499670276418328 ], [ 450202.515813157893717, 814480.29106998257339 ], [ 450152.847110799513757, 814481.067170018330216 ], [ 450097.746008181944489, 814487.2757703140378 ], [ 450053.509806080721319, 814500.468970941379666 ], [ 450006.169403832405806, 814505.901471199467778 ], [ 449958.052901547402143, 814509.005771346390247 ], [ 449921.577499814331532, 814501.245070977136493 ], [ 449874.236997566185892, 814494.26047064550221 ], [ 449818.359794911928475, 814495.036470683291554 ], [ 449772.571492737159133, 814499.692970903590322 ], [ 449752.393591778352857, 814497.364670792594552 ], [ 449694.964189050719142, 814497.364670792594552 ], [ 449622.013385585509241, 814498.916870867833495 ], [ 449563.807882821187377, 814500.468970941379666 ], [ 449508.706780204549432, 814501.245070977136493 ], [ 449478.439878766424954, 814502.797271050512791 ], [ 449452.829477550461888, 814510.557971419766545 ], [ 449426.442976296879351, 814529.183672305196524 ], [ 449396.176174859516323, 814547.033373152837157 ], [ 449362.028973237611353, 814569.539474220946431 ], [ 449339.522872168570757, 814579.628474701195955 ], [ 449307.462970645166934, 814604.011075858026743 ], [ 449281.269169401377439, 814615.917276423424482 ], [ 449253.487868081778288, 814614.329776348546147 ], [ 449227.294066837988794, 814601.629775745794177 ], [ 449204.275265744887292, 814586.548475028946996 ], [ 449180.462764613330364, 814569.085974199697375 ], [ 449152.681463293731213, 814553.21097344532609 ], [ 449123.312661899253726, 814552.417173407971859 ], [ 449091.562560390681028, 814565.91097404807806 ], [ 449080.450059862807393, 814593.692275367677212 ], [ 449079.656259825453162, 814632.586077215149999 ], [ 449090.768860353156924, 814664.336178723722696 ], [ 449097.912560692057014, 814710.373780909925699 ], [ 449101.087560843676329, 814747.680082682520151 ], [ 449096.325060617178679, 814782.605184340849519 ], [ 449080.450059862807393, 814805.623885434120893 ], [ 449055.049958656542003, 814821.498986188322306 ], [ 449024.88745722360909, 814827.05518645234406 ], [ 448991.549855640158057, 814832.611486716195941 ], [ 448966.943554472178221, 814842.930287206545472 ], [ 448943.131053340621293, 814850.073987545445561 ] ] } },
{ "type": "Feature", "properties": { "OBJECTID": 375, "Name": null, "ClassID": 0, "Surface": "DIRT", "Width": 4.0, "Shape_Leng": 379.20692393299998 }, "geometry": { "type": "LineString", "coordinates": [ [ 449339.522872168570757, 814579.628474701195955 ], [ 449382.982974232174456, 814603.6866758428514 ], [ 449434.20377666503191, 814636.281777391210198 ], [ 449459.038077845238149, 814640.162077575922012 ], [ 449482.320278950966895, 814657.235678385943174 ], [ 449492.409179430454969, 814675.861479271203279 ], [ 449517.243580609560013, 814685.174279714003205 ], [ 449556.823282489553094, 814693.711080119013786 ], [ 449580.105483595281839, 814693.711080119013786 ], [ 449613.47658518049866, 814699.143680376932025 ], [ 449652.280187023803592, 814705.352180672809482 ], [ 449678.666688276454806, 814720.097581371665001 ] ] } },
{ "type": "Feature", "properties": { "OBJECTID": 376, "Name": null, "ClassID": 0, "Surface": "GRAVEL", "Width": 7.0, "Shape_Leng": 577.45544151499996 }, "geometry": { "type": "LineString", "coordinates": [ [ 448943.131053340621293, 814850.073987545445561 ], [ 448942.717753320932388, 814884.271089170128107 ], [ 448928.303552636876702, 814919.034890821203589 ], [ 448905.410251549445093, 814946.167692109942436 ], [ 448868.950649817474186, 814967.365093117579818 ], [ 448822.316247601993382, 814995.34569444693625 ], [ 448789.248246031813323, 815019.086895573884249 ], [ 448755.332344421185553, 815025.870095895603299 ], [ 448722.264342850074172, 815027.565895976498723 ], [ 448658.671939829364419, 815030.109596097841859 ], [ 448601.862737131305039, 815031.805396176874638 ], [ 448523.008233386091888, 815010.607895171269774 ], [ 448462.807530527003109, 814991.954094285145402 ] ] } },
{ "type": "Feature", "properties": { "OBJECTID": 377, "Name": null, "ClassID": 0, "Surface": "DIRT", "Width": 4.0, "Shape_Leng": 220.03189649699999 }, "geometry": { "type": "LineString", "coordinates": [ [ 448936.782553039491177, 814901.229089975357056 ], [ 448987.656355455517769, 814920.730690902099013 ], [ 449041.921858033165336, 814948.711292231455445 ], [ 449065.663059161044657, 814966.517193077132106 ], [ 449078.381459765136242, 814996.193594485521317 ], [ 449095.339460570365191, 815035.196896338835359 ] ] } },
{ "type": "Feature", "properties": { "OBJECTID": 378, "Name": null, "ClassID": 0, "Surface": "DIRT", "Width": 4.0, "Shape_Leng": 121.935072389 }, "geometry": { "type": "LineString", "coordinates": [ [ 449041.921858033165336, 815053.850697224959731 ], [ 449095.339460570365191, 815035.196896338835359 ], [ 449155.540163429453969, 815009.759995130822062 ] ] } },
{ "type": "Feature", "properties": { "OBJECTID": 379, "Name": null, "ClassID": 0, "Surface": "DIRT", "Width": 4.0, "Shape_Leng": 228.498336217 }, "geometry": { "type": "LineString", "coordinates": [ [ 449063.967259080149233, 814815.591385908424854 ], [ 449090.252060328610241, 814864.769388243556023 ], [ 449109.753761255182326, 814892.750089572742581 ], [ 449141.973862784914672, 814882.575289089232683 ], [ 449160.627563671208918, 814873.248388646170497 ], [ 449177.585564476437867, 814901.229089975357056 ], [ 449206.414065846242011, 814943.6239919885993 ] ] } },
{ "type": "Feature", "properties": { "OBJECTID": 380, "Name": null, "ClassID": 0, "Surface": "DIRT", "Width": 4.0, "Shape_Leng": 226.86966102299999 }, "geometry": { "type": "LineString", "coordinates": [ [ 449099.578960771672428, 814742.672082444652915 ], [ 449123.320061899721622, 814744.367882525548339 ], [ 449166.562863953411579, 814779.131684176623821 ], [ 449191.999865161255002, 814809.656085627153516 ], [ 449214.893066248856485, 814832.549286713823676 ], [ 449239.482067416422069, 814852.050987640395761 ], [ 449280.181269349530339, 814869.008888445794582 ] ] } },
{ "type": "Feature", "properties": { "OBJECTID": 381, "Name": null, "ClassID": 0, "Surface": "DIRT", "Width": 4.0, "Shape_Leng": 230.57482 }, "geometry": { "type": "LineString", "coordinates": [ [ 448780.769245629198849, 814783.371184376999736 ], [ 448792.639846192672849, 814763.021683411672711 ], [ 448844.361648649908602, 814760.477983290329576 ], [ 448913.041351911611855, 814760.477983290329576 ], [ 448999.526956018991768, 814757.086383128538728 ] ] } },
{ "type": "Feature", "properties": { "OBJECTID": 382, "Name": null, "ClassID": 0, "Surface": "DIRT", "Width": 6.0, "Shape_Leng": 1895.8010517600001 }, "geometry": { "type": "LineString", "coordinates": [ [ 448790.944046112708747, 815018.238995533436537 ], [ 448748.54914409853518, 815046.219596862792969 ], [ 448707.002142124809325, 815077.591798352077603 ], [ 448668.846740312874317, 815094.549799157306552 ], [ 448626.451838299632072, 815111.507799962535501 ], [ 448586.600636406801641, 815123.378300527110696 ], [ 448553.532534835860133, 815142.88000145368278 ], [ 448543.357834352180362, 815168.316902661696076 ], [ 448560.315735157579184, 815209.863904634490609 ], [ 448582.361136205494404, 815240.388306085020304 ], [ 448604.406437252648175, 815277.695807857438922 ], [ 448616.277037816122174, 815315.851209668442607 ], [ 448639.170238903723657, 815352.310811400413513 ], [ 448670.542540393769741, 815387.922513091936707 ], [ 448681.565240916796029, 815415.903214421123266 ], [ 448689.196241279132664, 815460.841816555708647 ], [ 448693.435741480439901, 815517.650919254869223 ], [ 448698.52314172219485, 815583.787022395059466 ], [ 448707.002142124809325, 815638.052424972876906 ], [ 448728.199543132446706, 815679.599426945671439 ], [ 448764.659244864247739, 815723.690129039809108 ], [ 448796.031446353532374, 815772.020331336185336 ], [ 448831.643148045055568, 815836.460634397342801 ], [ 448868.102749777026474, 815894.965537175536156 ], [ 448918.976652193814516, 815978.059541122987866 ], [ 448944.413553401827812, 816038.260343981906772 ], [ 448957.132054005749524, 816101.852747002616525 ], [ 448965.611054408363998, 816161.205549821257591 ], [ 448918.128752153366804, 816257.018054371699691 ], [ 448902.018651387654245, 816290.933955982327461 ], [ 448908.801851710304618, 816374.027959929779172 ], [ 448921.520352314226329, 816422.3581622261554 ], [ 448939.326153160072863, 816474.079964682459831 ], [ 448953.740453844889998, 816494.429465647786856 ], [ 448957.132054005749524, 816539.368067782372236 ], [ 448961.371554207056761, 816596.177270481362939 ], [ 448957.979954046197236, 816630.941072132438421 ], [ 448959.675754126161337, 816631.788972172886133 ] ] } },
{ "type": "Feature", "properties": { "OBJECTID": 383, "Name": null, "ClassID": 0, "Surface": "DIRT", "Width": 5.0, "Shape_Leng": 491.158240466 }, "geometry": { "type": "LineString", "coordinates": [ [ 448957.979954046197236, 816633.484772253781557 ], [ 449004.614356260746717, 816659.769673502072692 ], [ 449041.073957992717624, 816680.967074507847428 ], [ 449088.556260247714818, 816679.27127442881465 ], [ 449135.190662463195622, 816676.727574307471514 ], [ 449172.498164234682918, 816673.335974145680666 ], [ 449205.566165805794299, 816672.488074105232954 ], [ 449225.067866732366383, 816684.358674669638276 ], [ 449252.200568020343781, 816689.446074912324548 ], [ 449295.44337007496506, 816697.925075314939022 ], [ 449340.38197220955044, 816710.643475918099284 ], [ 449385.320574343204498, 816714.035076079890132 ], [ 449428.563376397825778, 816703.860275596380234 ] ] } },
{ "type": "Feature", "properties": { "OBJECTID": 385, "Name": null, "ClassID": 0, "Surface": "DIRT", "Width": 4.0, "Shape_Leng": 4618.3802474200002 }, "geometry": { "type": "LineString", "coordinates": [ [ 448959.675754126161337, 816631.788972172886133 ], [ 448918.976652193814516, 816664.856973743066192 ], [ 448845.209548689424992, 816708.94767583720386 ], [ 448806.206246837042272, 816725.905676642432809 ], [ 448772.290245226584375, 816736.080477125942707 ], [ 448743.461743856780231, 816743.711577488109469 ], [ 448712.089542366564274, 816762.365278374403715 ], [ 448686.652541158720851, 816787.802279582247138 ], [ 448669.694640353322029, 816826.80558143556118 ], [ 448657.82403978984803, 816848.850882483646274 ], [ 448628.147638379596174, 816856.481982845813036 ], [ 448585.752736366353929, 816866.656783329322934 ], [ 448560.315735157579184, 816882.766784094274044 ], [ 448508.594032701104879, 816924.313786067068577 ], [ 448471.286430929787457, 816945.511287074536085 ], [ 448427.195728834718466, 816960.773387799039483 ], [ 448387.344526941888034, 816969.252388201653957 ], [ 448350.037025170400739, 816987.90618908777833 ], [ 448322.904323881492019, 817012.495190255343914 ], [ 448294.923722552135587, 817026.909490939229727 ], [ 448268.638821303844452, 817038.780091503635049 ], [ 448236.418719774112105, 817068.456492913886905 ], [ 448194.023817759938538, 817119.330395329743624 ], [ 448121.952514336444438, 817181.226898269727826 ], [ 448091.428112886846066, 817185.466398471966386 ], [ 448056.664311235770583, 817185.466398471966386 ], [ 448024.444209705106914, 817169.356397705152631 ], [ 447998.159308456815779, 817146.463096618652344 ], [ 447977.809807490557432, 817118.482495289295912 ], [ 447960.003906644880772, 817103.220294564962387 ], [ 447935.414905476383865, 817092.197594041004777 ], [ 447905.738504067063332, 817087.958193840458989 ], [ 447882.845202979631722, 817096.437094243243337 ], [ 447869.278802335262299, 817109.155594846233726 ], [ 447858.256201812066138, 817124.417795572429895 ], [ 447834.515000684186816, 817179.531098188832402 ], [ 447791.27219863049686, 817240.579801088199019 ], [ 447766.683197462931275, 817262.625102136284113 ], [ 447734.463095932267606, 817282.126803062856197 ], [ 447698.003394200466573, 817310.107404392212629 ], [ 447668.32699279114604, 817356.741806605830789 ], [ 447647.97749182395637, 817385.570407975465059 ], [ 447636.106891260482371, 817406.767808983102441 ], [ 447636.106891260482371, 817460.185411520302296 ], [ 447640.346391461789608, 817492.405513050034642 ], [ 447631.019491018727422, 817529.71301482245326 ], [ 447625.932090776972473, 817560.237316271290183 ], [ 447630.17159097827971, 817587.37011756002903 ], [ 447636.954791300930083, 817618.74231905117631 ], [ 447642.042191542685032, 817635.700319856405258 ], [ 447639.498491421341896, 817662.833021145313978 ], [ 447632.715291099622846, 817700.140522917732596 ], [ 447644.585891663096845, 817729.817024325951934 ], [ 447659.847992388531566, 817758.645525695756078 ], [ 447686.980793677270412, 817788.321927106007934 ], [ 447708.178194683976471, 817829.868929078802466 ], [ 447720.896695287898183, 817858.697530448436737 ], [ 447732.767295851372182, 817882.438631575554609 ], [ 447749.725196656771004, 817912.115032985806465 ], [ 447763.291597301140428, 817931.616733910515904 ], [ 447766.683197462931275, 817979.099036166444421 ], [ 447784.488998307846487, 818018.102338019758463 ], [ 447810.773899557068944, 818051.170339589938521 ], [ 447845.537701208144426, 818063.888840194791555 ], [ 447895.563703583553433, 818059.649339992552996 ], [ 447948.981306120753288, 818062.193040113896132 ], [ 447988.83250801358372, 818078.303040878847241 ], [ 448020.204709503799677, 818095.26104168407619 ], [ 448053.272711074911058, 818111.371142448857427 ], [ 448094.819713047705591, 818127.481143213808537 ], [ 448124.496214457787573, 818133.41644349694252 ], [ 448179.609517075121403, 818142.743343940004706 ], [ 448216.917018847540021, 818151.222344342619181 ], [ 448238.962419894523919, 818165.636545026674867 ], [ 448247.441420297138393, 818183.442445872351527 ], [ 448252.528820538893342, 818198.704646596685052 ], [ 448269.486721344292164, 818212.270947242155671 ], [ 448291.532122391276062, 818220.749947644770145 ], [ 448324.600123962387443, 818228.381048006936908 ], [ 448345.797524969093502, 818253.817949214950204 ], [ 448367.842926016077399, 818272.471750101074576 ], [ 448392.431927183642983, 818286.038150746375322 ], [ 448412.78152815066278, 818290.27755094692111 ], [ 448457.72013028524816, 818288.581750866025686 ], [ 448478.069631251506507, 818288.581750866025686 ], [ 448485.70073161367327, 818294.51705114915967 ], [ 448500.962932338938117, 818318.258252276107669 ], [ 448516.225033063441515, 818347.086753645911813 ], [ 448532.335133829154074, 818372.523754853755236 ], [ 448543.357834352180362, 818402.200156262144446 ], [ 448543.357834352180362, 818421.701757188886404 ], [ 448546.74943451397121, 818452.226158639416099 ], [ 448550.988934715278447, 818472.575659604743123 ], [ 448557.77203503716737, 818498.860560854896903 ], [ 448581.513236165046692, 818523.449562022462487 ], [ 448603.558537212200463, 818534.472262546420097 ], [ 448637.47453882265836, 818535.320162585005164 ], [ 448668.846740312874317, 818534.472262546420097 ], [ 448687.500441199168563, 818531.08066238462925 ], [ 448694.283641520887613, 818544.646963028237224 ], [ 448688.348341239616275, 818572.627664357423782 ], [ 448681.565240916796029, 818589.585565162822604 ], [ 448675.62994063552469, 818608.239366048946977 ], [ 448674.782040595076978, 818627.741066975519061 ], [ 448676.47784067504108, 818654.873768264427781 ], [ 448702.762641923502088, 818695.572870196774602 ], [ 448739.222243655472994, 818722.705571485683322 ], [ 448759.57184462249279, 818754.077872976660728 ], [ 448772.290245226584375, 818776.971074063330889 ], [ 448791.791946152225137, 818787.993774587288499 ], [ 448829.099447924643755, 818803.255875311791897 ], [ 448849.449048890732229, 818819.365976076573133 ], [ 448874.885950099676847, 818839.71557704359293 ], [ 448885.908650622703135, 818864.304578211158514 ], [ 448879.125450300984085, 818924.505381071940064 ], [ 448871.494349937886, 818965.204483004286885 ], [ 448882.51705046184361, 818994.880884414538741 ], [ 448902.866551428101957, 819017.774085501208901 ], [ 448926.607752555981278, 819044.058986749500036 ], [ 448946.109353481791914, 819063.560587676241994 ], [ 448957.132054005749524, 819090.693388964980841 ], [ 448957.979954046197236, 819117.826090253889561 ], [ 448957.979954046197236, 819153.437791945412755 ], [ 448957.979954046197236, 819169.547892710193992 ], [ 448954.58835388533771, 819196.680593999102712 ], [ 448954.58835388533771, 819227.204995447769761 ], [ 448957.979954046197236, 819240.77129609324038 ], [ 448957.979954046197236, 819266.208297301083803 ], [ 448961.371554207056761, 819315.386299636214972 ], [ 448979.177455052733421, 819345.062801046296954 ], [ 449010.549656542949378, 819356.085501570254564 ], [ 449047.009258274920285, 819373.043402375653386 ], [ 449066.510959200561047, 819407.807204026728868 ], [ 449069.902459362521768, 819437.483705436810851 ] ] } },
{ "type": "Feature", "properties": { "OBJECTID": 386, "Name": null, "ClassID": 0, "Surface": "DIRT", "Width": 3.0, "Shape_Leng": 459.66456396199999 }, "geometry": { "type": "LineString", "coordinates": [ [ 448929.999352716840804, 816661.465373583137989 ], [ 448965.611054408363998, 816679.27127442881465 ], [ 448996.135355858132243, 816693.685575112700462 ], [ 449013.093356663361192, 816728.449376763775945 ], [ 449035.138657710514963, 816759.821578254923224 ], [ 449058.879858838394284, 816792.041679784655571 ], [ 449092.795760449022055, 816814.934980871155858 ], [ 449106.362161093391478, 816834.436581797897816 ], [ 449129.255362180992961, 816863.265183167532086 ], [ 449133.494862382300198, 816898.028984818607569 ], [ 449143.669662865810096, 816929.401186307892203 ], [ 449177.585564476437867, 816949.750787274912 ], [ 449207.261965886689723, 816976.88348856382072 ], [ 449220.828366531059146, 816991.297789249569178 ] ] } },
{ "type": "Feature", "properties": { "OBJECTID": 387, "Name": null, "ClassID": 0, "Surface": "DIRT", "Width": 6.0, "Shape_Leng": 1076.3925137199999 }, "geometry": { "type": "LineString", "coordinates": [ [ 448867.254849736578763, 815895.813437215983868 ], [ 448929.151452676393092, 815907.68403778038919 ], [ 448983.416855254210532, 815909.379837859421968 ], [ 449027.5075573483482, 815893.269737094640732 ], [ 449059.727758878841996, 815872.920236129313707 ], [ 449076.685659684240818, 815852.570635162293911 ], [ 449092.795760449022055, 815826.285833913832903 ], [ 449099.578960771672428, 815810.175733149051666 ], [ 449126.711662060581148, 815788.130432100966573 ], [ 449157.235963510349393, 815783.043031860142946 ], [ 449197.087165403179824, 815775.411931497976184 ], [ 449230.155266974121332, 815766.085031054913998 ], [ 449254.744268141686916, 815757.60613065212965 ], [ 449292.051769913174212, 815757.60613065212965 ], [ 449321.728271323256195, 815753.36663044989109 ], [ 449341.22987224906683, 815745.735530087724328 ], [ 449350.556772692129016, 815730.473329363390803 ], [ 449357.339973014779389, 815707.580128274857998 ], [ 449357.339973014779389, 815687.230527309700847 ], [ 449363.27527329698205, 815665.185226261615753 ], [ 449375.993673901073635, 815643.139825213700533 ], [ 449394.647474786266685, 815615.159223886206746 ], [ 449403.974375229328871, 815600.744923200458288 ], [ 449423.475976156070828, 815559.197921227663755 ], [ 449455.696077686734498, 815519.346719333902001 ], [ 449493.00367945805192, 815491.366118006408215 ], [ 449510.809480303898454, 815480.343417482450604 ], [ 449548.964882116764784, 815490.518217965960503 ], [ 449582.880783727392554, 815478.647617401555181 ], [ 449593.903484250418842, 815451.514916112646461 ], [ 449617.644685378298163, 815433.7090152669698 ], [ 449649.016886868514121, 815415.903214421123266 ], [ 449691.411788881756365, 815393.857813375070691 ] ] } },
{ "type": "Feature", "properties": { "OBJECTID": 388, "Name": null, "ClassID": 0, "Surface": "DIRT", "Width": 4.0, "Shape_Leng": 424.09808883900001 }, "geometry": { "type": "LineString", "coordinates": [ [ 448548.445234593935311, 815157.294302137568593 ], [ 448507.746132660657167, 815118.291000286117196 ], [ 448459.415930365212262, 815076.743898311629891 ], [ 448414.477328230626881, 815052.154897144064307 ], [ 448361.907625733874738, 815048.763296984136105 ], [ 448300.011022794060409, 815051.306997103616595 ], [ 448262.703521022573113, 815068.264997908845544 ], [ 448238.962419894523919, 815083.527098635211587 ], [ 448232.179219572804868, 815106.420399721711874 ], [ 448189.784317558631301, 815121.682500446215272 ] ] } },
{ "type": "Feature", "properties": { "OBJECTID": 389, "Name": null, "ClassID": 0, "Surface": "GRAVEL", "Width": 9.0, "Shape_Leng": 916.74518770600002 }, "geometry": { "type": "LineString", "coordinates": [ [ 448943.131053340621293, 814850.073987545445561 ], [ 448922.368252354674041, 814818.13508602976799 ], [ 448890.148150824010372, 814796.937585022300482 ], [ 448833.338948125950992, 814786.762784538790584 ], [ 448780.769245629198849, 814783.371184376999736 ], [ 448751.940744259394705, 814774.044383935630322 ], [ 448722.264342850074172, 814744.367882525548339 ], [ 448693.435741480439901, 814714.691481115296483 ], [ 448663.759340071119368, 814680.775579504668713 ], [ 448623.060238137841225, 814651.09907809458673 ], [ 448554.380434876307845, 814615.487376403063536 ], [ 448524.704033466987312, 814595.137875437736511 ], [ 448513.681332943029702, 814570.548774268478155 ], [ 448509.441932741552591, 814537.480772698298097 ], [ 448506.050332580693066, 814489.998470444232225 ], [ 448506.050332580693066, 814441.668268147855997 ], [ 448506.050332580693066, 814381.467565288767219 ], [ 448499.267132258042693, 814341.616363395005465 ], [ 448478.917531291954219, 814322.11466246843338 ], [ 448451.784830003045499, 814306.004561703652143 ], [ 448417.868928392417729, 814296.677761260420084 ], [ 448382.257126701064408, 814281.415560536086559 ], [ 448368.654226054437459, 814271.621360071003437 ] ] } },
{ "type": "Feature", "properties": { "OBJECTID": 390, "Name": null, "ClassID": 0, "Surface": "PAVED", "Width": 10.0, "Shape_Leng": 991.09903379100001 }, "geometry": { "type": "LineString", "coordinates": [ [ 448368.654226054437459, 814271.621360071003437 ], [ 448361.059725693427026, 814266.153359811753035 ], [ 448341.558024767786264, 814247.499658925458789 ], [ 448332.231224324554205, 814206.800556991249323 ], [ 448330.535424243658781, 814155.078754534944892 ], [ 448329.687524204142392, 814094.877951676025987 ], [ 448327.991724123246968, 814050.787249581888318 ], [ 448330.535424243658781, 814018.567148052155972 ], [ 448338.166524606756866, 813971.932745836675167 ], [ 448355.9723254526034, 813924.450443580746651 ], [ 448362.75552577432245, 813898.165642332285643 ], [ 448362.75552577432245, 813873.576641164720058 ], [ 448355.124425412155688, 813819.311138587072492 ], [ 448332.231224324554205, 813781.155736774206161 ], [ 448304.250522995367646, 813756.566635606810451 ], [ 448255.072420659475029, 813732.825534479692578 ], [ 448188.936417518183589, 813709.932233391329646 ], [ 448138.06251510232687, 813687.039032304659486 ], [ 448093.971813008189201, 813667.537331378087401 ], [ 448056.664311235770583, 813648.035730451345444 ], [ 448003.246708698570728, 813604.792928397655487 ], [ 447946.437606000341475, 813547.98372570052743 ], [ 447932.871205355972052, 813535.265225095674396 ] ] } },
{ "type": "Feature", "properties": { "OBJECTID": 391, "Name": null, "ClassID": 0, "Surface": "GRAVEL", "Width": 6.0, "Shape_Leng": 614.00789398500001 }, "geometry": { "type": "LineString", "coordinates": [ [ 448339.862224686890841, 813968.541145674884319 ], [ 448315.273223519325256, 813976.172246037051082 ], [ 448309.337923237122595, 813999.913447165861726 ], [ 448305.94632307626307, 814039.764649057760835 ], [ 448294.075822512619197, 814063.505750186741352 ], [ 448275.422021626494825, 814084.703251192346215 ], [ 448244.049820136278868, 814085.551151232793927 ], [ 448215.221218766644597, 814074.528450708836317 ], [ 448193.175917719490826, 814061.809950105845928 ], [ 448161.803716229274869, 814043.156249219551682 ], [ 448121.952514336444438, 814025.350348373875022 ], [ 448075.318112121894956, 814021.958748212084174 ], [ 448045.641610712744296, 814016.871347971260548 ], [ 448004.942508779466152, 814017.71924801170826 ], [ 447974.418207329697907, 814015.175547890365124 ], [ 447948.981306120753288, 814006.696547487750649 ], [ 447908.282204188406467, 814001.60924724675715 ], [ 447864.191502094268799, 814005.848647447302938 ], [ 447835.362900724634528, 814003.305047325789928 ], [ 447823.492400160990655, 814004.15294736623764 ] ] } },
{ "type": "Feature", "properties": { "OBJECTID": 392, "Name": null, "ClassID": 0, "Surface": "PAVED", "Width": 9.0, "Shape_Leng": 226.89778685499999 }, "geometry": { "type": "LineString", "coordinates": [ [ 448301.706822874955833, 813755.718735566362739 ], [ 448340.710124727338552, 813762.501935889944434 ], [ 448383.952926781028509, 813779.459936695173383 ], [ 448422.956328634172678, 813798.961537620052695 ], [ 448451.784830003045499, 813817.615338506177068 ], [ 448492.483931936323643, 813821.854838708415627 ], [ 448511.985532862134278, 813811.680038224905729 ] ] } },
{ "type": "Feature", "properties": { "OBJECTID": 393, "Name": null, "ClassID": 0, "Surface": "GRAVEL", "Width": 10.0, "Shape_Leng": 1144.3469961400001 }, "geometry": { "type": "LineString", "coordinates": [ [ 446028.492114902473986, 814206.800556991249323 ], [ 446064.10391659475863, 814178.819855663925409 ], [ 446105.650918567553163, 814147.44765417277813 ], [ 446134.479419937357306, 814114.379652602598071 ], [ 446177.722221991047263, 814077.072150830179453 ], [ 446226.052424286492169, 814064.353650227189064 ], [ 446295.580027588643134, 814065.201550265774131 ], [ 446355.780830448493361, 814072.832650629803538 ], [ 446423.612633669748902, 814078.767950911074877 ], [ 446449.049634878523648, 814081.311651032418013 ], [ 446476.182336167432368, 814063.505750186741352 ], [ 446505.858737576752901, 814040.612549098208547 ], [ 446547.405739549547434, 814006.696547487750649 ], [ 446573.690640798769891, 813983.803346401080489 ], [ 446609.302342490293086, 813975.324345998466015 ], [ 446662.71994502749294, 813968.541145674884319 ], [ 446705.114847040735185, 813960.062245272099972 ], [ 446751.749249255284667, 813950.735344829037786 ], [ 446800.927251591347158, 813935.473144104704261 ], [ 446839.930653444491327, 813908.340442815795541 ], [ 446885.71705561876297, 813854.922840278595686 ], [ 446911.154056826606393, 813839.660639554262161 ], [ 446945.917858478613198, 813823.550638789311051 ], [ 446978.985860048793256, 813793.874137379229069 ], [ 447001.879161136224866, 813775.220436492934823 ], [ 447023.076562142930925, 813775.220436492934823 ] ] } },
{ "type": "Feature", "properties": { "OBJECTID": 394, "Name": null, "ClassID": 0, "Surface": "GRAVEL", "Width": 5.0, "Shape_Leng": 204.629555595 }, "geometry": { "type": "LineString", "coordinates": [ [ 446335.431229481473565, 814070.288950508460402 ], [ 446358.324530568905175, 814082.159551072865725 ], [ 446382.06563169695437, 814092.334251554682851 ], [ 446391.392532140016556, 814110.988052440807223 ], [ 446399.023632502183318, 814133.033453488722444 ], [ 446400.719432583078742, 814156.774554615840316 ], [ 446399.87153254263103, 814185.60305598564446 ], [ 446400.719432583078742, 814209.344257112592459 ], [ 446402.415232663042843, 814227.997957998886704 ], [ 446407.502632904797792, 814240.716458603739738 ] ] } },
{ "type": "Feature", "properties": { "OBJECTID": 395, "Name": null, "ClassID": 0, "Surface": "PAVED", "Width": 10.0, "Shape_Leng": 5835.7357002 }, "geometry": { "type": "LineString", "coordinates": [ [ 447023.076562142930925, 813775.220436492934823 ], [ 447049.36146339122206, 813787.091037057340145 ], [ 447072.254664478823543, 813816.767438465729356 ], [ 447067.167264237068594, 813872.728741124272346 ], [ 447065.471464157104492, 813902.405142534524202 ], [ 447079.037864801473916, 813918.515243299305439 ], [ 447121.43276681471616, 813952.431144909933209 ], [ 447134.151267418637872, 813987.194946561008692 ], [ 447151.109168224036694, 814029.589848574250937 ], [ 447178.24196951277554, 814083.855351151898503 ], [ 447191.808270157314837, 814114.379652602598071 ], [ 447231.659472050145268, 814140.664453851059079 ], [ 447288.468674748204648, 814141.512353891506791 ], [ 447330.863576762378216, 814142.360253931954503 ], [ 447366.47527845390141, 814144.056054012849927 ], [ 447394.455979783087969, 814130.489753367379308 ], [ 447441.090281997807324, 814100.813251957297325 ], [ 447464.831483125686646, 814070.288950508460402 ], [ 447479.245783809572458, 814032.133548695594072 ], [ 447491.116284374147654, 813984.651246441528201 ], [ 447509.770085259340703, 813951.583244869485497 ], [ 447533.511186387389898, 813935.473144104704261 ], [ 447567.427187998779118, 813918.515243299305439 ], [ 447606.430489851161838, 813906.644642734900117 ], [ 447669.174892830662429, 813887.142941808328032 ], [ 447709.873994763940573, 813871.032941043376923 ], [ 447737.854696093127131, 813842.204339675605297 ], [ 447768.378997542895377, 813807.44053802266717 ], [ 447801.446999114006758, 813766.741436090320349 ], [ 447824.340300201438367, 813735.369234601035714 ], [ 447830.275500482879579, 813717.563333755359054 ], [ 447832.819200604222715, 813686.191132264211774 ], [ 447822.644500120542943, 813664.993631258606911 ], [ 447820.10080000013113, 813636.165129888802767 ], [ 447827.731800362467766, 813612.424028761684895 ], [ 447844.689801167696714, 813583.595427392050624 ], [ 447862.495702013373375, 813559.00642622448504 ], [ 447882.845202979631722, 813539.504725297912955 ], [ 447932.871205355972052, 813535.265225095674396 ], [ 447970.17870712839067, 813532.721624976024032 ], [ 448027.835809866897762, 813527.63422473333776 ], [ 448058.360111316666007, 813525.090524611994624 ], [ 448087.188612685538828, 813508.980423847213387 ], [ 448126.191914537921548, 813486.087222760543227 ], [ 448160.107916149310768, 813464.889721753075719 ], [ 448203.350718203000724, 813441.148620625957847 ], [ 448238.114519854076207, 813412.320019256323576 ], [ 448276.269921666942537, 813379.252017686143517 ], [ 448311.033723318018019, 813344.488216035068035 ], [ 448353.428625331260264, 813318.203414786607027 ], [ 448412.78152815066278, 813288.526913376525044 ], [ 448466.199130687862635, 813261.394212087616324 ], [ 448512.83343290258199, 813233.413610758259892 ], [ 448549.293134634383023, 813218.99931007437408 ], [ 448621.364438057877123, 813191.86660878546536 ], [ 448677.325740715488791, 813157.102707134559751 ], [ 448734.982743454165757, 813111.316204959526658 ], [ 448760.41974466200918, 813098.597804354503751 ], [ 448792.639846192672849, 813085.879303751513362 ], [ 448844.361648649908602, 813081.639803549274802 ], [ 448905.410251549445093, 813070.617103027179837 ], [ 448926.607752555981278, 813070.617103027179837 ], [ 448977.48165497276932, 813085.03140371106565 ], [ 449041.073957992717624, 813109.620404878631234 ], [ 449095.339460570365191, 813132.513705966994166 ], [ 449166.562863953411579, 813163.038007415831089 ], [ 449199.630865523591638, 813177.452308101579547 ], [ 449232.698967094533145, 813203.737109350040555 ], [ 449261.527468463405967, 813225.78251039609313 ], [ 449292.899669953621924, 813246.1320113632828 ], [ 449320.880371282808483, 813253.763111725449562 ], [ 449359.883673135191202, 813259.698412006720901 ], [ 449409.06177547108382, 813265.633712289854884 ], [ 449460.783477927558124, 813272.416912611573935 ], [ 449489.612079297192395, 813278.352112893015146 ], [ 449515.048980505205691, 813291.07061349786818 ], [ 449545.573281954973936, 813319.051314827054739 ], [ 449567.618683001957834, 813336.857115672901273 ], [ 449601.534584613516927, 813343.640315994620323 ], [ 449629.515185941942036, 813353.815116478130221 ], [ 449688.02018872089684, 813377.556217605248094 ], [ 449737.198291056789458, 813415.711619418114424 ], [ 449763.483092305250466, 813433.517520263791084 ], [ 449811.813294600695372, 813462.346021631732583 ], [ 449859.295596856623888, 813495.414023203775287 ], [ 449908.473699192516506, 813522.546824492514133 ], [ 449958.499701567925513, 813563.245926424860954 ], [ 450005.134103783406317, 813612.424028761684895 ], [ 450049.224805877543986, 813661.60213109664619 ], [ 450091.619707890786231, 813698.909632869064808 ], [ 450118.752409179694951, 813709.932233391329646 ], [ 450152.668310790322721, 813714.171733593568206 ], [ 450195.911112844944, 813712.475933512672782 ], [ 450240.849714979529381, 813703.149133069440722 ], [ 450277.309316710568964, 813686.191132264211774 ], [ 450303.594217958860099, 813664.993631258606911 ], [ 450330.726919247768819, 813630.229829605668783 ], [ 450358.707520577125251, 813593.770227875560522 ], [ 450373.121821261942387, 813568.333326665684581 ], [ 450400.254522550851107, 813520.003124371170998 ], [ 450418.060423396527767, 813495.414023203775287 ], [ 450436.714224281720817, 813484.391422679647803 ], [ 450476.565426174551249, 813478.456122398376465 ], [ 450508.785527705214918, 813476.760322317481041 ], [ 450545.245129437185824, 813460.650221552699804 ], [ 450590.183731571771204, 813437.757020464166999 ], [ 450620.70803302153945, 813422.494819739833474 ], [ 450659.711334873922169, 813419.103219578042626 ], [ 450691.083636363968253, 813428.430120021104813 ], [ 450720.760037773288786, 813447.931820947676897 ], [ 450740.261638700030744, 813488.630922880023718 ], [ 450760.611239666119218, 813524.242624571546912 ], [ 450789.439741035923362, 813547.135825660079718 ], [ 450829.290942928753793, 813574.268626948818564 ], [ 450898.818646230734885, 813607.336628518998623 ], [ 450936.974048043601215, 813616.663528962060809 ], [ 450967.49834949336946, 813609.880328640341759 ], [ 450991.239550620317459, 813597.161828035488725 ], [ 451019.220151949673891, 813583.595427392050624 ], [ 451059.919253882952034, 813578.508027149364352 ], [ 451114.184756460599601, 813570.029126746580005 ], [ 451144.709057910367846, 813575.964427029713988 ], [ 451167.602258997038007, 813608.184528559446335 ], [ 451187.951859964057803, 813642.948330210521817 ], [ 451195.582960326224566, 813668.385231418535113 ], [ 451215.932461293414235, 813695.51803270727396 ], [ 451244.761062662117183, 813703.149133069440722 ], [ 451269.35006383061409, 813698.061732828617096 ], [ 451290.547564837150276, 813672.624731620773673 ], [ 451319.376066206023097, 813650.57943057268858 ], [ 451343.965067374520004, 813640.404630089178681 ], [ 451372.793668743222952, 813628.534029526636004 ], [ 451388.903669509105384, 813612.424028761684895 ], [ 451398.230569952167571, 813592.92232783511281 ], [ 451408.405370434746146, 813570.029126746580005 ], [ 451423.667471160180867, 813553.071125941351056 ], [ 451452.496072528883815, 813546.287925619632006 ], [ 451492.347274421714246, 813555.614826062694192 ], [ 451539.829576677642763, 813562.398026384413242 ], [ 451579.680778570473194, 813564.093826465308666 ], [ 451600.030279536731541, 813561.55012634396553 ] ] } },
{ "type": "Feature", "properties": { "OBJECTID": 396, "Name": null, "ClassID": 0, "Surface": "GRAVEL", "Width": 5.0, "Shape_Leng": 191.35202410700001 }, "geometry": { "type": "LineString", "coordinates": [ [ 447352.061077768914402, 814144.903954051434994 ], [ 447347.821577567607164, 814186.450956026092172 ], [ 447341.886277285404503, 814235.629058361053467 ], [ 447342.734177325852215, 814270.392860012128949 ], [ 447345.277877447195351, 814304.308861624449492 ], [ 447352.061077768914402, 814334.833163073286414 ] ] } },
{ "type": "Feature", "properties": { "OBJECTID": 397, "Name": null, "ClassID": 0, "Surface": "PAVED", "Width": 8.0, "Shape_Leng": 352.56529332000002 }, "geometry": { "type": "LineString", "coordinates": [ [ 451551.741877242922783, 813700.832732960581779 ], [ 451579.523178562521935, 813708.7702333368361 ], [ 451602.541979655623436, 813706.389033224433661 ], [ 451618.416980409994721, 813674.638931715860963 ], [ 451621.592080560512841, 813647.651430433616042 ], [ 451617.623280372470617, 813613.520128812640905 ], [ 451604.923279768787324, 813580.182527229189873 ], [ 451600.030279536731541, 813561.55012634396553 ], [ 451595.398279316723347, 813532.557424968108535 ], [ 451581.904478675685823, 813495.251123195514083 ], [ 451574.760678336024284, 813450.007221046835184 ], [ 451589.841979052871466, 813419.844719612970948 ] ] } },
{ "type": "Feature", "properties": { "OBJECTID": 398, "Name": null, "ClassID": 0, "Surface": "GRAVEL", "Width": 7.0, "Shape_Leng": 649.97639657699995 }, "geometry": { "type": "LineString", "coordinates": [ [ 451589.841979052871466, 813419.844719612970948 ], [ 451635.879581239074469, 813418.257219538092613 ], [ 451657.310882257297635, 813411.907219236716628 ], [ 451650.167081917636096, 813369.044617200270295 ], [ 451642.229581541381776, 813331.738315429538488 ], [ 451644.610781653784215, 813311.894514486193657 ], [ 451642.229581541381776, 813288.875713393092155 ], [ 451634.292081164196134, 813226.96301045268774 ], [ 451629.529580937698483, 813200.769209207966924 ], [ 451622.385780598968267, 813175.369208002462983 ], [ 451612.066980108618736, 813146.000406606122851 ], [ 451608.098279919475317, 813128.537905776873231 ], [ 451612.860780145972967, 813104.725304646417499 ], [ 451622.385780598968267, 813077.737803364172578 ], [ 451645.404581692069769, 813072.181503100320697 ], [ 451682.710883463732898, 813080.912803515791893 ], [ 451717.635985122993588, 813088.056503854691982 ], [ 451748.592286593280733, 813091.231504006311297 ], [ 451779.548588063567877, 813090.437803966924548 ], [ 451817.648689872585237, 813097.581504307687283 ], [ 451855.74879168253392, 813112.662805022671819 ] ] } },
{ "type": "Feature", "properties": { "OBJECTID": 399, "Name": null, "ClassID": 0, "Surface": "GRAVEL", "Width": 5.0, "Shape_Leng": 148.42029585 }, "geometry": { "type": "LineString", "coordinates": [ [ 451651.754581993445754, 813413.494719311594963 ], [ 451677.154683199711144, 813429.369720065966249 ], [ 451716.842185084708035, 813456.357221348211169 ], [ 451747.004786517471075, 813475.407322252169251 ], [ 451771.611087686382234, 813500.013623422011733 ] ] } },
{ "type": "Feature", "properties": { "OBJECTID": 400, "Name": null, "ClassID": 0, "Surface": "DIRT", "Width": 4.0, "Shape_Leng": 111.317979493 }, "geometry": { "type": "LineString", "coordinates": [ [ 451600.030279536731541, 813561.55012634396553 ], [ 451605.716979807242751, 813554.782426023855805 ], [ 451636.673281277529895, 813553.988725984469056 ], [ 451662.867082521319389, 813543.66992549598217 ], [ 451689.854683803394437, 813538.90742526948452 ], [ 451705.7296845568344, 813537.31992519274354 ] ] } },
{ "type": "Feature", "properties": { "OBJECTID": 401, "Name": null, "ClassID": 0, "Surface": "DIRT", "Width": 4.0, "Shape_Leng": 141.34761916 }, "geometry": { "type": "LineString", "coordinates": [ [ 451436.647871776483953, 813551.60742587223649 ], [ 451440.616671964526176, 813533.351125005632639 ], [ 451442.204172040335834, 813520.651124401018023 ], [ 451444.585472153499722, 813508.744823835790157 ], [ 451440.616671964526176, 813492.869823081418872 ], [ 451423.154171135276556, 813481.757322553545237 ], [ 451416.01037079654634, 813473.026022139936686 ], [ 451421.566671060398221, 813461.91352161206305 ], [ 451423.94787117280066, 813452.38852115906775 ], [ 451427.122871324419975, 813442.863520707935095 ], [ 451420.772871022112668, 813426.988419953733683 ] ] } },
{ "type": "Feature", "properties": { "OBJECTID": 402, "Name": null, "ClassID": 0, "Surface": "DIRT", "Width": 5.0, "Shape_Leng": 330.28688895 }, "geometry": { "type": "LineString", "coordinates": [ [ 451221.541261559352279, 813697.657732808962464 ], [ 451223.92246167268604, 813724.645334091037512 ], [ 451215.191261257976294, 813761.951635863631964 ], [ 451198.522460466250777, 813793.701737370342016 ], [ 451191.378660126589239, 813821.483038689941168 ], [ 451195.347460315562785, 813854.02684023603797 ], [ 451211.222461069002748, 813861.964340614154935 ], [ 451234.241262163035572, 813859.583040500059724 ], [ 451246.941262765787542, 813857.201840387657285 ], [ 451266.785063708201051, 813863.55184068903327 ], [ 451279.485064311884344, 813869.108140952885151 ], [ 451300.916365329176188, 813869.901840990409255 ], [ 451322.347666347399354, 813871.48934106528759 ], [ 451343.77896736562252, 813875.458141254261136 ], [ 451357.272768006660044, 813880.220641480758786 ] ] } },
{ "type": "Feature", "properties": { "OBJECTID": 403, "Name": null, "ClassID": 0, "Surface": "DIRT", "Width": 4.0, "Shape_Leng": 768.22518526399995 }, "geometry": { "type": "LineString", "coordinates": [ [ 451208.841160955838859, 813861.170540574938059 ], [ 451167.566158995963633, 813881.808141555637121 ], [ 451125.497256997972727, 813911.176942950114608 ], [ 451094.540955527685583, 813950.864544834941626 ], [ 451072.315954471938312, 813984.995846457779408 ], [ 451050.884653453715146, 814022.302148228511214 ], [ 451036.597152775153518, 814054.052249737083912 ], [ 451031.040852511301637, 814099.296051885932684 ], [ 451031.040852511301637, 814131.046153394505382 ], [ 451026.278352284803987, 814233.440058257430792 ], [ 451017.547051870264113, 814271.540160067379475 ], [ 451061.997153981588781, 814279.477660443633795 ], [ 451112.797256394289434, 814285.82766074500978 ], [ 451115.972256544977427, 814261.221359577029943 ], [ 451118.353556658141315, 814244.552558785304427 ], [ 451100.890955829061568, 814220.740057654678822 ], [ 451083.428454999811947, 814185.814955994486809 ], [ 451053.265853567048907, 814153.271154450252652 ], [ 451031.040852511301637, 814130.252353357151151 ] ] } },
{ "type": "Feature", "properties": { "OBJECTID": 404, "Name": null, "ClassID": 0, "Surface": "DIRT", "Width": 4.0, "Shape_Leng": 322.16173183500001 }, "geometry": { "type": "LineString", "coordinates": [ [ 450618.290032906457782, 813425.400919876992702 ], [ 450621.465033057145774, 813415.082219388335943 ], [ 450636.546333773992956, 813401.588418746367097 ], [ 450639.721333924680948, 813384.919617954641581 ], [ 450634.958833698183298, 813369.044617200270295 ], [ 450630.196333471685648, 813350.788316333666444 ], [ 450620.671233019791543, 813334.119515541940928 ], [ 450600.827532077208161, 813301.575713995844126 ], [ 450585.74623136036098, 813286.49441328085959 ], [ 450573.04623075760901, 813274.588112713769078 ], [ 450563.521130304783583, 813257.919411921873689 ], [ 450566.696130456402898, 813228.550610527396202 ], [ 450562.727430267259479, 813211.881809735670686 ], [ 450554.789929890073836, 813197.594209058210254 ], [ 450546.058629475533962, 813182.513008341193199 ], [ 450511.927327854558825, 813156.319207096472383 ] ] } },
{ "type": "Feature", "properties": { "OBJECTID": 405, "Name": null, "ClassID": 0, "Surface": "GRAVEL", "Width": 6.0, "Shape_Leng": 434.36213798599999 }, "geometry": { "type": "LineString", "coordinates": [ [ 450374.608321332372725, 813569.070026701316237 ], [ 450419.852123481221497, 813582.563727341592312 ], [ 450452.395925027318299, 813593.676327871158719 ], [ 450480.971026384271681, 813601.613828247413039 ], [ 450511.927327854558825, 813600.820028210058808 ], [ 450539.708629174157977, 813592.088827794417739 ], [ 450575.427430870942771, 813584.945027455687523 ], [ 450597.652531926520169, 813594.470027908682823 ], [ 450624.640033207833767, 813607.963828548789024 ], [ 450643.690034112893045, 813641.301430132240057 ], [ 450660.358834904618561, 813670.670231526717544 ], [ 450677.821435733698308, 813694.482732659205794 ], [ 450696.871436638757586, 813727.820334242656827 ], [ 450707.983937166631222, 813757.982835674658418 ] ] } },
{ "type": "Feature", "properties": { "OBJECTID": 406, "Name": null, "ClassID": 0, "Surface": "DIRT", "Width": 4.0, "Shape_Leng": 295.74037912699998 }, "geometry": { "type": "LineString", "coordinates": [ [ 450374.608321332372725, 813569.070026701316237 ], [ 450357.939520540647209, 813547.638725683093071 ], [ 450355.55822042748332, 813522.238624477759004 ], [ 450344.445719899609685, 813513.507424062117934 ], [ 450333.33321937173605, 813497.632323307916522 ], [ 450331.745719296857715, 813484.932322705164552 ], [ 450330.951919258572161, 813474.613522214815021 ], [ 450326.983219070360065, 813462.707321649417281 ], [ 450318.251918655820191, 813445.244720820337534 ], [ 450309.520618240348995, 813435.719720367342234 ], [ 450300.789417825639248, 813426.988419953733683 ], [ 450296.820617637597024, 813417.463419500738382 ], [ 450298.408117713406682, 813403.175918821245432 ], [ 450303.964417977258563, 813391.269618256017566 ], [ 450304.758118014782667, 813377.775817615911365 ], [ 450303.17061793897301, 813360.313316786661744 ], [ 450296.820617637597024, 813346.819516144692898 ], [ 450295.233117561787367, 813326.975715203210711 ], [ 450294.439417524263263, 813315.863214675337076 ], [ 450290.470617336221039, 813305.544514184817672 ], [ 450290.470617336221039, 813302.36941403336823 ] ] } },
{ "type": "Feature", "properties": { "OBJECTID": 407, "Name": null, "ClassID": 0, "Surface": "DIRT", "Width": 5.0, "Shape_Leng": 490.26709972700002 }, "geometry": { "type": "LineString", "coordinates": [ [ 450365.083320880308747, 813579.388727191835642 ], [ 450343.652019862085581, 813589.707527682185173 ], [ 450322.220718843862414, 813596.057527983561158 ], [ 450293.645617486909032, 813596.851328020915389 ], [ 450266.658116204664111, 813598.438828095793724 ], [ 450248.40181533806026, 813600.026328172534704 ], [ 450219.033013942651451, 813602.407528284937143 ], [ 450199.982913037762046, 813593.676327871158719 ], [ 450184.901612321846187, 813586.532527530565858 ], [ 450172.201611718162894, 813583.357527380809188 ], [ 450154.739110888913274, 813580.182527229189873 ], [ 450143.626610361039639, 813576.213727040216327 ], [ 450118.226509154774249, 813563.513726437464356 ], [ 450103.14520843885839, 813553.988725984469056 ], [ 450083.301507496275008, 813540.494925344362855 ], [ 450067.426406742073596, 813531.763624928891659 ], [ 450049.170105874538422, 813527.001124704256654 ], [ 450028.532604894600809, 813522.238624477759004 ], [ 449999.957503537647426, 813519.857424363493919 ], [ 449976.145002406090498, 813517.476124251261353 ], [ 449951.538701237179339, 813516.682424213737249 ], [ 449936.45740052126348, 813515.094924136996269 ], [ 449918.99489969201386, 813514.301124099642038 ], [ 449907.882399164140224, 813513.507424062117934 ], [ 449898.357298711314797, 813519.063624326139688 ] ] } },
{ "type": "Feature", "properties": { "OBJECTID": 408, "Name": null, "ClassID": 0, "Surface": "DIRT", "Width": 4.0, "Shape_Leng": 169.39228349300001 }, "geometry": { "type": "LineString", "coordinates": [ [ 450360.32072065398097, 813591.295027757063508 ], [ 450374.608321332372725, 813613.520128812640905 ], [ 450392.864622198976576, 813619.870129114016891 ], [ 450405.564622802659869, 813631.77632967941463 ], [ 450415.883323293179274, 813639.713930057361722 ], [ 450422.233423594385386, 813658.763930961489677 ], [ 450426.995923820883036, 813668.288931414484978 ], [ 450432.55212408490479, 813681.782732054591179 ], [ 450430.170923971571028, 813691.307732507586479 ], [ 450410.327123029157519, 813695.276532696560025 ], [ 450393.658322237432003, 813701.62653299793601 ] ] } },
{ "type": "Feature", "properties": { "OBJECTID": 409, "Name": null, "ClassID": 0, "Surface": "DIRT", "Width": 4.0, "Shape_Leng": 156.20499081400001 }, "geometry": { "type": "LineString", "coordinates": [ [ 450290.470617336221039, 813680.195231979712844 ], [ 450295.233117561787367, 813692.895232582464814 ], [ 450306.345618089661002, 813707.976533299311996 ], [ 450313.489418429322541, 813727.026534203439951 ], [ 450319.839418730698526, 813746.870335146784782 ], [ 450315.870718542486429, 813761.157835824415088 ], [ 450313.489418429322541, 813780.207936730235815 ], [ 450312.69561839196831, 813796.876737521961331 ], [ 450313.489418429322541, 813808.782938087359071 ], [ 450319.839418730698526, 813827.833038991317153 ] ] } },
{ "type": "Feature", "properties": { "OBJECTID": 410, "Name": null, "ClassID": 0, "Surface": "DIRT", "Width": 6.0, "Shape_Leng": 299.27466548500001 }, "geometry": { "type": "LineString", "coordinates": [ [ 450105.526508552022278, 813704.80153314769268 ], [ 450107.907708664424717, 813722.264033978804946 ], [ 450112.670308890752494, 813734.170334544032812 ], [ 450119.020309192128479, 813750.045335296541452 ], [ 450121.401509305462241, 813766.714136088266969 ], [ 450113.464008928276598, 813781.001636767759919 ], [ 450094.414008024148643, 813787.351637069135904 ], [ 450074.570207080803812, 813788.939137144014239 ], [ 450057.107606251724064, 813791.32043725810945 ], [ 450038.057605346664786, 813796.0829374846071 ], [ 450016.626304329372942, 813800.845437711104751 ], [ 449995.988803348504007, 813805.607937935739756 ], [ 449972.970002255402505, 813812.751738276332617 ], [ 449955.507501426152885, 813818.308038540184498 ], [ 449937.251200558617711, 813827.039238953962922 ], [ 449922.169899842701852, 813838.151739481836557 ], [ 449911.057399314828217, 813844.501839783042669 ], [ 449907.088599125854671, 813844.501839783042669 ] ] } },
{ "type": "Feature", "properties": { "OBJECTID": 411, "Name": null, "ClassID": 0, "Surface": "GRAVEL", "Width": 7.0, "Shape_Leng": 1098.4130238800001 }, "geometry": { "type": "LineString", "coordinates": [ [ 449692.775688947178423, 813380.950817765668035 ], [ 449685.631888607516885, 813406.350918972864747 ], [ 449671.344387928955257, 813445.244720820337534 ], [ 449649.119386873207986, 813489.694822931662202 ], [ 449632.45058608148247, 813528.588624779134989 ], [ 449615.781785289756954, 813567.482526626437902 ], [ 449598.319284460507333, 813600.820028210058808 ], [ 449581.650483668781817, 813636.53882990591228 ], [ 449579.269183555617929, 813673.845231678336859 ], [ 449590.381684083491564, 813711.945233488455415 ], [ 449597.525484423153102, 813756.395335599780083 ], [ 449605.462984799407423, 813784.176636919379234 ], [ 449595.937984347343445, 813823.070538766682148 ], [ 449591.175484120845795, 813862.758040651679039 ], [ 449577.681683480739594, 813898.476942347362638 ], [ 449557.837882537394762, 813941.339444383978844 ], [ 449534.025381406769156, 813999.283347135409713 ], [ 449514.181580464355648, 814055.639749811962247 ], [ 449499.89407978579402, 814094.533551659435034 ], [ 449498.306579709984362, 814142.158653922379017 ], [ 449522.912880878895521, 814174.702455468475819 ], [ 449556.250382462516427, 814196.927456522360444 ], [ 449593.556684234179556, 814208.833757089450955 ], [ 449640.388086458668113, 814213.59625731408596 ], [ 449676.900688192807138, 814226.296257918700576 ], [ 449728.494490643963218, 814239.790058558806777 ], [ 449760.244592151604593, 814245.346358822658658 ] ] } },
{ "type": "Feature", "properties": { "OBJECTID": 412, "Name": null, "ClassID": 0, "Surface": "DIRT", "Width": 4.0, "Shape_Leng": 290.29803576500001 }, "geometry": { "type": "LineString", "coordinates": [ [ 449502.275279899127781, 814146.127354109659791 ], [ 449482.43147895578295, 814161.208654826506972 ], [ 449466.556478202342987, 814169.939955241978168 ], [ 449436.393876769579947, 814162.796154901385307 ], [ 449403.056375185959041, 814151.683654373511672 ], [ 449386.387574394233525, 814148.508654223755002 ], [ 449368.131273527629673, 814160.414954788982868 ], [ 449356.224972961470485, 814197.72125656157732 ], [ 449361.781273225322366, 814223.915057804435492 ], [ 449372.893773753196001, 814240.583858596161008 ], [ 449387.181274431757629, 814246.140058860182762 ], [ 449409.406375487335026, 814243.758858747780323 ], [ 449426.868876317515969, 814239.790058558806777 ], [ 449427.6626763548702, 814239.790058558806777 ] ] } },
{ "type": "Feature", "properties": { "OBJECTID": 413, "Name": null, "ClassID": 0, "Surface": "GRAVEL", "Width": 6.0, "Shape_Leng": 171.13245201399999 }, "geometry": { "type": "LineString", "coordinates": [ [ 449576.887983442284167, 813900.064442422240973 ], [ 449609.431784988380969, 813902.445642536506057 ], [ 449637.21308630798012, 813904.826942648738623 ], [ 449659.438087363727391, 813904.826942648738623 ], [ 449668.963087815791368, 813904.826942648738623 ], [ 449674.51938807964325, 813890.539341971278191 ], [ 449683.250688494183123, 813867.520540876314044 ], [ 449687.219388683326542, 813847.676839934661984 ], [ 449691.188188871368766, 813829.420539068058133 ] ] } },
{ "type": "Feature", "properties": { "OBJECTID": 414, "Name": null, "ClassID": 0, "Surface": "GRAVEL", "Width": 6.0, "Shape_Leng": 154.13668260899999 }, "geometry": { "type": "LineString", "coordinates": [ [ 449668.169387778267264, 813905.620642686262727 ], [ 449661.025587438605726, 813926.258243666961789 ], [ 449649.91308691073209, 813950.864544834941626 ], [ 449639.594286421313882, 813976.264546042308211 ], [ 449628.481785893440247, 813998.489647097885609 ], [ 449620.544285516254604, 814021.508348191156983 ], [ 449613.400485176593065, 814049.289749510586262 ] ] } },
{ "type": "Feature", "properties": { "OBJECTID": 415, "Name": null, "ClassID": 0, "Surface": "GRAVEL", "Width": 6.0, "Shape_Leng": 129.42400587500001 }, "geometry": { "type": "LineString", "coordinates": [ [ 449652.294387023895979, 813944.514444533735514 ], [ 449679.2818883061409, 813948.48324472270906 ], [ 449706.269489588215947, 813950.864544834941626 ], [ 449715.000690002925694, 813952.452044911682606 ], [ 449717.381990116089582, 813958.802045213058591 ], [ 449708.650689700618386, 813973.883345929905772 ], [ 449703.888189475052059, 813989.758346682414412 ], [ 449701.506989361718297, 813997.695847060531378 ], [ 449696.74438913539052, 814008.808347588405013 ], [ 449695.156889060512185, 814013.570847814902663 ] ] } },
{ "type": "Feature", "properties": { "OBJECTID": 416, "Name": null, "ClassID": 0, "Surface": "GRAVEL", "Width": 6.0, "Shape_Leng": 127.15579878299999 }, "geometry": { "type": "LineString", "coordinates": [ [ 449717.381990116089582, 813955.627045061439276 ], [ 449725.319490492343903, 813934.195744043216109 ], [ 449733.256990869529545, 813914.351943101733923 ], [ 449739.60699117090553, 813898.476942347362638 ], [ 449745.956991473212838, 813884.983141707256436 ], [ 449750.719591699540615, 813867.520540876314044 ], [ 449753.894591850228608, 813849.264340009540319 ], [ 449753.894591850228608, 813834.976739332079887 ] ] } },
{ "type": "Feature", "properties": { "OBJECTID": 417, "Name": null, "ClassID": 0, "Surface": "GRAVEL", "Width": 6.0, "Shape_Leng": 90.730062297299995 }, "geometry": { "type": "LineString", "coordinates": [ [ 449717.381990116089582, 813955.627045061439276 ], [ 449769.769592603668571, 813960.389545287936926 ], [ 449782.469593207351863, 813960.389545287936926 ], [ 449776.119592905975878, 813972.295845853164792 ], [ 449775.325792867690325, 813984.202046418562531 ] ] } },
{ "type": "Feature", "properties": { "OBJECTID": 418, "Name": null, "ClassID": 0, "Surface": "GRAVEL", "Width": 6.0, "Shape_Leng": 81.970463351199996 }, "geometry": { "type": "LineString", "coordinates": [ [ 449783.263393244706094, 813959.595745250582695 ], [ 449790.407093584537506, 813936.576944157481194 ], [ 449798.344593960791826, 813918.320643290877342 ], [ 449803.90089422557503, 813900.858142459765077 ], [ 449808.663394451141357, 813881.808141555637121 ] ] } },
{ "type": "Feature", "properties": { "OBJECTID": 419, "Name": null, "ClassID": 0, "Surface": "GRAVEL", "Width": 6.0, "Shape_Leng": 40.032722119200002 }, "geometry": { "type": "LineString", "coordinates": [ [ 449783.263393244706094, 813959.595745250582695 ], [ 449803.107194187119603, 813965.94574555195868 ], [ 449819.775894979014993, 813966.739545589312911 ], [ 449818.982194941490889, 813964.358245477080345 ] ] } },
{ "type": "Feature", "properties": { "OBJECTID": 420, "Name": null, "ClassID": 0, "Surface": "GRAVEL", "Width": 6.0, "Shape_Leng": 160.947862187 }, "geometry": { "type": "LineString", "coordinates": [ [ 449605.462984799407423, 813781.79543680511415 ], [ 449649.91308691073209, 813782.589136842638254 ], [ 449684.838188569992781, 813784.176636919379234 ], [ 449722.938190379180014, 813785.764136994257569 ], [ 449754.688291887752712, 813788.145437106490135 ], [ 449765.800792415626347, 813791.32043725810945 ] ] } },
{ "type": "Feature", "properties": { "OBJECTID": 421, "Name": null, "ClassID": 0, "Surface": "GRAVEL", "Width": 6.0, "Shape_Leng": 99.591337121600006 }, "geometry": { "type": "LineString", "coordinates": [ [ 449691.98188890889287, 813783.382936879992485 ], [ 449691.188188871368766, 813764.332835976034403 ], [ 449693.569388984702528, 813752.426635410636663 ], [ 449711.825689852237701, 813753.220335448160768 ], [ 449740.400791209191084, 813754.807835523039103 ], [ 449761.83209222741425, 813756.395335599780083 ] ] } },
{ "type": "Feature", "properties": { "OBJECTID": 422, "Name": null, "ClassID": 0, "Surface": "GRAVEL", "Width": 6.0, "Shape_Leng": 163.18455401700001 }, "geometry": { "type": "LineString", "coordinates": [ [ 449599.774484530091286, 813592.485627813264728 ], [ 449566.701482959091663, 813590.501327719539404 ], [ 449536.935781545005739, 813584.548127437010407 ], [ 449487.987779219634831, 813579.917927216738462 ], [ 449448.300177334807813, 813571.318926807492971 ], [ 449438.37827686406672, 813571.318926807492971 ] ] } },
{ "type": "Feature", "properties": { "OBJECTID": 423, "Name": null, "ClassID": 0, "Surface": "GRAVEL", "Width": 6.0, "Shape_Leng": 184.18795333400001 }, "geometry": { "type": "LineString", "coordinates": [ [ 449650.045386916957796, 813485.990622755140066 ], [ 449621.602585566230118, 813477.391722347587347 ], [ 449570.67018314730376, 813465.485421782359481 ], [ 449521.060780790634453, 813456.225021341815591 ], [ 449486.664879157207906, 813454.24062124826014 ], [ 449469.466878340579569, 813455.563521310687065 ] ] } },
{ "type": "Feature", "properties": { "OBJECTID": 424, "Name": null, "ClassID": 0, "Surface": "DIRT", "Width": 5.0, "Shape_Leng": 235.01150925100001 }, "geometry": { "type": "LineString", "coordinates": [ [ 449784.983193326741457, 813446.303120870143175 ], [ 449782.998793232254684, 813459.532321499660611 ], [ 449788.290493483655155, 813479.376022441312671 ], [ 449792.259193671867251, 813497.235523289069533 ], [ 449785.644593358039856, 813519.063624326139688 ], [ 449769.108092572540045, 813528.985524797812104 ], [ 449752.571591787040234, 813537.58452520519495 ], [ 449728.759090656414628, 813543.537625489756465 ], [ 449714.868389996699989, 813545.522025583311915 ], [ 449701.639189368113875, 813542.876225456595421 ], [ 449677.165188205428421, 813535.6001251116395 ], [ 449657.321487262845039, 813519.063624326139688 ], [ 449640.784986477345228, 813510.464623918756843 ] ] } },
{ "type": "Feature", "properties": { "OBJECTID": 425, "Name": null, "ClassID": 0, "Surface": "PAVED", "Width": 5.0, "Shape_Leng": 122.303346831 }, "geometry": { "type": "LineString", "coordinates": [ [ 449383.477174255996943, 813263.740212198346853 ], [ 449392.076074664480984, 813282.922513110563159 ], [ 449410.596975544467568, 813306.073614209890366 ], [ 449428.456376392394304, 813323.933015057817101 ], [ 449451.607477491721511, 813347.084116157144308 ], [ 449462.190877994522452, 813355.683116566389799 ] ] } },
{ "type": "Feature", "properties": { "OBJECTID": 426, "Name": null, "ClassID": 0, "Surface": "GRAVEL", "Width": 5.0, "Shape_Leng": 259.766886097 }, "geometry": { "type": "LineString", "coordinates": [ [ 449462.190877994522452, 813355.683116566389799 ], [ 449473.435678528621793, 813371.558117320761085 ], [ 449469.466878340579569, 813396.032118482515216 ], [ 449471.451278435066342, 813419.844719612970948 ], [ 449471.451278435066342, 813448.94892099685967 ], [ 449469.466878340579569, 813455.563521310687065 ], [ 449459.544977868907154, 813468.792721938341856 ], [ 449431.763676549308002, 813470.115622000768781 ], [ 449400.675075072795153, 813468.13122190721333 ], [ 449372.232373721897602, 813468.13122190721333 ], [ 449354.372872874140739, 813462.178121624514461 ], [ 449336.513472025282681, 813450.271821059286594 ], [ 449329.898871711455286, 813441.011420618742704 ] ] } },
{ "type": "Feature", "properties": { "OBJECTID": 427, "Name": null, "ClassID": 0, "Surface": "GRAVEL", "Width": 6.0, "Shape_Leng": 268.04778963799998 }, "geometry": { "type": "LineString", "coordinates": [ [ 449469.466878340579569, 813455.563521310687065 ], [ 449483.357579000294209, 813459.532321499660611 ], [ 449487.326279188506305, 813470.777122033759952 ], [ 449486.003379126079381, 813497.896923320367932 ], [ 449482.034678936935961, 813514.433424105867743 ], [ 449463.5137780578807, 813518.40222429484129 ], [ 449448.300177334807813, 813509.141723854467273 ], [ 449423.826176172122359, 813500.542723447084427 ], [ 449401.9979751361534, 813496.574023257941008 ], [ 449381.49277416151017, 813495.912523226812482 ], [ 449358.341673062182963, 813495.251123195514083 ], [ 449335.852071993984282, 813493.266723101958632 ], [ 449306.086370579898357, 813491.943823037669063 ], [ 449290.211369826458395, 813490.620922975242138 ], [ 449289.549869794398546, 813490.620922975242138 ] ] } },
{ "type": "Feature", "properties": { "OBJECTID": 428, "Name": null, "ClassID": 0, "Surface": "DIRT", "Width": 5.0, "Shape_Leng": 298.599400968 }, "geometry": { "type": "LineString", "coordinates": [ [ 449584.560883807018399, 813683.767132150009274 ], [ 449549.503482141532004, 813683.767132150009274 ], [ 449526.352381042204797, 813688.397332368418574 ], [ 449515.107580508105457, 813693.027532588690519 ], [ 449497.248179660178721, 813696.996332777664065 ], [ 449476.081478654406965, 813690.38173246383667 ], [ 449464.836678120307624, 813681.782732054591179 ], [ 449445.654377209022641, 813678.475431898608804 ], [ 449425.810576266609132, 813674.506631709635258 ], [ 449409.935575513169169, 813672.522331615909934 ], [ 449396.706374884583056, 813677.813931867480278 ], [ 449386.78447441291064, 813686.412932274863124 ], [ 449368.925073564983904, 813697.657732808962464 ], [ 449352.388572779484093, 813704.27233312278986 ], [ 449340.482272214256227, 813704.933833153918386 ], [ 449329.898871711455286, 813706.256733218207955 ], [ 449317.331171113997698, 813713.53273356333375 ], [ 449304.101970486342907, 813715.5171336568892 ], [ 449304.101970486342907, 813716.178633688017726 ] ] } },
{ "type": "Feature", "properties": { "OBJECTID": 429, "Name": null, "ClassID": 0, "Surface": "DIRT", "Width": 4.0, "Shape_Leng": 238.158708628 }, "geometry": { "type": "LineString", "coordinates": [ [ 449540.904581733047962, 813980.762446256354451 ], [ 449515.107580508105457, 813973.486445911228657 ], [ 449498.571079722605646, 813966.871845595538616 ], [ 449479.388778811320662, 813958.27284518815577 ], [ 449468.80547830928117, 813950.335344810038805 ], [ 449466.159578183665872, 813937.106144182384014 ], [ 449456.899177743121982, 813932.475943962112069 ], [ 449432.42517658136785, 813933.798844024538994 ], [ 449410.596975544467568, 813934.460344057530165 ], [ 449380.831274130381644, 813934.460344057530165 ], [ 449360.326073156669736, 813943.059244465082884 ], [ 449351.727072748355567, 813956.288445092737675 ], [ 449345.773972465656698, 813967.533245626837015 ], [ 449342.466672307811677, 813975.470846004784107 ] ] } },
{ "type": "Feature", "properties": { "OBJECTID": 430, "Name": null, "ClassID": 0, "Surface": "GRAVEL", "Width": 13.0, "Shape_Leng": 123.912516647 }, "geometry": { "type": "LineString", "coordinates": [ [ 449160.565263668075204, 813163.198307422921062 ], [ 449177.101764453575015, 813148.646206732839346 ], [ 449183.716364768333733, 813126.818105695769191 ], [ 449184.377764799632132, 813104.989904658868909 ], [ 449190.992365113459527, 813074.562703214585781 ], [ 449194.961165302433074, 813048.76580198854208 ] ] } },
{ "type": "Feature", "properties": { "OBJECTID": 431, "Name": null, "ClassID": 0, "Surface": "GRAVEL", "Width": 8.0, "Shape_Leng": 113.68788130599999 }, "geometry": { "type": "LineString", "coordinates": [ [ 449172.471464233472943, 813154.599407015368342 ], [ 449189.007965018972754, 813155.922307077795267 ], [ 449212.820566150359809, 813164.521307487040758 ], [ 449246.554967752657831, 813185.026508459821343 ], [ 449268.383168789558113, 813208.839109592139721 ] ] } },
{ "type": "Feature", "properties": { "OBJECTID": 432, "Name": null, "ClassID": 0, "Surface": "GRAVEL", "Width": 6.0, "Shape_Leng": 1411.1930298299999 }, "geometry": { "type": "LineString", "coordinates": [ [ 448921.116852295584977, 813072.578403118997812 ], [ 448885.398050598800182, 813048.76580198854208 ], [ 448845.048948681913316, 813020.323100637644529 ], [ 448802.054146640002728, 813004.447999883443117 ], [ 448764.35094484873116, 812987.911499097943306 ], [ 448719.371642712503672, 812972.697998374700546 ], [ 448659.178839853964746, 812954.177097495645285 ], [ 448614.861037748865783, 812938.963496772572398 ], [ 448585.095336334779859, 812924.411396082490683 ], [ 448563.928635329939425, 812905.890495201572776 ], [ 448556.652534984052181, 812870.171693505719304 ], [ 448552.683834795840085, 812839.083092028275132 ], [ 448546.730634512379766, 812810.640390677377582 ], [ 448542.100434293039143, 812788.150689609348774 ], [ 448543.423334355466068, 812735.233987096697092 ], [ 448561.944235235452652, 812718.035986280068755 ], [ 448584.433836303651333, 812691.577585022896528 ], [ 448612.87663765437901, 812673.056784143671393 ], [ 448638.673538879491389, 812662.473383640870452 ], [ 448657.855939790606499, 812643.952482759952545 ], [ 448673.730940544977784, 812628.077482007443905 ], [ 448690.267441330477595, 812602.280580781400204 ], [ 448715.402842524461448, 812551.348178362473845 ], [ 448727.97064312081784, 812514.967876633629203 ], [ 448741.861243780702353, 812493.139675596728921 ], [ 448781.548845666460693, 812497.769975816830993 ], [ 448817.267647362314165, 812502.400176037102938 ], [ 448851.002148964442313, 812509.014776350930333 ], [ 448889.281950782984495, 812502.391576036810875 ], [ 448918.905452189967036, 812479.457274947315454 ], [ 448934.195052916184068, 812447.922573449090123 ], [ 448953.30695382412523, 812425.943872405216098 ], [ 448979.108055049553514, 812414.476771861314774 ], [ 449017.331856865435839, 812407.787571543827653 ], [ 449057.466958771459758, 812405.876371452584863 ], [ 449100.468760813586414, 812407.787571543827653 ], [ 449130.092262220568955, 812408.743171589449048 ], [ 449173.094064263626933, 812408.743171589449048 ], [ 449201.761965624988079, 812407.787571543827653 ], [ 449215.140266260132194, 812400.142771180719137 ] ] } },
{ "type": "Feature", "properties": { "OBJECTID": 433, "Name": null, "ClassID": 0, "Surface": "DIRT", "Width": 4.0, "Shape_Leng": 301.167042713 }, "geometry": { "type": "LineString", "coordinates": [ [ 449194.961165302433074, 813048.76580198854208 ], [ 449202.717565670609474, 813005.990699956193566 ], [ 449206.539865852333605, 812985.923199003562331 ], [ 449209.406665988266468, 812971.589298322796822 ], [ 449215.140266260132194, 812950.566197324544191 ], [ 449220.873866532929242, 812926.676296189427376 ], [ 449223.740666668862104, 812911.386695463210344 ], [ 449219.918266487307847, 812895.141594691202044 ], [ 449214.184666215442121, 812880.807594010606408 ], [ 449209.406665988266468, 812863.606893192976713 ], [ 449203.673165716230869, 812839.716992059722543 ], [ 449198.895165489055216, 812821.560691196471453 ], [ 449197.939565443433821, 812806.271190470084548 ], [ 449197.939565443433821, 812791.937189789488912 ], [ 449201.761965624988079, 812771.869688836857677 ], [ 449208.451065942645073, 812760.40248829126358 ], [ 449211.317866078577936, 812757.535788156092167 ] ] } },
{ "type": "Feature", "properties": { "OBJECTID": 434, "Name": null, "ClassID": 0, "Surface": "DIRT", "Width": 3.0, "Shape_Leng": 504.653387619 }, "geometry": { "type": "LineString", "coordinates": [ [ 448819.523447469808161, 812500.480375945568085 ], [ 448831.94624806009233, 812474.679274721071124 ], [ 448833.857448150403798, 812449.833773540332913 ], [ 448838.635448377579451, 812430.721872633323073 ], [ 448830.03504796884954, 812405.876371452584863 ], [ 448842.457748559303582, 812371.474869819357991 ], [ 448849.146948876790702, 812347.584968684241176 ], [ 448851.05814896710217, 812329.428667820990086 ], [ 448840.546648467890918, 812311.272366959601641 ], [ 448830.03504796884954, 812294.071666141971946 ], [ 448827.168247832916677, 812266.359364826232195 ], [ 448829.079447923228145, 812246.29186387360096 ], [ 448836.72424828633666, 812234.824663328006864 ], [ 448854.880549148656428, 812233.869063282385468 ], [ 448875.903650147840381, 812232.913463236764073 ], [ 448886.415250646881759, 812245.336263827979565 ], [ 448892.148750918917358, 812264.448164734989405 ], [ 448900.749151327647269, 812278.782065415754914 ], [ 448909.34955173637718, 812291.204866006970406 ], [ 448932.2838528258726, 812299.805166414007545 ], [ 448960.951754187233746, 812306.49436673335731 ], [ 448994.397555775940418, 812317.961567277088761 ], [ 449020.198657001368701, 812320.828367413952947 ] ] } },
{ "type": "Feature", "properties": { "OBJECTID": 435, "Name": null, "ClassID": 0, "Surface": "DIRT", "Width": 4.0, "Shape_Leng": 1490.62345084 }, "geometry": { "type": "LineString", "coordinates": [ [ 452281.605911909602582, 817038.319991482421756 ], [ 452266.03941117040813, 817069.452992960810661 ], [ 452248.52711033821106, 817125.881595641374588 ], [ 452248.52711033821106, 817154.420196997001767 ], [ 452256.310310708358884, 817173.878297921270132 ], [ 452262.796411016024649, 817181.661598291248083 ], [ 452262.147810985334218, 817206.957199491560459 ], [ 452268.633811294101179, 817214.091799831017852 ], [ 452293.929412495344877, 817213.44319980032742 ], [ 452315.333313511684537, 817206.957199491560459 ], [ 452340.628914712928236, 817206.957199491560459 ], [ 452372.410516222938895, 817204.362699368968606 ], [ 452397.706117424182594, 817195.282298937439919 ], [ 452419.110018440522254, 817184.904598444700241 ], [ 452462.566520504653454, 817167.392297612503171 ], [ 452487.862121706828475, 817159.60899724252522 ], [ 452520.292323246598244, 817152.474396904930472 ], [ 452566.991825465112925, 817145.988296596333385 ], [ 452601.367927097715437, 817138.20509622618556 ], [ 452623.420428144745529, 817125.881595641374588 ], [ 452638.986928884871304, 817117.449795240536332 ], [ 452651.310429469682276, 817113.558095056563616 ], [ 452696.06413159519434, 817118.098395271226764 ], [ 452731.088733258657157, 817122.63859548792243 ], [ 452755.735734430141747, 817127.827395733445883 ], [ 452805.678336801938713, 817139.502296287566423 ], [ 452843.297338589094579, 817121.341395424678922 ], [ 452869.890139851719141, 817103.829094594344497 ], [ 452908.806441700085998, 817085.668093731626868 ], [ 452958.748944072052836, 817062.318392621353269 ], [ 452976.909844934940338, 817055.832292314618826 ], [ 453002.854046166874468, 817064.264192715287209 ], [ 453040.473047954030335, 817075.290493238717318 ], [ 453065.120049124583602, 817076.587693300098181 ], [ 453088.469850233756006, 817082.425093576312065 ], [ 453107.279351127333939, 817092.802794069051743 ], [ 453139.060952636413276, 817100.585994439199567 ], [ 453153.978853344917297, 817100.585994439199567 ], [ 453182.517454700544477, 817091.505594007670879 ], [ 453202.624155655503273, 817085.668093731626868 ], [ 453222.730956611223519, 817057.129492375999689 ], [ 453246.080657719634473, 817017.564690496772528 ], [ 453265.538858643732965, 816992.917689325287938 ], [ 453283.699759506620467, 816974.756788462400436 ], [ 453318.724361170083284, 816948.812587231397629 ], [ 453347.911562556400895, 816942.975186953321099 ], [ 453377.747363973408937, 816941.029386861249804 ], [ 453397.205564897507429, 816962.433287877589464 ], [ 453404.988765267655253, 816986.431689018383622 ], [ 453416.015065791085362, 817007.18699000403285 ] ] } },
{ "type": "Feature", "properties": { "OBJECTID": 436, "Name": null, "ClassID": 0, "Surface": "DIRT", "Width": 4.0, "Shape_Leng": 586.59898494000004 }, "geometry": { "type": "LineString", "coordinates": [ [ 453147.657853045500815, 817104.220994612202048 ], [ 453182.826854715123773, 817145.062396552413702 ], [ 453206.651055847294629, 817175.693498006090522 ], [ 453244.08905762527138, 817188.172898599877954 ], [ 453272.451158972457051, 817206.324599461629987 ], [ 453305.351260535418987, 817234.686700809746981 ], [ 453343.923762367106974, 817258.510901940986514 ], [ 453372.285863714292645, 817278.931602910161018 ], [ 453377.958263983950019, 817293.679903611540794 ], [ 453387.034164414741099, 817327.714505227282643 ], [ 453388.168664468452334, 817352.673106413334608 ], [ 453384.765164307318628, 817384.438707921653986 ], [ 453375.689263875596225, 817407.128409000113606 ], [ 453370.016863606870174, 817434.356010293588042 ], [ 453372.285863714292645, 817455.911311317235231 ], [ 453385.899664361029863, 817479.735412448644638 ], [ 453404.051365222781897, 817493.349213095381856 ], [ 453423.337666139006615, 817499.021713364869356 ], [ 453447.161867271177471, 817502.425113525241613 ], [ 453461.910167971625924, 817517.173414226621389 ] ] } },
{ "type": "Feature", "properties": { "OBJECTID": 437, "Name": null, "ClassID": 0, "Surface": "DIRT", "Width": 7.0, "Shape_Leng": 214.27748371600001 }, "geometry": { "type": "LineString", "coordinates": [ [ 459659.739962352439761, 850155.680464472621679 ], [ 459726.798365537077188, 850119.27726274356246 ], [ 459851.335371452383697, 850059.882659921422601 ] ] } },
{ "type": "Feature", "properties": { "OBJECTID": 438, "Name": null, "ClassID": 0, "Surface": "DIRT", "Width": 3.0, "Shape_Leng": 332.76038113099997 }, "geometry": { "type": "LineString", "coordinates": [ [ 459747.045066499151289, 848084.206266082823277 ], [ 459707.910264640115201, 848080.066965885460377 ], [ 459684.20356351416558, 848076.680365724489093 ], [ 459661.249362424015999, 848069.154365368187428 ], [ 459635.284961191006005, 848057.865464830771089 ], [ 459612.33086010068655, 848046.952864313498139 ], [ 459592.763359171338379, 848038.298063902184367 ], [ 459572.443358206190169, 848032.653563633561134 ], [ 459564.917357848957181, 848019.48326300829649 ], [ 459566.798857937566936, 848008.946862507611513 ], [ 459588.624158974736929, 848001.797262167558074 ], [ 459609.320459957234561, 847996.152761900797486 ], [ 459628.887860886752605, 847993.142461758106947 ], [ 459655.604962156154215, 847987.497961489483714 ], [ 459679.311663282103837, 847981.100961185991764 ], [ 459686.084963603876531, 847978.843161078169942 ] ] } }
]
}
